#
# A fatal error has been detected by the Java Runtime Environment:
#
#  Internal Error (assembler_aarch64.hpp:267), pid=96211, tid=23555
#  guarantee(chk == -1 || chk == 0) failed: Field too big for insn
#
# JRE version: OpenJDK Runtime Environment JBR-17.0.9+8-1166.2-nomod (17.0.9+8) (build 17.0.9+8-b1166.2)
# Java VM: OpenJDK 64-Bit Server VM JBR-17.0.9+8-1166.2-nomod (17.0.9+8-b1166.2, mixed mode, tiered, compressed oops, compressed class ptrs, g1 gc, bsd-aarch64)
# No core dump will be written. Core dumps have been disabled. To enable core dumping, try "ulimit -c unlimited" before starting Java again
#
# If you would like to submit a bug report, please visit:
#   https://youtrack.jetbrains.com/issues/JBR
#

---------------  S U M M A R Y ------------

Command Line: --add-opens=java.base/java.lang=ALL-UNNAMED --add-opens=java.base/java.lang.invoke=ALL-UNNAMED --add-opens=java.base/java.util=ALL-UNNAMED --add-opens=java.prefs/java.util.prefs=ALL-UNNAMED --add-exports=jdk.compiler/com.sun.tools.javac.api=ALL-UNNAMED --add-exports=jdk.compiler/com.sun.tools.javac.util=ALL-UNNAMED --add-opens=java.base/java.util=ALL-UNNAMED --add-opens=java.prefs/java.util.prefs=ALL-UNNAMED --add-opens=java.base/java.nio.charset=ALL-UNNAMED --add-opens=java.base/java.net=ALL-UNNAMED --add-opens=java.base/java.util.concurrent.atomic=ALL-UNNAMED --add-opens=java.xml/javax.xml.namespace=ALL-UNNAMED -Xmx2048m -Dfile.encoding=UTF-8 -Duser.country=AR -Duser.language=en -Duser.variant -javaagent:/Users/gianfrancoscapin/.gradle/wrapper/dists/gradle-8.13-bin/5xuhj0ry160q40clulazy9h7d/gradle-8.13/lib/agents/gradle-instrumentation-agent-8.13.jar org.gradle.launcher.daemon.bootstrap.GradleDaemon 8.13

Host: "Mac15,6" arm64, 11 cores, 18G, Darwin 25.1.0, macOS 26.1 (25B78)
Time: Thu Feb 12 17:18:18 2026 -03 elapsed time: 3130.356135 seconds (0d 0h 52m 10s)

---------------  T H R E A D  ---------------

Current thread (0x000000014783fa00):  JavaThread "C1 CompilerThread0" daemon [_thread_in_native, id=23555, stack(0x000000016d0e0000,0x000000016d2e3000)]


Current CompileTask:
C1:3130356 62761 % !   3       org.jetbrains.uast.kotlin.FirKotlinUastResolveProviderService::getArgumentForParameter @ 2427 (2876 bytes)

Stack: [0x000000016d0e0000,0x000000016d2e3000],  sp=0x000000016d2e1910,  free space=2054k
Native frames: (J=compiled Java code, j=interpreted, Vv=VM code, C=native code)
V  [libjvm.dylib+0xa283f4]  VMError::report_and_die(int, char const*, char const*, char*, Thread*, unsigned char*, void*, void*, char const*, int, unsigned long)+0x490
V  [libjvm.dylib+0xa28b78]  VMError::report_and_die(Thread*, void*, char const*, int, char const*, char const*, char*)+0x40
V  [libjvm.dylib+0x2d1254]  report_vm_error(char const*, int, char const*, char const*, ...)+0x78
V  [libjvm.dylib+0x88c970]  Address::encode_pair(Instruction_aarch64*) const+0x128
V  [libjvm.dylib+0x88c7f4]  Assembler::ld_st1(int, int, int, int, RegisterImpl*, RegisterImpl*, Address, bool)+0x20c
V  [libjvm.dylib+0x1ab44c]  LIR_Assembler::osr_entry()+0x1e8
V  [libjvm.dylib+0x1a9310]  LIR_Assembler::emit_lir_list(LIR_List*)+0x9c
V  [libjvm.dylib+0x1a93b8]  LIR_Assembler::emit_code(BlockList*)+0x74
V  [libjvm.dylib+0x17b520]  Compilation::emit_code_body()+0xe0
V  [libjvm.dylib+0x17bbc8]  Compilation::compile_java_method()+0x354
V  [libjvm.dylib+0x17be00]  Compilation::compile_method()+0x124
V  [libjvm.dylib+0x17c194]  Compilation::Compilation(AbstractCompiler*, ciEnv*, ciMethod*, int, BufferBlob*, bool, DirectiveSet*)+0x19c
V  [libjvm.dylib+0x17d28c]  Compiler::compile_method(ciEnv*, ciMethod*, int, bool, DirectiveSet*)+0x5c
V  [libjvm.dylib+0x2abc70]  CompileBroker::invoke_compiler_on_method(CompileTask*)+0x838
V  [libjvm.dylib+0x2ab384]  CompileBroker::compiler_thread_loop()+0x558
V  [libjvm.dylib+0x9b8bc0]  JavaThread::thread_main_inner()+0x15c
V  [libjvm.dylib+0x9b71ec]  Thread::call_run()+0xe0
V  [libjvm.dylib+0x7e4430]  thread_native_entry(Thread*)+0x158
C  [libsystem_pthread.dylib+0x6c08]  _pthread_start+0x88


---------------  P R O C E S S  ---------------

Threads class SMR info:
_java_thread_list=0x0000600007573440, length=247, elements={
0x000000014600dc00, 0x000000014785c600, 0x000000014783f400, 0x000000014785d800,
0x00000001260bc200, 0x00000001260bea00, 0x00000001260bf000, 0x000000014783fa00,
0x000000014681e800, 0x00000001260fd000, 0x0000000146820a00, 0x0000000146a03e00,
0x00000001260be400, 0x0000000147c77800, 0x0000000126670000, 0x0000000126673400,
0x0000000126673a00, 0x000000012425d200, 0x0000000146dc6e00, 0x0000000144386600,
0x00000001443be200, 0x00000001450ab200, 0x0000000144fe0400, 0x0000000124568000,
0x0000000144ef0e00, 0x000000014785fa00, 0x0000000127050a00, 0x0000000127012e00,
0x00000001479ca000, 0x000000012700ae00, 0x0000000126c65800, 0x00000001266d5e00,
0x0000000126552600, 0x0000000166525200, 0x0000000166525800, 0x000000012700a800,
0x000000012700fc00, 0x0000000127010a00, 0x000000012461d200, 0x000000016622ec00,
0x000000016622f200, 0x000000016622f800, 0x0000000166228800, 0x0000000166228e00,
0x0000000166229400, 0x0000000124565000, 0x00000001243af600, 0x000000012425d800,
0x0000000126cf2600, 0x000000012501c800, 0x0000000125019e00, 0x0000000147c5ea00,
0x0000000126a45e00, 0x000000012500d000, 0x0000000126c46800, 0x0000000127061600,
0x0000000127061c00, 0x0000000147c5f000, 0x000000016622e600, 0x000000016622d000,
0x000000033a014200, 0x000000033a014800, 0x00000001666ca200, 0x00000001666ca800,
0x00000001666cae00, 0x0000000126cee800, 0x0000000126cdd600, 0x0000000126cddc00,
0x00000001667a9000, 0x0000000126c62c00, 0x0000000126c63200, 0x000000012500b600,
0x00000001667a9600, 0x0000000126cea800, 0x0000000126ceae00, 0x0000000126c3bc00,
0x0000000126c3c200, 0x0000000126a42600, 0x0000000124586000, 0x00000001244e6c00,
0x000000012456a000, 0x000000012700a200, 0x000000012700c400, 0x00000001479c5400,
0x000000016671d400, 0x000000016671ba00, 0x000000016671c000, 0x000000016671c600,
0x00000001667aa200, 0x00000001667aa800, 0x00000001667aae00, 0x00000001667ab400,
0x00000001667aba00, 0x00000001667ae400, 0x00000001667ac600, 0x0000000124607200,
0x00000001244f0800, 0x0000000124396800, 0x0000000126cc1200, 0x000000012750fe00,
0x0000000127519800, 0x0000000127519e00, 0x000000012751a400, 0x00000001667ad800,
0x00000001667ade00, 0x00000001667b0e00, 0x0000000127811e00, 0x0000000125040e00,
0x0000000126afc000, 0x0000000126afc600, 0x0000000126afcc00, 0x000000033a0d4400,
0x000000033a0d4a00, 0x000000033a0d5000, 0x0000000124398a00, 0x0000000126d3dc00,
0x0000000127524a00, 0x0000000124399000, 0x0000000126521a00, 0x00000001667bd600,
0x00000001667bdc00, 0x0000000127526400, 0x0000000126d3e200, 0x000000012781ba00,
0x0000000146624800, 0x00000001435a2400, 0x000000014659f800, 0x000000033a0d3e00,
0x000000033a0d2e00, 0x00000001667cc800, 0x000000012504a600, 0x00000001667c8600,
0x000000014655de00, 0x00000001433c6400, 0x0000000146eb3600, 0x000000033a0d2000,
0x000000033a0d3400, 0x00000001667b0200, 0x00000001667afc00, 0x00000001667b0800,
0x0000000143370000, 0x000000012647ae00, 0x000000033a0e1000, 0x000000033a0e0400,
0x0000000146044a00, 0x000000033a0e4a00, 0x0000000146d6fe00, 0x0000000125040000,
0x00000001245c0400, 0x000000012685fe00, 0x00000001465bd600, 0x000000014660f800,
0x000000014518de00, 0x0000000127530200, 0x000000033a0e6a00, 0x000000033a0e6400,
0x000000033a0e7000, 0x0000000127535000, 0x000000033a0ea000, 0x000000033a0ea600,
0x0000000145589e00, 0x0000000144f86800, 0x00000001465e7200, 0x0000000146573800,
0x00000001479c7200, 0x0000000146fa4600, 0x000000012457d800, 0x00000001667c7400,
0x000000012476da00, 0x0000000146573e00, 0x0000000127532e00, 0x0000000125010e00,
0x000000012463b200, 0x000000033a10bc00, 0x00000001251cf200, 0x000000033a10f800,
0x000000012476e000, 0x0000000144f92a00, 0x0000000144f87a00, 0x0000000127534200,
0x000000033a10c200, 0x0000000146fa4c00, 0x0000000127538800, 0x0000000144d2e200,
0x0000000127839a00, 0x000000012780d600, 0x00000001251d0800, 0x0000000125049800,
0x0000000144f7d600, 0x0000000146be0400, 0x0000000125210a00, 0x000000012458d400,
0x0000000146577c00, 0x000000012780d000, 0x0000000146bdfa00, 0x000000014519ea00,
0x0000000146844a00, 0x0000000143045600, 0x0000000143399c00, 0x000000033a0ece00,
0x000000012450e000, 0x0000000127853c00, 0x000000033a0ed400, 0x000000012458ae00,
0x000000012450d800, 0x000000012446ee00, 0x0000000124393400, 0x000000012458ca00,
0x000000012446c400, 0x000000012458da00, 0x00000001243aee00, 0x0000000166580000,
0x000000012750f000, 0x0000000127542600, 0x0000000127541e00, 0x0000000124511c00,
0x00000001455a7800, 0x00000001667acc00, 0x0000000166695800, 0x00000001270d3800,
0x0000000146cea000, 0x0000000127852000, 0x00000001465cda00, 0x00000001465cf600,
0x0000000127824e00, 0x00000001666a7400, 0x000000033a2e0000, 0x0000000144fa4600,
0x000000012447d000, 0x0000000166417a00, 0x00000001467f5400, 0x000000012504dc00,
0x000000012756b800, 0x000000033a56f400, 0x0000000126855800, 0x0000000166569600,
0x0000000146cf2a00, 0x000000012520fa00, 0x0000000144fa1a00, 0x00000001450ac000,
0x0000000166afae00, 0x00000001465fc800, 0x0000000127858400, 0x0000000146564400,
0x000000011fd4f600, 0x00000001667d2000, 0x0000000166edba00
}

Java Threads: ( => current thread )
  0x000000014600dc00 JavaThread "main" [_thread_blocked, id=4611, stack(0x000000016b52c000,0x000000016b72f000)]
  0x000000014785c600 JavaThread "Reference Handler" daemon [_thread_blocked, id=19203, stack(0x000000016c380000,0x000000016c583000)]
  0x000000014783f400 JavaThread "Finalizer" daemon [_thread_blocked, id=18435, stack(0x000000016c58c000,0x000000016c78f000)]
  0x000000014785d800 JavaThread "Signal Dispatcher" daemon [_thread_blocked, id=22275, stack(0x000000016c8b0000,0x000000016cab3000)]
  0x00000001260bc200 JavaThread "Service Thread" daemon [_thread_blocked, id=22531, stack(0x000000016cabc000,0x000000016ccbf000)]
  0x00000001260bea00 JavaThread "Monitor Deflation Thread" daemon [_thread_blocked, id=23043, stack(0x000000016ccc8000,0x000000016cecb000)]
  0x00000001260bf000 JavaThread "C2 CompilerThread0" daemon [_thread_in_native, id=29955, stack(0x000000016ced4000,0x000000016d0d7000)]
=>0x000000014783fa00 JavaThread "C1 CompilerThread0" daemon [_thread_in_native, id=23555, stack(0x000000016d0e0000,0x000000016d2e3000)]
  0x000000014681e800 JavaThread "Sweeper thread" daemon [_thread_blocked, id=29699, stack(0x000000016d2ec000,0x000000016d4ef000)]
  0x00000001260fd000 JavaThread "Common-Cleaner" daemon [_thread_blocked, id=24323, stack(0x000000016d4f8000,0x000000016d6fb000)]
  0x0000000146820a00 JavaThread "Notification Thread" daemon [_thread_blocked, id=29443, stack(0x000000016d704000,0x000000016d907000)]
  0x0000000146a03e00 JavaThread "Daemon health stats" [_thread_blocked, id=27139, stack(0x000000016e558000,0x000000016e75b000)]
  0x00000001260be400 JavaThread "Incoming local TCP Connector on port 61114" [_thread_in_native, id=26371, stack(0x000000016e764000,0x000000016e967000)]
  0x0000000147c77800 JavaThread "Daemon periodic checks" [_thread_blocked, id=26627, stack(0x000000016e970000,0x000000016eb73000)]
  0x0000000126670000 JavaThread "Cache worker for journal cache (/Users/gianfrancoscapin/.gradle/caches/journal-1)" [_thread_blocked, id=40707, stack(0x0000000170200000,0x0000000170403000)]
  0x0000000126673400 JavaThread "File lock request listener" [_thread_in_native, id=40451, stack(0x000000017040c000,0x000000017060f000)]
  0x0000000126673a00 JavaThread "Cache worker for file hash cache (/Users/gianfrancoscapin/.gradle/caches/8.13/fileHashes)" [_thread_blocked, id=39939, stack(0x0000000170618000,0x000000017081b000)]
  0x000000012425d200 JavaThread "File watcher server" daemon [_thread_in_native, id=38403, stack(0x0000000170c3c000,0x0000000170e3f000)]
  0x0000000146dc6e00 JavaThread "File watcher consumer" daemon [_thread_blocked, id=36611, stack(0x0000000170e48000,0x000000017104b000)]
  0x0000000144386600 JavaThread "Cache worker for file content cache (/Users/gianfrancoscapin/.gradle/caches/8.13/fileContent)" [_thread_blocked, id=46851, stack(0x00000001722c0000,0x00000001724c3000)]
  0x00000001443be200 JavaThread "Memory manager" [_thread_blocked, id=31751, stack(0x000000017664c000,0x000000017684f000)]
  0x00000001450ab200 JavaThread "pool-3-thread-1" [_thread_blocked, id=66051, stack(0x0000000176a64000,0x0000000176c67000)]
  0x0000000144fe0400 JavaThread "RMI Scheduler(0)" daemon [_thread_blocked, id=166659, stack(0x0000000338ca8000,0x0000000338eab000)]
  0x0000000124568000 JavaThread "RMI GC Daemon" daemon [_thread_blocked, id=137219, stack(0x00000003390c0000,0x00000003392c3000)]
  0x0000000144ef0e00 JavaThread "RMI TCP Accept-0" daemon [_thread_in_native, id=166147, stack(0x00000003392cc000,0x00000003394cf000)]
  0x000000014785fa00 JavaThread "RMI Reaper" [_thread_blocked, id=165891, stack(0x00000003394d8000,0x00000003396db000)]
  0x0000000127050a00 JavaThread "Daemon Thread 2" [_thread_blocked, id=139131, stack(0x000000016f1a0000,0x000000016f3a3000)]
  0x0000000127012e00 JavaThread "Handler for socket connection from /127.0.0.1:61114 to /127.0.0.1:64508" [_thread_in_native, id=164367, stack(0x000000016f3ac000,0x000000016f5af000)]
  0x00000001479ca000 JavaThread "Cancel handler" [_thread_blocked, id=139783, stack(0x000000016f5b8000,0x000000016f7bb000)]
  0x000000012700ae00 JavaThread "Daemon worker Thread 2" [_thread_blocked, id=164627, stack(0x000000016f7c4000,0x000000016f9c7000)]
  0x0000000126c65800 JavaThread "Asynchronous log dispatcher for DefaultDaemonConnection: socket connection from /127.0.0.1:61114 to /127.0.0.1:64508" [_thread_blocked, id=138511, stack(0x000000016f9d0000,0x000000016fbd3000)]
  0x00000001266d5e00 JavaThread "Stdin handler" [_thread_blocked, id=140303, stack(0x000000016fbdc000,0x000000016fddf000)]
  0x0000000126552600 JavaThread "Daemon client event forwarder" [_thread_blocked, id=164103, stack(0x000000016fde8000,0x000000016ffeb000)]
  0x0000000166525200 JavaThread "Cache worker for file hash cache (/Users/gianfrancoscapin/Downloads/Soflex/patentscanner/.gradle/8.13/fileHashes)" [_thread_blocked, id=163591, stack(0x0000000170824000,0x0000000170a27000)]
  0x0000000166525800 JavaThread "Cache worker for Build Output Cleanup Cache (/Users/gianfrancoscapin/Downloads/Soflex/patentscanner/.gradle/buildOutputCleanup)" [_thread_blocked, id=164875, stack(0x0000000170a30000,0x0000000170c33000)]
  0x000000012700a800 JavaThread "Cache worker for checksums cache (/Users/gianfrancoscapin/Downloads/Soflex/patentscanner/.gradle/8.13/checksums)" [_thread_blocked, id=165391, stack(0x00000001720b4000,0x00000001722b7000)]
  0x000000012700fc00 JavaThread "Cache worker for cache directory md-supplier (/Users/gianfrancoscapin/.gradle/caches/8.13/md-supplier)" [_thread_blocked, id=34851, stack(0x00000001724cc000,0x00000001726cf000)]
  0x0000000127010a00 JavaThread "Cache worker for cache directory md-rule (/Users/gianfrancoscapin/.gradle/caches/8.13/md-rule)" [_thread_blocked, id=33803, stack(0x00000001726d8000,0x00000001728db000)]
  0x000000012461d200 JavaThread "Unconstrained build operations" [_thread_blocked, id=41735, stack(0x00000001728e4000,0x0000000172ae7000)]
  0x000000016622ec00 JavaThread "Unconstrained build operations Thread 2" [_thread_blocked, id=86547, stack(0x0000000172af0000,0x0000000172cf3000)]
  0x000000016622f200 JavaThread "Unconstrained build operations Thread 3" [_thread_blocked, id=81423, stack(0x0000000172cfc000,0x0000000172eff000)]
  0x000000016622f800 JavaThread "Unconstrained build operations Thread 4" [_thread_blocked, id=66835, stack(0x0000000172f08000,0x000000017310b000)]
  0x0000000166228800 JavaThread "Unconstrained build operations Thread 5" [_thread_blocked, id=166427, stack(0x0000000173114000,0x0000000173317000)]
  0x0000000166228e00 JavaThread "Unconstrained build operations Thread 6" [_thread_blocked, id=174091, stack(0x0000000173320000,0x0000000173523000)]
  0x0000000166229400 JavaThread "Unconstrained build operations Thread 7" [_thread_blocked, id=173067, stack(0x000000017352c000,0x000000017372f000)]
  0x0000000124565000 JavaThread "Unconstrained build operations Thread 8" [_thread_blocked, id=170507, stack(0x0000000173738000,0x000000017393b000)]
  0x00000001243af600 JavaThread "Unconstrained build operations Thread 9" [_thread_blocked, id=172043, stack(0x0000000173944000,0x0000000173b47000)]
  0x000000012425d800 JavaThread "Unconstrained build operations Thread 10" [_thread_blocked, id=133131, stack(0x0000000173b50000,0x0000000173d53000)]
  0x0000000126cf2600 JavaThread "Unconstrained build operations Thread 11" [_thread_blocked, id=168207, stack(0x0000000173d5c000,0x0000000173f5f000)]
  0x000000012501c800 JavaThread "Unconstrained build operations Thread 12" [_thread_blocked, id=68879, stack(0x0000000173f68000,0x000000017416b000)]
  0x0000000125019e00 JavaThread "Unconstrained build operations Thread 13" [_thread_blocked, id=135179, stack(0x0000000174174000,0x0000000174377000)]
  0x0000000147c5ea00 JavaThread "Unconstrained build operations Thread 14" [_thread_blocked, id=69135, stack(0x0000000174380000,0x0000000174583000)]
  0x0000000126a45e00 JavaThread "Unconstrained build operations Thread 15" [_thread_blocked, id=167943, stack(0x000000017458c000,0x000000017478f000)]
  0x000000012500d000 JavaThread "Unconstrained build operations Thread 16" [_thread_blocked, id=81171, stack(0x0000000174798000,0x000000017499b000)]
  0x0000000126c46800 JavaThread "Unconstrained build operations Thread 17" [_thread_blocked, id=171019, stack(0x00000001749a4000,0x0000000174ba7000)]
  0x0000000127061600 JavaThread "Unconstrained build operations Thread 18" [_thread_blocked, id=170759, stack(0x0000000174bb0000,0x0000000174db3000)]
  0x0000000127061c00 JavaThread "Unconstrained build operations Thread 19" [_thread_blocked, id=167443, stack(0x0000000174dbc000,0x0000000174fbf000)]
  0x0000000147c5f000 JavaThread "Unconstrained build operations Thread 20" [_thread_blocked, id=173575, stack(0x0000000174fc8000,0x00000001751cb000)]
  0x000000016622e600 JavaThread "build event listener" [_thread_blocked, id=134163, stack(0x00000001751d4000,0x00000001753d7000)]
  0x000000016622d000 JavaThread "pool-8-thread-1" [_thread_blocked, id=132619, stack(0x00000001753e0000,0x00000001755e3000)]
  0x000000033a014200 JavaThread "build event listener" [_thread_blocked, id=80659, stack(0x00000001755ec000,0x00000001757ef000)]
  0x000000033a014800 JavaThread "included builds" [_thread_blocked, id=168723, stack(0x00000001757f8000,0x00000001759fb000)]
  0x00000001666ca200 JavaThread "Execution worker" [_thread_blocked, id=169999, stack(0x0000000175a04000,0x0000000175c07000)]
  0x00000001666ca800 JavaThread "Execution worker Thread 2" [_thread_blocked, id=169747, stack(0x0000000175c10000,0x0000000175e13000)]
  0x00000001666cae00 JavaThread "Execution worker Thread 3" [_thread_blocked, id=135687, stack(0x0000000175e1c000,0x000000017601f000)]
  0x0000000126cee800 JavaThread "Execution worker Thread 4" [_thread_blocked, id=172811, stack(0x0000000176028000,0x000000017622b000)]
  0x0000000126cdd600 JavaThread "Execution worker Thread 5" [_thread_blocked, id=169487, stack(0x0000000176234000,0x0000000176437000)]
  0x0000000126cddc00 JavaThread "Execution worker Thread 6" [_thread_blocked, id=169235, stack(0x0000000176440000,0x0000000176643000)]
  0x00000001667a9000 JavaThread "Execution worker Thread 7" [_thread_blocked, id=131591, stack(0x0000000176858000,0x0000000176a5b000)]
  0x0000000126c62c00 JavaThread "Execution worker Thread 8" [_thread_blocked, id=136199, stack(0x0000000176c70000,0x0000000176e73000)]
  0x0000000126c63200 JavaThread "Execution worker Thread 9" [_thread_blocked, id=133647, stack(0x0000000176e7c000,0x000000017707f000)]
  0x000000012500b600 JavaThread "Execution worker Thread 10" [_thread_blocked, id=66579, stack(0x0000000177088000,0x000000017728b000)]
  0x00000001667a9600 JavaThread "Cache worker for execution history cache (/Users/gianfrancoscapin/Downloads/Soflex/patentscanner/.gradle/8.13/executionHistory)" [_thread_blocked, id=42251, stack(0x0000000177294000,0x0000000177497000)]
  0x0000000126cea800 JavaThread "Unconstrained build operations Thread 21" [_thread_blocked, id=34319, stack(0x00000001774a0000,0x00000001776a3000)]
  0x0000000126ceae00 JavaThread "Unconstrained build operations Thread 22" [_thread_blocked, id=41483, stack(0x00000001776ac000,0x00000001778af000)]
  0x0000000126c3bc00 JavaThread "Unconstrained build operations Thread 23" [_thread_blocked, id=35591, stack(0x00000001778b8000,0x0000000177abb000)]
  0x0000000126c3c200 JavaThread "Unconstrained build operations Thread 24" [_thread_blocked, id=52487, stack(0x0000000177ac4000,0x0000000177cc7000)]
  0x0000000126a42600 JavaThread "Unconstrained build operations Thread 25" [_thread_blocked, id=126983, stack(0x0000000177cd0000,0x0000000177ed3000)]
  0x0000000124586000 JavaThread "Unconstrained build operations Thread 26" [_thread_blocked, id=55815, stack(0x0000000308004000,0x0000000308207000)]
  0x00000001244e6c00 JavaThread "Unconstrained build operations Thread 27" [_thread_blocked, id=98067, stack(0x0000000308210000,0x0000000308413000)]
  0x000000012456a000 JavaThread "Unconstrained build operations Thread 28" [_thread_blocked, id=76815, stack(0x000000030841c000,0x000000030861f000)]
  0x000000012700a200 JavaThread "Unconstrained build operations Thread 29" [_thread_blocked, id=56851, stack(0x0000000308628000,0x000000030882b000)]
  0x000000012700c400 JavaThread "Unconstrained build operations Thread 30" [_thread_blocked, id=53523, stack(0x0000000308834000,0x0000000308a37000)]
  0x00000001479c5400 JavaThread "WorkerExecutor Queue" [_thread_blocked, id=119559, stack(0x0000000308a40000,0x0000000308c43000)]
  0x000000016671d400 JavaThread "Unconstrained build operations Thread 31" [_thread_blocked, id=72199, stack(0x0000000308c4c000,0x0000000308e4f000)]
  0x000000016671ba00 JavaThread "Unconstrained build operations Thread 32" [_thread_blocked, id=123407, stack(0x0000000308e58000,0x000000030905b000)]
  0x000000016671c000 JavaThread "Unconstrained build operations Thread 33" [_thread_blocked, id=90639, stack(0x0000000309064000,0x0000000309267000)]
  0x000000016671c600 JavaThread "Unconstrained build operations Thread 34" [_thread_blocked, id=69647, stack(0x0000000309270000,0x0000000309473000)]
  0x00000001667aa200 JavaThread "Unconstrained build operations Thread 35" [_thread_blocked, id=109579, stack(0x000000030947c000,0x000000030967f000)]
  0x00000001667aa800 JavaThread "Unconstrained build operations Thread 36" [_thread_blocked, id=130575, stack(0x0000000309688000,0x000000030988b000)]
  0x00000001667aae00 JavaThread "Unconstrained build operations Thread 37" [_thread_blocked, id=75283, stack(0x0000000309894000,0x0000000309a97000)]
  0x00000001667ab400 JavaThread "Unconstrained build operations Thread 38" [_thread_blocked, id=124179, stack(0x0000000309aa0000,0x0000000309ca3000)]
  0x00000001667aba00 JavaThread "Unconstrained build operations Thread 39" [_thread_blocked, id=122639, stack(0x0000000309cac000,0x0000000309eaf000)]
  0x00000001667ae400 JavaThread "Unconstrained build operations Thread 40" [_thread_blocked, id=93707, stack(0x0000000309eb8000,0x000000030a0bb000)]
  0x00000001667ac600 JavaThread "Exec process Thread 22" [_thread_blocked, id=101395, stack(0x000000030a0c4000,0x000000030a2c7000)]
  0x0000000124607200 JavaThread "process reaper" daemon [_thread_blocked, id=115987, stack(0x000000016c824000,0x000000016c85b000)]
  0x00000001244f0800 JavaThread "Exec process Thread 23" [_thread_blocked, id=94739, stack(0x000000030a2d0000,0x000000030a4d3000)]
  0x0000000124396800 JavaThread "Exec process Thread 24" [_thread_blocked, id=91655, stack(0x000000030a4dc000,0x000000030a6df000)]
  0x0000000126cc1200 JavaThread "WorkerExecutor Queue Thread 3" [_thread_blocked, id=100107, stack(0x000000030a8f4000,0x000000030aaf7000)]
  0x000000012750fe00 JavaThread "Unconstrained build operations Thread 41" [_thread_blocked, id=49927, stack(0x000000030ab00000,0x000000030ad03000)]
  0x0000000127519800 JavaThread "Unconstrained build operations Thread 42" [_thread_blocked, id=71699, stack(0x000000030ad0c000,0x000000030af0f000)]
  0x0000000127519e00 JavaThread "Unconstrained build operations Thread 43" [_thread_blocked, id=99599, stack(0x000000030af18000,0x000000030b11b000)]
  0x000000012751a400 JavaThread "Unconstrained build operations Thread 44" [_thread_blocked, id=91147, stack(0x000000030b124000,0x000000030b327000)]
  0x00000001667ad800 JavaThread "Unconstrained build operations Thread 45" [_thread_blocked, id=77587, stack(0x000000030b330000,0x000000030b533000)]
  0x00000001667ade00 JavaThread "Unconstrained build operations Thread 46" [_thread_blocked, id=73483, stack(0x000000030b53c000,0x000000030b73f000)]
  0x00000001667b0e00 JavaThread "Unconstrained build operations Thread 47" [_thread_blocked, id=127499, stack(0x000000030b748000,0x000000030b94b000)]
  0x0000000127811e00 JavaThread "Unconstrained build operations Thread 48" [_thread_blocked, id=101139, stack(0x000000030b954000,0x000000030bb57000)]
  0x0000000125040e00 JavaThread "Unconstrained build operations Thread 49" [_thread_blocked, id=116743, stack(0x000000030bb60000,0x000000030bd63000)]
  0x0000000126afc000 JavaThread "Unconstrained build operations Thread 50" [_thread_blocked, id=117259, stack(0x000000030bd6c000,0x000000030bf6f000)]
  0x0000000126afc600 JavaThread "Unconstrained build operations Thread 51" [_thread_blocked, id=74259, stack(0x000000030bf78000,0x000000030c17b000)]
  0x0000000126afcc00 JavaThread "Unconstrained build operations Thread 52" [_thread_blocked, id=95251, stack(0x000000030c184000,0x000000030c387000)]
  0x000000033a0d4400 JavaThread "Unconstrained build operations Thread 53" [_thread_blocked, id=121875, stack(0x000000030c390000,0x000000030c593000)]
  0x000000033a0d4a00 JavaThread "Unconstrained build operations Thread 54" [_thread_blocked, id=56335, stack(0x000000030c59c000,0x000000030c79f000)]
  0x000000033a0d5000 JavaThread "Unconstrained build operations Thread 55" [_thread_blocked, id=105999, stack(0x000000030c7a8000,0x000000030c9ab000)]
  0x0000000124398a00 JavaThread "Unconstrained build operations Thread 56" [_thread_blocked, id=65543, stack(0x000000030c9b4000,0x000000030cbb7000)]
  0x0000000126d3dc00 JavaThread "WorkerExecutor Queue Thread 4" [_thread_blocked, id=76295, stack(0x000000030cbc0000,0x000000030cdc3000)]
  0x0000000127524a00 JavaThread "WorkerExecutor Queue Thread 6" [_thread_in_native, id=103183, stack(0x000000030cfd8000,0x000000030d1db000)]
  0x0000000124399000 JavaThread "WorkerExecutor Queue Thread 7" [_thread_blocked, id=49163, stack(0x000000030d1e4000,0x000000030d3e7000)]
  0x0000000126521a00 JavaThread "WorkerExecutor Queue Thread 8" [_thread_blocked, id=124947, stack(0x000000030d3f0000,0x000000030d5f3000)]
  0x00000001667bd600 JavaThread "WorkerExecutor Queue Thread 9" [_thread_blocked, id=94987, stack(0x000000030d5fc000,0x000000030d7ff000)]
  0x00000001667bdc00 JavaThread "WorkerExecutor Queue Thread 10" [_thread_blocked, id=71183, stack(0x000000030d808000,0x000000030da0b000)]
  0x0000000127526400 JavaThread "WorkerExecutor Queue Thread 11" [_thread_blocked, id=98567, stack(0x000000030da14000,0x000000030dc17000)]
  0x0000000126d3e200 JavaThread "WorkerExecutor Queue Thread 12" [_thread_blocked, id=57359, stack(0x000000030dc20000,0x000000030de23000)]
  0x000000012781ba00 JavaThread "Exec process Thread 25" [_thread_blocked, id=54539, stack(0x000000030de2c000,0x000000030e02f000)]
  0x0000000146624800 JavaThread "Exec process Thread 26" [_thread_blocked, id=54023, stack(0x000000030e038000,0x000000030e23b000)]
  0x00000001435a2400 JavaThread "Exec process Thread 27" [_thread_blocked, id=110355, stack(0x000000030e244000,0x000000030e447000)]
  0x000000014659f800 JavaThread "Exec process Thread 28" [_thread_blocked, id=51719, stack(0x000000030e450000,0x000000030e653000)]
  0x000000033a0d3e00 JavaThread "process reaper (pid 6076)" daemon [_thread_in_native, id=59659, stack(0x000000016c864000,0x000000016c89b000)]
  0x000000033a0d2e00 JavaThread "Exec process Thread 29" [_thread_blocked, id=97039, stack(0x000000030e65c000,0x000000030e85f000)]
  0x00000001667cc800 JavaThread "Exec process Thread 31" [_thread_blocked, id=79379, stack(0x000000030e868000,0x000000030ea6b000)]
  0x000000012504a600 JavaThread "Exec process Thread 30" [_thread_blocked, id=87315, stack(0x000000030ea74000,0x000000030ec77000)]
  0x00000001667c8600 JavaThread "Exec process Thread 32" [_thread_blocked, id=59923, stack(0x000000030ec80000,0x000000030ee83000)]
  0x000000014655de00 JavaThread "process reaper" daemon [_thread_blocked, id=51215, stack(0x0000000177edc000,0x0000000177f13000)]
  0x00000001433c6400 JavaThread "Exec process Thread 33" [_thread_blocked, id=55311, stack(0x000000030ee8c000,0x000000030f08f000)]
  0x0000000146eb3600 JavaThread "Exec process Thread 34" [_thread_blocked, id=51463, stack(0x000000030f098000,0x000000030f29b000)]
  0x000000033a0d2000 JavaThread "Exec process Thread 35" [_thread_blocked, id=60431, stack(0x000000030f2a4000,0x000000030f4a7000)]
  0x000000033a0d3400 JavaThread "Exec process Thread 36" [_thread_blocked, id=48143, stack(0x000000030f4b0000,0x000000030f6b3000)]
  0x00000001667b0200 JavaThread "process reaper (pid 6078)" daemon [_thread_in_native, id=75791, stack(0x0000000177f1c000,0x0000000177f53000)]
  0x00000001667afc00 JavaThread "Exec process Thread 37" [_thread_blocked, id=100363, stack(0x000000030f6bc000,0x000000030f8bf000)]
  0x00000001667b0800 JavaThread "Exec process Thread 38" [_thread_blocked, id=79123, stack(0x000000030f8c8000,0x000000030facb000)]
  0x0000000143370000 JavaThread "Exec process Thread 39" [_thread_blocked, id=102407, stack(0x000000030fad4000,0x000000030fcd7000)]
  0x000000012647ae00 JavaThread "Unconstrained build operations Thread 57" [_thread_blocked, id=115467, stack(0x000000030fce0000,0x000000030fee3000)]
  0x000000033a0e1000 JavaThread "Unconstrained build operations Thread 58" [_thread_blocked, id=53003, stack(0x0000000328004000,0x0000000328207000)]
  0x000000033a0e0400 JavaThread "Unconstrained build operations Thread 59" [_thread_blocked, id=118547, stack(0x0000000328210000,0x0000000328413000)]
  0x0000000146044a00 JavaThread "Unconstrained build operations Thread 60" [_thread_blocked, id=110867, stack(0x000000032841c000,0x000000032861f000)]
  0x000000033a0e4a00 JavaThread "Exec process Thread 40" [_thread_blocked, id=57871, stack(0x0000000328628000,0x000000032882b000)]
  0x0000000146d6fe00 JavaThread "process reaper" daemon [_thread_blocked, id=108551, stack(0x0000000177f5c000,0x0000000177f93000)]
  0x0000000125040000 JavaThread "Exec process Thread 41" [_thread_blocked, id=60679, stack(0x0000000328834000,0x0000000328a37000)]
  0x00000001245c0400 JavaThread "Exec process Thread 42" [_thread_blocked, id=61707, stack(0x0000000328a40000,0x0000000328c43000)]
  0x000000012685fe00 JavaThread "Unconstrained build operations Thread 61" [_thread_blocked, id=118023, stack(0x0000000328c4c000,0x0000000328e4f000)]
  0x00000001465bd600 JavaThread "Unconstrained build operations Thread 62" [_thread_blocked, id=79891, stack(0x000000032d004000,0x000000032d207000)]
  0x000000014660f800 JavaThread "Unconstrained build operations Thread 63" [_thread_blocked, id=101907, stack(0x000000032d210000,0x000000032d413000)]
  0x000000014518de00 JavaThread "Unconstrained build operations Thread 64" [_thread_blocked, id=69907, stack(0x000000032d41c000,0x000000032d61f000)]
  0x0000000127530200 JavaThread "Unconstrained build operations Thread 65" [_thread_blocked, id=50703, stack(0x000000032d628000,0x000000032d82b000)]
  0x000000033a0e6a00 JavaThread "Unconstrained build operations Thread 66" [_thread_blocked, id=93195, stack(0x000000032d834000,0x000000032da37000)]
  0x000000033a0e6400 JavaThread "Unconstrained build operations Thread 67" [_thread_blocked, id=96531, stack(0x000000032da40000,0x000000032dc43000)]
  0x000000033a0e7000 JavaThread "Unconstrained build operations Thread 68" [_thread_blocked, id=118287, stack(0x000000032dc4c000,0x000000032de4f000)]
  0x0000000127535000 JavaThread "Unconstrained build operations Thread 69" [_thread_blocked, id=128019, stack(0x000000032de58000,0x000000032e05b000)]
  0x000000033a0ea000 JavaThread "Unconstrained build operations Thread 70" [_thread_blocked, id=51987, stack(0x000000032e064000,0x000000032e267000)]
  0x000000033a0ea600 JavaThread "Unconstrained build operations Thread 71" [_thread_blocked, id=78855, stack(0x000000032e270000,0x000000032e473000)]
  0x0000000145589e00 JavaThread "Unconstrained build operations Thread 72" [_thread_blocked, id=78607, stack(0x000000032e47c000,0x000000032e67f000)]
  0x0000000144f86800 JavaThread "Unconstrained build operations Thread 73" [_thread_blocked, id=95759, stack(0x000000032e688000,0x000000032e88b000)]
  0x00000001465e7200 JavaThread "Unconstrained build operations Thread 74" [_thread_blocked, id=70407, stack(0x000000032e894000,0x000000032ea97000)]
  0x0000000146573800 JavaThread "Unconstrained build operations Thread 75" [_thread_blocked, id=119307, stack(0x000000032eaa0000,0x000000032eca3000)]
  0x00000001479c7200 JavaThread "Unconstrained build operations Thread 76" [_thread_blocked, id=80403, stack(0x000000032ecac000,0x000000032eeaf000)]
  0x0000000146fa4600 JavaThread "Unconstrained build operations Thread 77" [_thread_blocked, id=61203, stack(0x000000032eeb8000,0x000000032f0bb000)]
  0x000000012457d800 JavaThread "Unconstrained build operations Thread 78" [_thread_blocked, id=48391, stack(0x000000032f0c4000,0x000000032f2c7000)]
  0x00000001667c7400 JavaThread "Unconstrained build operations Thread 79" [_thread_blocked, id=93959, stack(0x000000032f2d0000,0x000000032f4d3000)]
  0x000000012476da00 JavaThread "Unconstrained build operations Thread 80" [_thread_blocked, id=97295, stack(0x000000032f4dc000,0x000000032f6df000)]
  0x0000000146573e00 JavaThread "Unconstrained build operations Thread 81" [_thread_blocked, id=92179, stack(0x000000032f6e8000,0x000000032f8eb000)]
  0x0000000127532e00 JavaThread "Unconstrained build operations Thread 82" [_thread_blocked, id=120075, stack(0x000000032f8f4000,0x000000032faf7000)]
  0x0000000125010e00 JavaThread "Unconstrained build operations Thread 83" [_thread_blocked, id=117771, stack(0x000000032fb00000,0x000000032fd03000)]
  0x000000012463b200 JavaThread "pool-9-thread-1" [_thread_blocked, id=108811, stack(0x000000032fd0c000,0x000000032ff0f000)]
  0x000000033a10bc00 JavaThread "Unconstrained build operations Thread 84" [_thread_blocked, id=106511, stack(0x0000000338004000,0x0000000338207000)]
  0x00000001251cf200 JavaThread "Unconstrained build operations Thread 85" [_thread_blocked, id=48651, stack(0x0000000338210000,0x0000000338413000)]
  0x000000033a10f800 JavaThread "Unconstrained build operations Thread 86" [_thread_blocked, id=74771, stack(0x000000033841c000,0x000000033861f000)]
  0x000000012476e000 JavaThread "Unconstrained build operations Thread 87" [_thread_blocked, id=47891, stack(0x0000000338628000,0x000000033882b000)]
  0x0000000144f92a00 JavaThread "Unconstrained build operations Thread 88" [_thread_blocked, id=99851, stack(0x0000000338834000,0x0000000338a37000)]
  0x0000000144f87a00 JavaThread "Unconstrained build operations Thread 89" [_thread_blocked, id=61963, stack(0x0000000338a40000,0x0000000338c43000)]
  0x0000000127534200 JavaThread "Unconstrained build operations Thread 90" [_thread_blocked, id=102919, stack(0x0000000338eb4000,0x00000003390b7000)]
  0x000000033a10c200 JavaThread "Unconstrained build operations Thread 91" [_thread_blocked, id=96019, stack(0x00000003396e4000,0x00000003398e7000)]
  0x0000000146fa4c00 JavaThread "Unconstrained build operations Thread 92" [_thread_blocked, id=110091, stack(0x00000003398f0000,0x0000000339af3000)]
  0x0000000127538800 JavaThread "Unconstrained build operations Thread 93" [_thread_blocked, id=58131, stack(0x0000000339afc000,0x0000000339cff000)]
  0x0000000144d2e200 JavaThread "stderr" [_thread_in_native, id=92679, stack(0x0000000339d08000,0x0000000339f0b000)]
  0x0000000127839a00 JavaThread "stdout" [_thread_in_native, id=130323, stack(0x000000033a804000,0x000000033aa07000)]
  0x000000012780d600 JavaThread "Unconstrained build operations Thread 94" [_thread_blocked, id=129299, stack(0x000000033aa10000,0x000000033ac13000)]
  0x00000001251d0800 JavaThread "Unconstrained build operations Thread 95" [_thread_blocked, id=89867, stack(0x000000033ac1c000,0x000000033ae1f000)]
  0x0000000125049800 JavaThread "Unconstrained build operations Thread 96" [_thread_blocked, id=88851, stack(0x000000033ae28000,0x000000033b02b000)]
  0x0000000144f7d600 JavaThread "Unconstrained build operations Thread 97" [_thread_blocked, id=72459, stack(0x000000033b034000,0x000000033b237000)]
  0x0000000146be0400 JavaThread "stderr" [_thread_in_native, id=90127, stack(0x000000033b240000,0x000000033b443000)]
  0x0000000125210a00 JavaThread "stdout" [_thread_in_native, id=128263, stack(0x000000033b44c000,0x000000033b64f000)]
  0x000000012458d400 JavaThread "ForkJoinPool-2-worker-1" daemon [_thread_blocked, id=129547, stack(0x000000033b658000,0x000000033b85b000)]
  0x0000000146577c00 JavaThread "ForkJoinPool-2-worker-2" daemon [_thread_blocked, id=89359, stack(0x000000033b864000,0x000000033ba67000)]
  0x000000012780d000 JavaThread "ForkJoinPool-2-worker-3" daemon [_thread_blocked, id=128531, stack(0x000000033ba70000,0x000000033bc73000)]
  0x0000000146bdfa00 JavaThread "ForkJoinPool-2-worker-4" daemon [_thread_blocked, id=130063, stack(0x000000033bc7c000,0x000000033be7f000)]
  0x000000014519ea00 JavaThread "ForkJoinPool-2-worker-5" daemon [_thread_blocked, id=121355, stack(0x000000033be88000,0x000000033c08b000)]
  0x0000000146844a00 JavaThread "ForkJoinPool-2-worker-6" daemon [_thread_blocked, id=63499, stack(0x000000033c094000,0x000000033c297000)]
  0x0000000143045600 JavaThread "ForkJoinPool-2-worker-7" daemon [_thread_blocked, id=39183, stack(0x000000033c2a0000,0x000000033c4a3000)]
  0x0000000143399c00 JavaThread "ForkJoinPool-2-worker-8" daemon [_thread_blocked, id=82443, stack(0x000000033c4ac000,0x000000033c6af000)]
  0x000000033a0ece00 JavaThread "ForkJoinPool-2-worker-9" daemon [_thread_blocked, id=82951, stack(0x000000033c6b8000,0x000000033c8bb000)]
  0x000000012450e000 JavaThread "ForkJoinPool-2-worker-10" daemon [_thread_blocked, id=82707, stack(0x000000033c8c4000,0x000000033cac7000)]
  0x0000000127853c00 JavaThread "ForkJoinPool-2-worker-11" daemon [_thread_blocked, id=83731, stack(0x000000033cad0000,0x000000033ccd3000)]
  0x000000033a0ed400 JavaThread "Unconstrained build operations Thread 98" [_thread_blocked, id=68103, stack(0x000000033ccdc000,0x000000033cedf000)]
  0x000000012458ae00 JavaThread "Unconstrained build operations Thread 99" [_thread_blocked, id=67591, stack(0x000000033cee8000,0x000000033d0eb000)]
  0x000000012450d800 JavaThread "Unconstrained build operations Thread 100" [_thread_blocked, id=84487, stack(0x000000033d0f4000,0x000000033d2f7000)]
  0x000000012446ee00 JavaThread "Unconstrained build operations Thread 101" [_thread_blocked, id=85011, stack(0x000000033d300000,0x000000033d503000)]
  0x0000000124393400 JavaThread "Unconstrained build operations Thread 102" [_thread_blocked, id=85779, stack(0x000000033d50c000,0x000000033d70f000)]
  0x000000012458ca00 JavaThread "Unconstrained build operations Thread 103" [_thread_blocked, id=67855, stack(0x000000033d718000,0x000000033d91b000)]
  0x000000012446c400 JavaThread "Unconstrained build operations Thread 104" [_thread_blocked, id=62995, stack(0x000000033d924000,0x000000033db27000)]
  0x000000012458da00 JavaThread "Unconstrained build operations Thread 105" [_thread_blocked, id=82191, stack(0x000000033db30000,0x000000033dd33000)]
  0x00000001243aee00 JavaThread "Unconstrained build operations Thread 106" [_thread_blocked, id=38931, stack(0x000000033dd3c000,0x000000033df3f000)]
  0x0000000166580000 JavaThread "Unconstrained build operations Thread 107" [_thread_blocked, id=63247, stack(0x000000033df48000,0x000000033e14b000)]
  0x000000012750f000 JavaThread "Unconstrained build operations Thread 108" [_thread_blocked, id=103955, stack(0x000000033e154000,0x000000033e357000)]
  0x0000000127542600 JavaThread "Unconstrained build operations Thread 109" [_thread_blocked, id=107527, stack(0x000000033e360000,0x000000033e563000)]
  0x0000000127541e00 JavaThread "Unconstrained build operations Thread 110" [_thread_blocked, id=174351, stack(0x000000033e56c000,0x000000033e76f000)]
  0x0000000124511c00 JavaThread "RMI TCP Connection(12)-127.0.0.1" daemon [_thread_in_native, id=104199, stack(0x000000033e984000,0x000000033eb87000)]
  0x00000001455a7800 JavaThread "RMI TCP Connection(13)-127.0.0.1" daemon [_thread_in_native, id=111623, stack(0x000000033ed9c000,0x000000033ef9f000)]
  0x00000001667acc00 JavaThread "WorkerExecutor Queue Thread 13" [_thread_in_Java, id=125211, stack(0x000000030a6e8000,0x000000030a8eb000)]
  0x0000000166695800 JavaThread "ForkJoinPool.commonPool-worker-11" daemon [_thread_blocked, id=114187, stack(0x000000033e778000,0x000000033e97b000)]
  0x00000001270d3800 JavaThread "ForkJoinPool.commonPool-worker-12" daemon [_thread_blocked, id=112659, stack(0x000000033eb90000,0x000000033ed93000)]
  0x0000000146cea000 JavaThread "ForkJoinPool.commonPool-worker-13" daemon [_thread_blocked, id=105251, stack(0x0000000343268000,0x000000034346b000)]
  0x0000000127852000 JavaThread "ForkJoinPool.commonPool-worker-14" daemon [_thread_blocked, id=113699, stack(0x0000000343474000,0x0000000343677000)]
  0x00000001465cda00 JavaThread "ForkJoinPool.commonPool-worker-15" daemon [_thread_blocked, id=111371, stack(0x0000000343680000,0x0000000343883000)]
  0x00000001465cf600 JavaThread "ForkJoinPool.commonPool-worker-16" daemon [_thread_blocked, id=113427, stack(0x000000034388c000,0x0000000343a8f000)]
  0x0000000127824e00 JavaThread "ForkJoinPool.commonPool-worker-17" daemon [_thread_blocked, id=103699, stack(0x0000000345830000,0x0000000345a33000)]
  0x00000001666a7400 JavaThread "ForkJoinPool.commonPool-worker-18" daemon [_thread_blocked, id=112139, stack(0x0000000345a3c000,0x0000000345c3f000)]
  0x000000033a2e0000 JavaThread "ForkJoinPool.commonPool-worker-19" daemon [_thread_blocked, id=108051, stack(0x0000000345c48000,0x0000000345e4b000)]
  0x0000000144fa4600 JavaThread "ForkJoinPool.commonPool-worker-20" daemon [_thread_blocked, id=65803, stack(0x0000000345e54000,0x0000000346057000)]
  0x000000012447d000 JavaThread "RMI TCP Connection(14)-127.0.0.1" daemon [_thread_in_native, id=162819, stack(0x0000000346cfc000,0x0000000346eff000)]
  0x0000000166417a00 JavaThread "RMI TCP Connection(15)-127.0.0.1" daemon [_thread_in_native, id=141067, stack(0x0000000347114000,0x0000000347317000)]
  0x00000001467f5400 JavaThread "AppKit Thread" daemon [_thread_in_native, id=259, stack(0x000000016aca4000,0x000000016b4a0000)]
  0x000000012504dc00 JavaThread "DefaultDispatcher-worker-1" daemon [_thread_blocked, id=160003, stack(0x0000000347738000,0x000000034793b000)]
  0x000000012756b800 JavaThread "DefaultDispatcher-worker-3" daemon [_thread_blocked, id=159491, stack(0x0000000347944000,0x0000000347b47000)]
  0x000000033a56f400 JavaThread "DefaultDispatcher-worker-2" daemon [_thread_blocked, id=143363, stack(0x0000000347b50000,0x0000000347d53000)]
  0x0000000126855800 JavaThread "DefaultDispatcher-worker-4" daemon [_thread_blocked, id=143619, stack(0x0000000347d5c000,0x0000000347f5f000)]
  0x0000000166569600 JavaThread "DefaultDispatcher-worker-5" daemon [_thread_blocked, id=144131, stack(0x0000000347f68000,0x000000034816b000)]
  0x0000000146cf2a00 JavaThread "DefaultDispatcher-worker-6" daemon [_thread_blocked, id=144387, stack(0x0000000348174000,0x0000000348377000)]
  0x000000012520fa00 JavaThread "DefaultDispatcher-worker-7" daemon [_thread_blocked, id=144899, stack(0x0000000348380000,0x0000000348583000)]
  0x0000000144fa1a00 JavaThread "DefaultDispatcher-worker-8" daemon [_thread_blocked, id=158467, stack(0x000000034858c000,0x000000034878f000)]
  0x00000001450ac000 JavaThread "DefaultDispatcher-worker-9" daemon [_thread_blocked, id=157955, stack(0x0000000348798000,0x000000034899b000)]
  0x0000000166afae00 JavaThread "Build operations" [_thread_blocked, id=157451, stack(0x000000030cdcc000,0x000000030cfcf000)]
  0x00000001465fc800 JavaThread "Build operations Thread 2" [_thread_blocked, id=157195, stack(0x0000000346af0000,0x0000000346cf3000)]
  0x0000000127858400 JavaThread "Build operations Thread 3" [_thread_blocked, id=125711, stack(0x0000000346f08000,0x000000034710b000)]
  0x0000000146564400 JavaThread "Build operations Thread 4" [_thread_blocked, id=145415, stack(0x0000000347320000,0x0000000347523000)]
  0x000000011fd4f600 JavaThread "Periodic tasks thread" daemon [_thread_blocked, id=156679, stack(0x000000034752c000,0x000000034772f000)]
  0x00000001667d2000 JavaThread "ApplicationImpl pooled thread 1" [_thread_blocked, id=114727, stack(0x0000000349418000,0x000000034961b000)]
  0x0000000166edba00 JavaThread "Keep-Alive-Timer" daemon [_thread_blocked, id=156187, stack(0x0000000349624000,0x0000000349827000)]

Other Threads:
  0x0000000147008c60 VMThread "VM Thread" [stack: 0x000000016c174000,0x000000016c377000] [id=19715]
  0x0000000145f0df90 WatcherThread [stack: 0x000000016d910000,0x000000016db13000] [id=28931]
  0x0000000145e0a0e0 GCTaskThread "GC Thread#0" [stack: 0x000000016b738000,0x000000016b93b000] [id=12291]
  0x0000000125e11040 GCTaskThread "GC Thread#1" [stack: 0x000000016db1c000,0x000000016dd1f000] [id=28419]
  0x0000000125f1dc00 GCTaskThread "GC Thread#2" [stack: 0x000000016dd28000,0x000000016df2b000] [id=25091]
  0x0000000125f1e080 GCTaskThread "GC Thread#3" [stack: 0x000000016df34000,0x000000016e137000] [id=27907]
  0x0000000125f1e500 GCTaskThread "GC Thread#4" [stack: 0x000000016e140000,0x000000016e343000] [id=27395]
  0x0000000145f0ff50 GCTaskThread "GC Thread#5" [stack: 0x000000016e34c000,0x000000016e54f000] [id=25603]
  0x000000014702e170 GCTaskThread "GC Thread#6" [stack: 0x000000016eb7c000,0x000000016ed7f000] [id=43267]
  0x000000014702e5f0 GCTaskThread "GC Thread#7" [stack: 0x000000016ed88000,0x000000016ef8b000] [id=43011]
  0x0000000125f2a440 GCTaskThread "GC Thread#8" [stack: 0x000000016ef94000,0x000000016f197000] [id=42755]
  0x0000000147004620 ConcurrentGCThread "G1 Main Marker" [stack: 0x000000016b944000,0x000000016bb47000] [id=12803]
  0x0000000125e04080 ConcurrentGCThread "G1 Conc#0" [stack: 0x000000016bb50000,0x000000016bd53000] [id=13827]
  0x0000000145f20080 ConcurrentGCThread "G1 Conc#1" [stack: 0x000000016fff4000,0x00000001701f7000] [id=35843]
  0x0000000125e061b0 ConcurrentGCThread "G1 Refine#0" [stack: 0x000000016bd5c000,0x000000016bf5f000] [id=16643]
  0x0000000145e4ffe0 ConcurrentGCThread "G1 Refine#1" [stack: 0x0000000171054000,0x0000000171257000] [id=37379]
  0x000000011f6041c0 ConcurrentGCThread "G1 Refine#2" [stack: 0x0000000171260000,0x0000000171463000] [id=37891]
  0x0000000105b041c0 ConcurrentGCThread "G1 Refine#3" [stack: 0x000000017146c000,0x000000017166f000] [id=44035]
  0x00000001249041c0 ConcurrentGCThread "G1 Refine#4" [stack: 0x0000000171678000,0x000000017187b000] [id=44547]
  0x000000011f5041c0 ConcurrentGCThread "G1 Refine#5" [stack: 0x0000000171884000,0x0000000171a87000] [id=64771]
  0x00000001248041c0 ConcurrentGCThread "G1 Refine#6" [stack: 0x0000000171a90000,0x0000000171c93000] [id=45571]
  0x000000011f7041c0 ConcurrentGCThread "G1 Refine#7" [stack: 0x0000000171c9c000,0x0000000171e9f000] [id=64515]
  0x0000000145f90ed0 ConcurrentGCThread "G1 Refine#8" [stack: 0x0000000171ea8000,0x00000001720ab000] [id=64003]
  0x0000000147004ff0 ConcurrentGCThread "G1 Service" [stack: 0x000000016bf68000,0x000000016c16b000] [id=21507]

Threads with active compile tasks:
C2 CompilerThread0  3130364 62762       4       com.android.tools.lint.uast.PsiDeclarationAndKtSymbolEqualityChecker::valueParametersMatch (488 bytes)
C1 CompilerThread0  3130364 62761 % !   3       org.jetbrains.uast.kotlin.FirKotlinUastResolveProviderService::getArgumentForParameter @ 2427 (2876 bytes)

VM state: not at safepoint (normal execution)

VM Mutex/Monitor currently owned by a thread: None

Heap address: 0x0000000780000000, size: 2048 MB, Compressed Oops mode: Zero based, Oop shift amount: 3

CDS archive(s) not mapped
Compressed class space mapped at: 0x0000000800000000-0x0000000840000000, reserved size: 1073741824
Narrow klass base: 0x0000000800000000, Narrow klass shift: 0, Narrow klass range: 0x40000000

GC Precious Log:
 CPUs: 11 total, 11 available
 Memory: 18432M
 Large Page Support: Disabled
 NUMA Support: Disabled
 Compressed Oops: Enabled (Zero based)
 Heap Region Size: 1M
 Heap Min Capacity: 8M
 Heap Initial Capacity: 288M
 Heap Max Capacity: 2G
 Pre-touch: Disabled
 Parallel Workers: 9
 Concurrent Workers: 2
 Concurrent Refinement Workers: 9
 Periodic GC: Disabled

Heap:
 garbage-first heap   total 1908736K, used 1241088K [0x0000000780000000, 0x0000000800000000)
  region size 1024K, 456 young (466944K), 6 survivors (6144K)
 Metaspace       used 358450K, committed 360448K, reserved 1376256K
  class space    used 45066K, committed 45952K, reserved 1048576K

Heap Regions: E=young(eden), S=young(survivor), O=old, HS=humongous(starts), HC=humongous(continues), CS=collection set, F=free, OA=open archive, CA=closed archive, TAMS=top-at-mark-start (previous, next)
|   0|0x0000000780000000, 0x0000000780100000, 0x0000000780100000|100%| O|  |TAMS 0x0000000780100000, 0x0000000780000000| Untracked 
|   1|0x0000000780100000, 0x0000000780200000, 0x0000000780200000|100%| O|  |TAMS 0x0000000780200000, 0x0000000780100000| Untracked 
|   2|0x0000000780200000, 0x0000000780300000, 0x0000000780300000|100%| O|  |TAMS 0x0000000780300000, 0x0000000780200000| Untracked 
|   3|0x0000000780300000, 0x0000000780400000, 0x0000000780400000|100%|HS|  |TAMS 0x0000000780400000, 0x0000000780300000| Complete 
|   4|0x0000000780400000, 0x0000000780500000, 0x0000000780500000|100%|HC|  |TAMS 0x0000000780500000, 0x0000000780400000| Complete 
|   5|0x0000000780500000, 0x0000000780600000, 0x0000000780600000|100%|HC|  |TAMS 0x0000000780600000, 0x0000000780500000| Complete 
|   6|0x0000000780600000, 0x0000000780700000, 0x0000000780700000|100%| O|  |TAMS 0x0000000780700000, 0x0000000780600000| Untracked 
|   7|0x0000000780700000, 0x0000000780800000, 0x0000000780800000|100%| O|  |TAMS 0x0000000780800000, 0x0000000780700000| Untracked 
|   8|0x0000000780800000, 0x0000000780900000, 0x0000000780900000|100%| O|  |TAMS 0x0000000780900000, 0x0000000780800000| Untracked 
|   9|0x0000000780900000, 0x0000000780a00000, 0x0000000780a00000|100%|HS|  |TAMS 0x0000000780a00000, 0x0000000780900000| Complete 
|  10|0x0000000780a00000, 0x0000000780b00000, 0x0000000780b00000|100%| O|  |TAMS 0x0000000780b00000, 0x0000000780a00000| Untracked 
|  11|0x0000000780b00000, 0x0000000780c00000, 0x0000000780c00000|100%| O|  |TAMS 0x0000000780c00000, 0x0000000780b00000| Untracked 
|  12|0x0000000780c00000, 0x0000000780d00000, 0x0000000780d00000|100%| O|  |TAMS 0x0000000780d00000, 0x0000000780c00000| Untracked 
|  13|0x0000000780d00000, 0x0000000780e00000, 0x0000000780e00000|100%| O|  |TAMS 0x0000000780e00000, 0x0000000780d00000| Untracked 
|  14|0x0000000780e00000, 0x0000000780f00000, 0x0000000780f00000|100%| O|  |TAMS 0x0000000780f00000, 0x0000000780e00000| Untracked 
|  15|0x0000000780f00000, 0x0000000781000000, 0x0000000781000000|100%| O|  |TAMS 0x0000000781000000, 0x0000000780f00000| Untracked 
|  16|0x0000000781000000, 0x0000000781100000, 0x0000000781100000|100%| O|  |TAMS 0x0000000781100000, 0x0000000781000000| Untracked 
|  17|0x0000000781100000, 0x0000000781200000, 0x0000000781200000|100%| O|  |TAMS 0x0000000781200000, 0x0000000781100000| Untracked 
|  18|0x0000000781200000, 0x0000000781300000, 0x0000000781300000|100%| O|  |TAMS 0x0000000781300000, 0x0000000781200000| Untracked 
|  19|0x0000000781300000, 0x0000000781400000, 0x0000000781400000|100%| O|  |TAMS 0x0000000781400000, 0x0000000781300000| Untracked 
|  20|0x0000000781400000, 0x0000000781500000, 0x0000000781500000|100%| O|  |TAMS 0x0000000781500000, 0x0000000781400000| Untracked 
|  21|0x0000000781500000, 0x0000000781600000, 0x0000000781600000|100%| O|  |TAMS 0x0000000781600000, 0x0000000781500000| Untracked 
|  22|0x0000000781600000, 0x0000000781700000, 0x0000000781700000|100%| O|  |TAMS 0x0000000781700000, 0x0000000781600000| Untracked 
|  23|0x0000000781700000, 0x0000000781800000, 0x0000000781800000|100%| O|  |TAMS 0x0000000781700000, 0x0000000781700000| Untracked 
|  24|0x0000000781800000, 0x0000000781800000, 0x0000000781900000|  0%| F|  |TAMS 0x0000000781800000, 0x0000000781800000| Untracked 
|  25|0x0000000781900000, 0x0000000781a00000, 0x0000000781a00000|100%| O|  |TAMS 0x0000000781a00000, 0x0000000781900000| Untracked 
|  26|0x0000000781a00000, 0x0000000781b00000, 0x0000000781b00000|100%| O|  |TAMS 0x0000000781b00000, 0x0000000781a00000| Untracked 
|  27|0x0000000781b00000, 0x0000000781c00000, 0x0000000781c00000|100%| O|  |TAMS 0x0000000781c00000, 0x0000000781b00000| Untracked 
|  28|0x0000000781c00000, 0x0000000781d00000, 0x0000000781d00000|100%| O|  |TAMS 0x0000000781d00000, 0x0000000781c00000| Untracked 
|  29|0x0000000781d00000, 0x0000000781e00000, 0x0000000781e00000|100%| O|  |TAMS 0x0000000781e00000, 0x0000000781d00000| Untracked 
|  30|0x0000000781e00000, 0x0000000781f00000, 0x0000000781f00000|100%| O|  |TAMS 0x0000000781f00000, 0x0000000781e00000| Untracked 
|  31|0x0000000781f00000, 0x0000000782000000, 0x0000000782000000|100%| O|  |TAMS 0x0000000782000000, 0x0000000781f00000| Untracked 
|  32|0x0000000782000000, 0x0000000782100000, 0x0000000782100000|100%| O|  |TAMS 0x0000000782100000, 0x0000000782000000| Untracked 
|  33|0x0000000782100000, 0x0000000782200000, 0x0000000782200000|100%| O|  |TAMS 0x0000000782200000, 0x0000000782100000| Untracked 
|  34|0x0000000782200000, 0x0000000782300000, 0x0000000782300000|100%| O|  |TAMS 0x0000000782300000, 0x0000000782200000| Untracked 
|  35|0x0000000782300000, 0x0000000782400000, 0x0000000782400000|100%| O|  |TAMS 0x0000000782400000, 0x0000000782300000| Untracked 
|  36|0x0000000782400000, 0x0000000782500000, 0x0000000782500000|100%| O|  |TAMS 0x0000000782500000, 0x0000000782400000| Untracked 
|  37|0x0000000782500000, 0x0000000782600000, 0x0000000782600000|100%| O|  |TAMS 0x0000000782600000, 0x0000000782500000| Untracked 
|  38|0x0000000782600000, 0x0000000782700000, 0x0000000782700000|100%| O|  |TAMS 0x0000000782700000, 0x0000000782600000| Untracked 
|  39|0x0000000782700000, 0x0000000782800000, 0x0000000782800000|100%| O|  |TAMS 0x0000000782800000, 0x0000000782700000| Untracked 
|  40|0x0000000782800000, 0x0000000782900000, 0x0000000782900000|100%| O|  |TAMS 0x0000000782900000, 0x0000000782800000| Untracked 
|  41|0x0000000782900000, 0x0000000782a00000, 0x0000000782a00000|100%| O|  |TAMS 0x0000000782a00000, 0x0000000782900000| Untracked 
|  42|0x0000000782a00000, 0x0000000782b00000, 0x0000000782b00000|100%| O|  |TAMS 0x0000000782b00000, 0x0000000782a00000| Untracked 
|  43|0x0000000782b00000, 0x0000000782c00000, 0x0000000782c00000|100%| O|  |TAMS 0x0000000782c00000, 0x0000000782b00000| Untracked 
|  44|0x0000000782c00000, 0x0000000782d00000, 0x0000000782d00000|100%| O|  |TAMS 0x0000000782d00000, 0x0000000782c00000| Untracked 
|  45|0x0000000782d00000, 0x0000000782e00000, 0x0000000782e00000|100%| O|  |TAMS 0x0000000782e00000, 0x0000000782d00000| Untracked 
|  46|0x0000000782e00000, 0x0000000782f00000, 0x0000000782f00000|100%| O|  |TAMS 0x0000000782f00000, 0x0000000782e00000| Untracked 
|  47|0x0000000782f00000, 0x0000000783000000, 0x0000000783000000|100%| O|  |TAMS 0x0000000783000000, 0x0000000782f00000| Untracked 
|  48|0x0000000783000000, 0x0000000783100000, 0x0000000783100000|100%| O|  |TAMS 0x0000000783100000, 0x0000000783000000| Untracked 
|  49|0x0000000783100000, 0x0000000783200000, 0x0000000783200000|100%| O|  |TAMS 0x0000000783200000, 0x0000000783100000| Untracked 
|  50|0x0000000783200000, 0x0000000783300000, 0x0000000783300000|100%| O|  |TAMS 0x0000000783300000, 0x0000000783200000| Untracked 
|  51|0x0000000783300000, 0x0000000783400000, 0x0000000783400000|100%| O|  |TAMS 0x0000000783400000, 0x0000000783300000| Untracked 
|  52|0x0000000783400000, 0x0000000783500000, 0x0000000783500000|100%|HS|  |TAMS 0x0000000783500000, 0x0000000783400000| Complete 
|  53|0x0000000783500000, 0x0000000783600000, 0x0000000783600000|100%|HC|  |TAMS 0x0000000783600000, 0x0000000783500000| Complete 
|  54|0x0000000783600000, 0x0000000783700000, 0x0000000783700000|100%|HS|  |TAMS 0x0000000783700000, 0x0000000783600000| Complete 
|  55|0x0000000783700000, 0x0000000783800000, 0x0000000783800000|100%| O|  |TAMS 0x0000000783800000, 0x0000000783700000| Untracked 
|  56|0x0000000783800000, 0x0000000783900000, 0x0000000783900000|100%| O|  |TAMS 0x0000000783900000, 0x0000000783800000| Untracked 
|  57|0x0000000783900000, 0x0000000783a00000, 0x0000000783a00000|100%| O|  |TAMS 0x0000000783a00000, 0x0000000783900000| Untracked 
|  58|0x0000000783a00000, 0x0000000783b00000, 0x0000000783b00000|100%| O|  |TAMS 0x0000000783b00000, 0x0000000783a00000| Untracked 
|  59|0x0000000783b00000, 0x0000000783c00000, 0x0000000783c00000|100%| O|  |TAMS 0x0000000783c00000, 0x0000000783b00000| Untracked 
|  60|0x0000000783c00000, 0x0000000783c00000, 0x0000000783d00000|  0%| F|  |TAMS 0x0000000783c00000, 0x0000000783c00000| Untracked 
|  61|0x0000000783d00000, 0x0000000783e00000, 0x0000000783e00000|100%| O|  |TAMS 0x0000000783e00000, 0x0000000783d00000| Untracked 
|  62|0x0000000783e00000, 0x0000000783f00000, 0x0000000783f00000|100%| O|  |TAMS 0x0000000783f00000, 0x0000000783e00000| Untracked 
|  63|0x0000000783f00000, 0x0000000784000000, 0x0000000784000000|100%|HS|  |TAMS 0x0000000784000000, 0x0000000783f00000| Complete 
|  64|0x0000000784000000, 0x0000000784100000, 0x0000000784100000|100%| O|  |TAMS 0x0000000784100000, 0x0000000784000000| Untracked 
|  65|0x0000000784100000, 0x0000000784100000, 0x0000000784200000|  0%| F|  |TAMS 0x0000000784100000, 0x0000000784100000| Untracked 
|  66|0x0000000784200000, 0x0000000784200000, 0x0000000784300000|  0%| F|  |TAMS 0x0000000784200000, 0x0000000784200000| Untracked 
|  67|0x0000000784300000, 0x0000000784400000, 0x0000000784400000|100%| O|  |TAMS 0x0000000784400000, 0x0000000784300000| Untracked 
|  68|0x0000000784400000, 0x0000000784500000, 0x0000000784500000|100%|HS|  |TAMS 0x0000000784500000, 0x0000000784400000| Complete 
|  69|0x0000000784500000, 0x0000000784500000, 0x0000000784600000|  0%| F|  |TAMS 0x0000000784500000, 0x0000000784500000| Untracked 
|  70|0x0000000784600000, 0x0000000784600000, 0x0000000784700000|  0%| F|  |TAMS 0x0000000784600000, 0x0000000784600000| Untracked 
|  71|0x0000000784700000, 0x0000000784800000, 0x0000000784800000|100%| O|  |TAMS 0x0000000784800000, 0x0000000784700000| Untracked 
|  72|0x0000000784800000, 0x0000000784900000, 0x0000000784900000|100%| O|  |TAMS 0x0000000784900000, 0x0000000784800000| Untracked 
|  73|0x0000000784900000, 0x0000000784a00000, 0x0000000784a00000|100%| O|  |TAMS 0x0000000784a00000, 0x0000000784900000| Untracked 
|  74|0x0000000784a00000, 0x0000000784b00000, 0x0000000784b00000|100%| O|  |TAMS 0x0000000784b00000, 0x0000000784a00000| Untracked 
|  75|0x0000000784b00000, 0x0000000784c00000, 0x0000000784c00000|100%| O|  |TAMS 0x0000000784c00000, 0x0000000784b00000| Untracked 
|  76|0x0000000784c00000, 0x0000000784d00000, 0x0000000784d00000|100%| O|  |TAMS 0x0000000784d00000, 0x0000000784c00000| Untracked 
|  77|0x0000000784d00000, 0x0000000784e00000, 0x0000000784e00000|100%| O|  |TAMS 0x0000000784e00000, 0x0000000784d00000| Untracked 
|  78|0x0000000784e00000, 0x0000000784f00000, 0x0000000784f00000|100%| O|  |TAMS 0x0000000784f00000, 0x0000000784e00000| Untracked 
|  79|0x0000000784f00000, 0x0000000785000000, 0x0000000785000000|100%| O|  |TAMS 0x0000000785000000, 0x0000000784f00000| Untracked 
|  80|0x0000000785000000, 0x0000000785100000, 0x0000000785100000|100%| O|  |TAMS 0x0000000785100000, 0x0000000785000000| Untracked 
|  81|0x0000000785100000, 0x0000000785200000, 0x0000000785200000|100%| O|  |TAMS 0x0000000785200000, 0x0000000785100000| Untracked 
|  82|0x0000000785200000, 0x0000000785300000, 0x0000000785300000|100%| O|  |TAMS 0x0000000785300000, 0x0000000785200000| Untracked 
|  83|0x0000000785300000, 0x0000000785400000, 0x0000000785400000|100%| O|  |TAMS 0x0000000785400000, 0x0000000785300000| Untracked 
|  84|0x0000000785400000, 0x0000000785500000, 0x0000000785500000|100%| O|  |TAMS 0x0000000785500000, 0x0000000785400000| Untracked 
|  85|0x0000000785500000, 0x0000000785600000, 0x0000000785600000|100%| O|  |TAMS 0x0000000785600000, 0x0000000785500000| Untracked 
|  86|0x0000000785600000, 0x0000000785700000, 0x0000000785700000|100%| O|  |TAMS 0x0000000785700000, 0x0000000785600000| Untracked 
|  87|0x0000000785700000, 0x0000000785800000, 0x0000000785800000|100%| O|  |TAMS 0x0000000785800000, 0x0000000785700000| Untracked 
|  88|0x0000000785800000, 0x0000000785900000, 0x0000000785900000|100%| O|  |TAMS 0x0000000785900000, 0x0000000785800000| Untracked 
|  89|0x0000000785900000, 0x0000000785a00000, 0x0000000785a00000|100%| O|  |TAMS 0x0000000785a00000, 0x0000000785900000| Untracked 
|  90|0x0000000785a00000, 0x0000000785b00000, 0x0000000785b00000|100%| O|  |TAMS 0x0000000785b00000, 0x0000000785a00000| Untracked 
|  91|0x0000000785b00000, 0x0000000785c00000, 0x0000000785c00000|100%| O|  |TAMS 0x0000000785c00000, 0x0000000785b00000| Untracked 
|  92|0x0000000785c00000, 0x0000000785d00000, 0x0000000785d00000|100%| O|  |TAMS 0x0000000785d00000, 0x0000000785c00000| Untracked 
|  93|0x0000000785d00000, 0x0000000785e00000, 0x0000000785e00000|100%| O|  |TAMS 0x0000000785d00000, 0x0000000785d00000| Untracked 
|  94|0x0000000785e00000, 0x0000000785f00000, 0x0000000785f00000|100%| O|  |TAMS 0x0000000785f00000, 0x0000000785e00000| Untracked 
|  95|0x0000000785f00000, 0x0000000786000000, 0x0000000786000000|100%| O|  |TAMS 0x0000000786000000, 0x0000000785f00000| Untracked 
|  96|0x0000000786000000, 0x0000000786100000, 0x0000000786100000|100%| O|  |TAMS 0x0000000786100000, 0x0000000786000000| Untracked 
|  97|0x0000000786100000, 0x0000000786200000, 0x0000000786200000|100%| O|  |TAMS 0x0000000786200000, 0x0000000786100000| Untracked 
|  98|0x0000000786200000, 0x0000000786300000, 0x0000000786300000|100%| O|  |TAMS 0x0000000786300000, 0x0000000786200000| Untracked 
|  99|0x0000000786300000, 0x0000000786300000, 0x0000000786400000|  0%| F|  |TAMS 0x0000000786300000, 0x0000000786300000| Untracked 
| 100|0x0000000786400000, 0x0000000786400000, 0x0000000786500000|  0%| F|  |TAMS 0x0000000786400000, 0x0000000786400000| Untracked 
| 101|0x0000000786500000, 0x0000000786600000, 0x0000000786600000|100%|HS|  |TAMS 0x0000000786600000, 0x0000000786500000| Complete 
| 102|0x0000000786600000, 0x0000000786700000, 0x0000000786700000|100%|HS|  |TAMS 0x0000000786700000, 0x0000000786600000| Complete 
| 103|0x0000000786700000, 0x0000000786800000, 0x0000000786800000|100%| O|  |TAMS 0x0000000786800000, 0x0000000786700000| Untracked 
| 104|0x0000000786800000, 0x0000000786900000, 0x0000000786900000|100%|HS|  |TAMS 0x0000000786900000, 0x0000000786800000| Complete 
| 105|0x0000000786900000, 0x0000000786a00000, 0x0000000786a00000|100%|HS|  |TAMS 0x0000000786a00000, 0x0000000786900000| Complete 
| 106|0x0000000786a00000, 0x0000000786b00000, 0x0000000786b00000|100%| O|  |TAMS 0x0000000786b00000, 0x0000000786a00000| Untracked 
| 107|0x0000000786b00000, 0x0000000786c00000, 0x0000000786c00000|100%|HS|  |TAMS 0x0000000786c00000, 0x0000000786b00000| Complete 
| 108|0x0000000786c00000, 0x0000000786d00000, 0x0000000786d00000|100%|HS|  |TAMS 0x0000000786d00000, 0x0000000786c00000| Complete 
| 109|0x0000000786d00000, 0x0000000786e00000, 0x0000000786e00000|100%|HC|  |TAMS 0x0000000786e00000, 0x0000000786d00000| Complete 
| 110|0x0000000786e00000, 0x0000000786f00000, 0x0000000786f00000|100%|HS|  |TAMS 0x0000000786f00000, 0x0000000786e00000| Complete 
| 111|0x0000000786f00000, 0x0000000787000000, 0x0000000787000000|100%|HC|  |TAMS 0x0000000787000000, 0x0000000786f00000| Complete 
| 112|0x0000000787000000, 0x0000000787100000, 0x0000000787100000|100%|HC|  |TAMS 0x0000000787100000, 0x0000000787000000| Complete 
| 113|0x0000000787100000, 0x0000000787200000, 0x0000000787200000|100%|HS|  |TAMS 0x0000000787200000, 0x0000000787100000| Complete 
| 114|0x0000000787200000, 0x0000000787300000, 0x0000000787300000|100%| O|  |TAMS 0x0000000787300000, 0x0000000787200000| Untracked 
| 115|0x0000000787300000, 0x0000000787400000, 0x0000000787400000|100%| O|  |TAMS 0x0000000787400000, 0x0000000787300000| Untracked 
| 116|0x0000000787400000, 0x0000000787500000, 0x0000000787500000|100%| O|  |TAMS 0x0000000787500000, 0x0000000787400000| Untracked 
| 117|0x0000000787500000, 0x0000000787600000, 0x0000000787600000|100%| O|  |TAMS 0x0000000787600000, 0x0000000787500000| Untracked 
| 118|0x0000000787600000, 0x0000000787700000, 0x0000000787700000|100%| O|  |TAMS 0x0000000787700000, 0x0000000787600000| Untracked 
| 119|0x0000000787700000, 0x0000000787800000, 0x0000000787800000|100%| O|  |TAMS 0x0000000787800000, 0x0000000787700000| Untracked 
| 120|0x0000000787800000, 0x0000000787900000, 0x0000000787900000|100%| O|  |TAMS 0x0000000787900000, 0x0000000787800000| Untracked 
| 121|0x0000000787900000, 0x0000000787a00000, 0x0000000787a00000|100%| O|  |TAMS 0x0000000787a00000, 0x0000000787900000| Untracked 
| 122|0x0000000787a00000, 0x0000000787b00000, 0x0000000787b00000|100%| O|  |TAMS 0x0000000787b00000, 0x0000000787a00000| Untracked 
| 123|0x0000000787b00000, 0x0000000787c00000, 0x0000000787c00000|100%| O|  |TAMS 0x0000000787c00000, 0x0000000787b00000| Untracked 
| 124|0x0000000787c00000, 0x0000000787d00000, 0x0000000787d00000|100%| O|  |TAMS 0x0000000787d00000, 0x0000000787c00000| Untracked 
| 125|0x0000000787d00000, 0x0000000787e00000, 0x0000000787e00000|100%| O|  |TAMS 0x0000000787e00000, 0x0000000787d00000| Untracked 
| 126|0x0000000787e00000, 0x0000000787f00000, 0x0000000787f00000|100%| O|  |TAMS 0x0000000787f00000, 0x0000000787e00000| Untracked 
| 127|0x0000000787f00000, 0x0000000788000000, 0x0000000788000000|100%| O|  |TAMS 0x0000000788000000, 0x0000000787f00000| Untracked 
| 128|0x0000000788000000, 0x0000000788100000, 0x0000000788100000|100%| O|  |TAMS 0x0000000788100000, 0x0000000788000000| Untracked 
| 129|0x0000000788100000, 0x0000000788200000, 0x0000000788200000|100%| O|  |TAMS 0x0000000788200000, 0x0000000788100000| Untracked 
| 130|0x0000000788200000, 0x0000000788300000, 0x0000000788300000|100%| O|  |TAMS 0x0000000788300000, 0x0000000788200000| Untracked 
| 131|0x0000000788300000, 0x0000000788400000, 0x0000000788400000|100%|HS|  |TAMS 0x0000000788400000, 0x0000000788300000| Complete 
| 132|0x0000000788400000, 0x0000000788500000, 0x0000000788500000|100%| O|  |TAMS 0x0000000788500000, 0x0000000788400000| Untracked 
| 133|0x0000000788500000, 0x0000000788600000, 0x0000000788600000|100%| O|  |TAMS 0x0000000788600000, 0x0000000788500000| Untracked 
| 134|0x0000000788600000, 0x0000000788700000, 0x0000000788700000|100%| O|  |TAMS 0x0000000788600000, 0x0000000788600000| Untracked 
| 135|0x0000000788700000, 0x0000000788800000, 0x0000000788800000|100%| O|  |TAMS 0x0000000788800000, 0x0000000788700000| Untracked 
| 136|0x0000000788800000, 0x0000000788900000, 0x0000000788900000|100%| O|  |TAMS 0x0000000788800000, 0x0000000788800000| Untracked 
| 137|0x0000000788900000, 0x0000000788a00000, 0x0000000788a00000|100%| O|  |TAMS 0x0000000788a00000, 0x0000000788900000| Untracked 
| 138|0x0000000788a00000, 0x0000000788b00000, 0x0000000788b00000|100%| O|  |TAMS 0x0000000788b00000, 0x0000000788a00000| Untracked 
| 139|0x0000000788b00000, 0x0000000788c00000, 0x0000000788c00000|100%| O|  |TAMS 0x0000000788c00000, 0x0000000788b00000| Untracked 
| 140|0x0000000788c00000, 0x0000000788d00000, 0x0000000788d00000|100%|HS|  |TAMS 0x0000000788c00000, 0x0000000788c00000| Complete 
| 141|0x0000000788d00000, 0x0000000788e00000, 0x0000000788e00000|100%|HC|  |TAMS 0x0000000788d00000, 0x0000000788d00000| Complete 
| 142|0x0000000788e00000, 0x0000000788f00000, 0x0000000788f00000|100%| O|  |TAMS 0x0000000788f00000, 0x0000000788e00000| Untracked 
| 143|0x0000000788f00000, 0x0000000789000000, 0x0000000789000000|100%| O|  |TAMS 0x0000000789000000, 0x0000000788f00000| Untracked 
| 144|0x0000000789000000, 0x0000000789100000, 0x0000000789100000|100%| O|  |TAMS 0x0000000789100000, 0x0000000789000000| Untracked 
| 145|0x0000000789100000, 0x0000000789200000, 0x0000000789200000|100%| O|  |TAMS 0x0000000789200000, 0x0000000789100000| Untracked 
| 146|0x0000000789200000, 0x0000000789300000, 0x0000000789300000|100%| O|  |TAMS 0x0000000789300000, 0x0000000789200000| Untracked 
| 147|0x0000000789300000, 0x0000000789400000, 0x0000000789400000|100%| O|  |TAMS 0x0000000789400000, 0x0000000789300000| Untracked 
| 148|0x0000000789400000, 0x0000000789500000, 0x0000000789500000|100%| O|  |TAMS 0x0000000789500000, 0x0000000789400000| Untracked 
| 149|0x0000000789500000, 0x0000000789600000, 0x0000000789600000|100%|HS|  |TAMS 0x0000000789600000, 0x0000000789500000| Complete 
| 150|0x0000000789600000, 0x0000000789700000, 0x0000000789700000|100%|HC|  |TAMS 0x0000000789700000, 0x0000000789600000| Complete 
| 151|0x0000000789700000, 0x0000000789800000, 0x0000000789800000|100%| O|  |TAMS 0x0000000789800000, 0x0000000789700000| Untracked 
| 152|0x0000000789800000, 0x0000000789900000, 0x0000000789900000|100%| O|  |TAMS 0x0000000789900000, 0x0000000789800000| Untracked 
| 153|0x0000000789900000, 0x0000000789a00000, 0x0000000789a00000|100%|HS|  |TAMS 0x0000000789a00000, 0x0000000789900000| Complete 
| 154|0x0000000789a00000, 0x0000000789b00000, 0x0000000789b00000|100%|HC|  |TAMS 0x0000000789b00000, 0x0000000789a00000| Complete 
| 155|0x0000000789b00000, 0x0000000789c00000, 0x0000000789c00000|100%|HC|  |TAMS 0x0000000789c00000, 0x0000000789b00000| Complete 
| 156|0x0000000789c00000, 0x0000000789d00000, 0x0000000789d00000|100%| O|  |TAMS 0x0000000789d00000, 0x0000000789c00000| Untracked 
| 157|0x0000000789d00000, 0x0000000789e00000, 0x0000000789e00000|100%|HS|  |TAMS 0x0000000789e00000, 0x0000000789d00000| Complete 
| 158|0x0000000789e00000, 0x0000000789f00000, 0x0000000789f00000|100%| O|  |TAMS 0x0000000789f00000, 0x0000000789e00000| Untracked 
| 159|0x0000000789f00000, 0x000000078a000000, 0x000000078a000000|100%| O|  |TAMS 0x000000078a000000, 0x0000000789f00000| Untracked 
| 160|0x000000078a000000, 0x000000078a100000, 0x000000078a100000|100%| O|  |TAMS 0x000000078a100000, 0x000000078a000000| Untracked 
| 161|0x000000078a100000, 0x000000078a200000, 0x000000078a200000|100%| O|  |TAMS 0x000000078a200000, 0x000000078a100000| Untracked 
| 162|0x000000078a200000, 0x000000078a300000, 0x000000078a300000|100%| O|  |TAMS 0x000000078a300000, 0x000000078a200000| Untracked 
| 163|0x000000078a300000, 0x000000078a400000, 0x000000078a400000|100%| O|  |TAMS 0x000000078a400000, 0x000000078a300000| Untracked 
| 164|0x000000078a400000, 0x000000078a500000, 0x000000078a500000|100%| O|  |TAMS 0x000000078a500000, 0x000000078a400000| Untracked 
| 165|0x000000078a500000, 0x000000078a600000, 0x000000078a600000|100%| O|  |TAMS 0x000000078a600000, 0x000000078a500000| Untracked 
| 166|0x000000078a600000, 0x000000078a700000, 0x000000078a700000|100%|HS|  |TAMS 0x000000078a700000, 0x000000078a600000| Complete 
| 167|0x000000078a700000, 0x000000078a800000, 0x000000078a800000|100%|HC|  |TAMS 0x000000078a800000, 0x000000078a700000| Complete 
| 168|0x000000078a800000, 0x000000078a900000, 0x000000078a900000|100%|HS|  |TAMS 0x000000078a900000, 0x000000078a800000| Complete 
| 169|0x000000078a900000, 0x000000078aa00000, 0x000000078aa00000|100%| O|  |TAMS 0x000000078aa00000, 0x000000078a900000| Untracked 
| 170|0x000000078aa00000, 0x000000078ab00000, 0x000000078ab00000|100%| O|  |TAMS 0x000000078ab00000, 0x000000078aa00000| Untracked 
| 171|0x000000078ab00000, 0x000000078ac00000, 0x000000078ac00000|100%| O|  |TAMS 0x000000078ab00000, 0x000000078ab00000| Untracked 
| 172|0x000000078ac00000, 0x000000078ad00000, 0x000000078ad00000|100%|HS|  |TAMS 0x000000078ad00000, 0x000000078ac00000| Complete 
| 173|0x000000078ad00000, 0x000000078ae00000, 0x000000078ae00000|100%| O|  |TAMS 0x000000078ae00000, 0x000000078ad00000| Untracked 
| 174|0x000000078ae00000, 0x000000078af00000, 0x000000078af00000|100%| O|  |TAMS 0x000000078af00000, 0x000000078ae00000| Untracked 
| 175|0x000000078af00000, 0x000000078b000000, 0x000000078b000000|100%| O|  |TAMS 0x000000078b000000, 0x000000078af00000| Untracked 
| 176|0x000000078b000000, 0x000000078b100000, 0x000000078b100000|100%| O|  |TAMS 0x000000078b100000, 0x000000078b000000| Untracked 
| 177|0x000000078b100000, 0x000000078b200000, 0x000000078b200000|100%| O|  |TAMS 0x000000078b200000, 0x000000078b100000| Untracked 
| 178|0x000000078b200000, 0x000000078b300000, 0x000000078b300000|100%| O|  |TAMS 0x000000078b300000, 0x000000078b200000| Untracked 
| 179|0x000000078b300000, 0x000000078b400000, 0x000000078b400000|100%| O|  |TAMS 0x000000078b300000, 0x000000078b300000| Untracked 
| 180|0x000000078b400000, 0x000000078b500000, 0x000000078b500000|100%| O|  |TAMS 0x000000078b500000, 0x000000078b400000| Untracked 
| 181|0x000000078b500000, 0x000000078b600000, 0x000000078b600000|100%| O|  |TAMS 0x000000078b600000, 0x000000078b500000| Untracked 
| 182|0x000000078b600000, 0x000000078b700000, 0x000000078b700000|100%| O|  |TAMS 0x000000078b700000, 0x000000078b600000| Untracked 
| 183|0x000000078b700000, 0x000000078b800000, 0x000000078b800000|100%| O|  |TAMS 0x000000078b700000, 0x000000078b700000| Untracked 
| 184|0x000000078b800000, 0x000000078b900000, 0x000000078b900000|100%| O|  |TAMS 0x000000078b900000, 0x000000078b800000| Untracked 
| 185|0x000000078b900000, 0x000000078ba00000, 0x000000078ba00000|100%| O|  |TAMS 0x000000078ba00000, 0x000000078b900000| Untracked 
| 186|0x000000078ba00000, 0x000000078bb00000, 0x000000078bb00000|100%| O|  |TAMS 0x000000078bb00000, 0x000000078ba00000| Untracked 
| 187|0x000000078bb00000, 0x000000078bc00000, 0x000000078bc00000|100%| O|  |TAMS 0x000000078bc00000, 0x000000078bb00000| Untracked 
| 188|0x000000078bc00000, 0x000000078bd00000, 0x000000078bd00000|100%| O|  |TAMS 0x000000078bd00000, 0x000000078bc00000| Untracked 
| 189|0x000000078bd00000, 0x000000078be00000, 0x000000078be00000|100%|HS|  |TAMS 0x000000078be00000, 0x000000078bd00000| Complete 
| 190|0x000000078be00000, 0x000000078bf00000, 0x000000078bf00000|100%| O|  |TAMS 0x000000078bf00000, 0x000000078be00000| Untracked 
| 191|0x000000078bf00000, 0x000000078bf00000, 0x000000078c000000|  0%| F|  |TAMS 0x000000078bf00000, 0x000000078bf00000| Untracked 
| 192|0x000000078c000000, 0x000000078c100000, 0x000000078c100000|100%| O|  |TAMS 0x000000078c100000, 0x000000078c000000| Untracked 
| 193|0x000000078c100000, 0x000000078c200000, 0x000000078c200000|100%| O|  |TAMS 0x000000078c200000, 0x000000078c100000| Untracked 
| 194|0x000000078c200000, 0x000000078c200000, 0x000000078c300000|  0%| F|  |TAMS 0x000000078c200000, 0x000000078c200000| Untracked 
| 195|0x000000078c300000, 0x000000078c400000, 0x000000078c400000|100%| O|  |TAMS 0x000000078c400000, 0x000000078c300000| Untracked 
| 196|0x000000078c400000, 0x000000078c500000, 0x000000078c500000|100%| O|  |TAMS 0x000000078c500000, 0x000000078c400000| Untracked 
| 197|0x000000078c500000, 0x000000078c600000, 0x000000078c600000|100%| O|  |TAMS 0x000000078c600000, 0x000000078c500000| Untracked 
| 198|0x000000078c600000, 0x000000078c700000, 0x000000078c700000|100%| O|  |TAMS 0x000000078c700000, 0x000000078c600000| Untracked 
| 199|0x000000078c700000, 0x000000078c700000, 0x000000078c800000|  0%| F|  |TAMS 0x000000078c700000, 0x000000078c700000| Untracked 
| 200|0x000000078c800000, 0x000000078c900000, 0x000000078c900000|100%| O|  |TAMS 0x000000078c900000, 0x000000078c800000| Untracked 
| 201|0x000000078c900000, 0x000000078ca00000, 0x000000078ca00000|100%| O|  |TAMS 0x000000078ca00000, 0x000000078c900000| Untracked 
| 202|0x000000078ca00000, 0x000000078cb00000, 0x000000078cb00000|100%| O|  |TAMS 0x000000078cb00000, 0x000000078ca00000| Untracked 
| 203|0x000000078cb00000, 0x000000078cc00000, 0x000000078cc00000|100%| O|  |TAMS 0x000000078cc00000, 0x000000078cb00000| Untracked 
| 204|0x000000078cc00000, 0x000000078cd00000, 0x000000078cd00000|100%|HS|  |TAMS 0x000000078cc00000, 0x000000078cc00000| Complete 
| 205|0x000000078cd00000, 0x000000078ce00000, 0x000000078ce00000|100%| O|  |TAMS 0x000000078ce00000, 0x000000078cd00000| Untracked 
| 206|0x000000078ce00000, 0x000000078cf00000, 0x000000078cf00000|100%| O|  |TAMS 0x000000078cf00000, 0x000000078ce00000| Untracked 
| 207|0x000000078cf00000, 0x000000078d000000, 0x000000078d000000|100%| O|  |TAMS 0x000000078d000000, 0x000000078cf00000| Untracked 
| 208|0x000000078d000000, 0x000000078d100000, 0x000000078d100000|100%| O|  |TAMS 0x000000078d100000, 0x000000078d000000| Untracked 
| 209|0x000000078d100000, 0x000000078d200000, 0x000000078d200000|100%| O|  |TAMS 0x000000078d200000, 0x000000078d100000| Untracked 
| 210|0x000000078d200000, 0x000000078d300000, 0x000000078d300000|100%| O|  |TAMS 0x000000078d300000, 0x000000078d200000| Untracked 
| 211|0x000000078d300000, 0x000000078d400000, 0x000000078d400000|100%| O|  |TAMS 0x000000078d400000, 0x000000078d300000| Untracked 
| 212|0x000000078d400000, 0x000000078d500000, 0x000000078d500000|100%| O|  |TAMS 0x000000078d500000, 0x000000078d400000| Untracked 
| 213|0x000000078d500000, 0x000000078d600000, 0x000000078d600000|100%| O|  |TAMS 0x000000078d600000, 0x000000078d500000| Untracked 
| 214|0x000000078d600000, 0x000000078d700000, 0x000000078d700000|100%| O|  |TAMS 0x000000078d700000, 0x000000078d600000| Untracked 
| 215|0x000000078d700000, 0x000000078d800000, 0x000000078d800000|100%| O|  |TAMS 0x000000078d800000, 0x000000078d700000| Untracked 
| 216|0x000000078d800000, 0x000000078d900000, 0x000000078d900000|100%| O|  |TAMS 0x000000078d900000, 0x000000078d800000| Untracked 
| 217|0x000000078d900000, 0x000000078da00000, 0x000000078da00000|100%| O|  |TAMS 0x000000078da00000, 0x000000078d900000| Untracked 
| 218|0x000000078da00000, 0x000000078db00000, 0x000000078db00000|100%| O|  |TAMS 0x000000078db00000, 0x000000078da00000| Untracked 
| 219|0x000000078db00000, 0x000000078dc00000, 0x000000078dc00000|100%| O|  |TAMS 0x000000078dc00000, 0x000000078db00000| Untracked 
| 220|0x000000078dc00000, 0x000000078dd00000, 0x000000078dd00000|100%| O|  |TAMS 0x000000078dd00000, 0x000000078dc00000| Untracked 
| 221|0x000000078dd00000, 0x000000078de00000, 0x000000078de00000|100%|HS|  |TAMS 0x000000078de00000, 0x000000078dd00000| Complete 
| 222|0x000000078de00000, 0x000000078df00000, 0x000000078df00000|100%|HC|  |TAMS 0x000000078df00000, 0x000000078de00000| Complete 
| 223|0x000000078df00000, 0x000000078e000000, 0x000000078e000000|100%|HC|  |TAMS 0x000000078e000000, 0x000000078df00000| Complete 
| 224|0x000000078e000000, 0x000000078e100000, 0x000000078e100000|100%| O|  |TAMS 0x000000078e100000, 0x000000078e000000| Untracked 
| 225|0x000000078e100000, 0x000000078e200000, 0x000000078e200000|100%| O|  |TAMS 0x000000078e200000, 0x000000078e100000| Untracked 
| 226|0x000000078e200000, 0x000000078e300000, 0x000000078e300000|100%| O|  |TAMS 0x000000078e300000, 0x000000078e200000| Untracked 
| 227|0x000000078e300000, 0x000000078e400000, 0x000000078e400000|100%| O|  |TAMS 0x000000078e400000, 0x000000078e300000| Untracked 
| 228|0x000000078e400000, 0x000000078e500000, 0x000000078e500000|100%| O|  |TAMS 0x000000078e500000, 0x000000078e400000| Untracked 
| 229|0x000000078e500000, 0x000000078e600000, 0x000000078e600000|100%| O|  |TAMS 0x000000078e600000, 0x000000078e500000| Untracked 
| 230|0x000000078e600000, 0x000000078e700000, 0x000000078e700000|100%| O|  |TAMS 0x000000078e700000, 0x000000078e600000| Untracked 
| 231|0x000000078e700000, 0x000000078e800000, 0x000000078e800000|100%| O|  |TAMS 0x000000078e800000, 0x000000078e700000| Untracked 
| 232|0x000000078e800000, 0x000000078e900000, 0x000000078e900000|100%| O|  |TAMS 0x000000078e900000, 0x000000078e800000| Untracked 
| 233|0x000000078e900000, 0x000000078ea00000, 0x000000078ea00000|100%|HS|  |TAMS 0x000000078ea00000, 0x000000078e900000| Complete 
| 234|0x000000078ea00000, 0x000000078eb00000, 0x000000078eb00000|100%|HC|  |TAMS 0x000000078eb00000, 0x000000078ea00000| Complete 
| 235|0x000000078eb00000, 0x000000078ec00000, 0x000000078ec00000|100%|HC|  |TAMS 0x000000078ec00000, 0x000000078eb00000| Complete 
| 236|0x000000078ec00000, 0x000000078ed00000, 0x000000078ed00000|100%| O|  |TAMS 0x000000078ed00000, 0x000000078ec00000| Untracked 
| 237|0x000000078ed00000, 0x000000078ee00000, 0x000000078ee00000|100%| O|  |TAMS 0x000000078ee00000, 0x000000078ed00000| Untracked 
| 238|0x000000078ee00000, 0x000000078ef00000, 0x000000078ef00000|100%| O|  |TAMS 0x000000078ef00000, 0x000000078ee00000| Untracked 
| 239|0x000000078ef00000, 0x000000078f000000, 0x000000078f000000|100%| O|  |TAMS 0x000000078f000000, 0x000000078ef00000| Untracked 
| 240|0x000000078f000000, 0x000000078f100000, 0x000000078f100000|100%| O|  |TAMS 0x000000078f100000, 0x000000078f000000| Untracked 
| 241|0x000000078f100000, 0x000000078f100000, 0x000000078f200000|  0%| F|  |TAMS 0x000000078f100000, 0x000000078f100000| Untracked 
| 242|0x000000078f200000, 0x000000078f300000, 0x000000078f300000|100%| O|  |TAMS 0x000000078f300000, 0x000000078f200000| Untracked 
| 243|0x000000078f300000, 0x000000078f400000, 0x000000078f400000|100%| O|  |TAMS 0x000000078f400000, 0x000000078f300000| Untracked 
| 244|0x000000078f400000, 0x000000078f500000, 0x000000078f500000|100%| O|  |TAMS 0x000000078f500000, 0x000000078f400000| Untracked 
| 245|0x000000078f500000, 0x000000078f600000, 0x000000078f600000|100%| O|  |TAMS 0x000000078f600000, 0x000000078f500000| Untracked 
| 246|0x000000078f600000, 0x000000078f700000, 0x000000078f700000|100%| O|  |TAMS 0x000000078f700000, 0x000000078f600000| Untracked 
| 247|0x000000078f700000, 0x000000078f800000, 0x000000078f800000|100%| O|  |TAMS 0x000000078f800000, 0x000000078f700000| Untracked 
| 248|0x000000078f800000, 0x000000078f900000, 0x000000078f900000|100%| O|  |TAMS 0x000000078f900000, 0x000000078f800000| Untracked 
| 249|0x000000078f900000, 0x000000078fa00000, 0x000000078fa00000|100%| O|  |TAMS 0x000000078fa00000, 0x000000078f900000| Untracked 
| 250|0x000000078fa00000, 0x000000078fb00000, 0x000000078fb00000|100%| O|  |TAMS 0x000000078fb00000, 0x000000078fa00000| Untracked 
| 251|0x000000078fb00000, 0x000000078fc00000, 0x000000078fc00000|100%| O|  |TAMS 0x000000078fc00000, 0x000000078fb00000| Untracked 
| 252|0x000000078fc00000, 0x000000078fd00000, 0x000000078fd00000|100%| O|  |TAMS 0x000000078fd00000, 0x000000078fc00000| Untracked 
| 253|0x000000078fd00000, 0x000000078fe00000, 0x000000078fe00000|100%| O|  |TAMS 0x000000078fe00000, 0x000000078fd00000| Untracked 
| 254|0x000000078fe00000, 0x000000078ff00000, 0x000000078ff00000|100%| O|  |TAMS 0x000000078ff00000, 0x000000078fe00000| Untracked 
| 255|0x000000078ff00000, 0x0000000790000000, 0x0000000790000000|100%| O|  |TAMS 0x0000000790000000, 0x000000078ff00000| Untracked 
| 256|0x0000000790000000, 0x0000000790100000, 0x0000000790100000|100%| O|  |TAMS 0x0000000790100000, 0x0000000790000000| Untracked 
| 257|0x0000000790100000, 0x0000000790200000, 0x0000000790200000|100%| O|  |TAMS 0x0000000790200000, 0x0000000790100000| Untracked 
| 258|0x0000000790200000, 0x0000000790300000, 0x0000000790300000|100%| O|  |TAMS 0x0000000790300000, 0x0000000790200000| Untracked 
| 259|0x0000000790300000, 0x0000000790400000, 0x0000000790400000|100%| O|  |TAMS 0x0000000790400000, 0x0000000790300000| Untracked 
| 260|0x0000000790400000, 0x0000000790400000, 0x0000000790500000|  0%| F|  |TAMS 0x0000000790400000, 0x0000000790400000| Untracked 
| 261|0x0000000790500000, 0x0000000790500000, 0x0000000790600000|  0%| F|  |TAMS 0x0000000790500000, 0x0000000790500000| Untracked 
| 262|0x0000000790600000, 0x0000000790700000, 0x0000000790700000|100%| O|  |TAMS 0x0000000790700000, 0x0000000790600000| Untracked 
| 263|0x0000000790700000, 0x0000000790800000, 0x0000000790800000|100%| O|  |TAMS 0x0000000790800000, 0x0000000790700000| Untracked 
| 264|0x0000000790800000, 0x0000000790900000, 0x0000000790900000|100%| O|  |TAMS 0x0000000790900000, 0x0000000790800000| Untracked 
| 265|0x0000000790900000, 0x0000000790a00000, 0x0000000790a00000|100%| O|  |TAMS 0x0000000790900000, 0x0000000790900000| Untracked 
| 266|0x0000000790a00000, 0x0000000790b00000, 0x0000000790b00000|100%| O|  |TAMS 0x0000000790b00000, 0x0000000790a00000| Untracked 
| 267|0x0000000790b00000, 0x0000000790b00000, 0x0000000790c00000|  0%| F|  |TAMS 0x0000000790b00000, 0x0000000790b00000| Untracked 
| 268|0x0000000790c00000, 0x0000000790d00000, 0x0000000790d00000|100%| O|  |TAMS 0x0000000790d00000, 0x0000000790c00000| Untracked 
| 269|0x0000000790d00000, 0x0000000790e00000, 0x0000000790e00000|100%| O|  |TAMS 0x0000000790e00000, 0x0000000790d00000| Untracked 
| 270|0x0000000790e00000, 0x0000000790e00000, 0x0000000790f00000|  0%| F|  |TAMS 0x0000000790e00000, 0x0000000790e00000| Untracked 
| 271|0x0000000790f00000, 0x0000000791000000, 0x0000000791000000|100%| O|  |TAMS 0x0000000791000000, 0x0000000790f00000| Untracked 
| 272|0x0000000791000000, 0x0000000791100000, 0x0000000791100000|100%| O|  |TAMS 0x0000000791100000, 0x0000000791000000| Untracked 
| 273|0x0000000791100000, 0x0000000791200000, 0x0000000791200000|100%| O|  |TAMS 0x0000000791200000, 0x0000000791100000| Untracked 
| 274|0x0000000791200000, 0x0000000791300000, 0x0000000791300000|100%| O|  |TAMS 0x0000000791300000, 0x0000000791200000| Untracked 
| 275|0x0000000791300000, 0x0000000791300000, 0x0000000791400000|  0%| F|  |TAMS 0x0000000791300000, 0x0000000791300000| Untracked 
| 276|0x0000000791400000, 0x0000000791400000, 0x0000000791500000|  0%| F|  |TAMS 0x0000000791400000, 0x0000000791400000| Untracked 
| 277|0x0000000791500000, 0x0000000791500000, 0x0000000791600000|  0%| F|  |TAMS 0x0000000791500000, 0x0000000791500000| Untracked 
| 278|0x0000000791600000, 0x0000000791600000, 0x0000000791700000|  0%| F|  |TAMS 0x0000000791600000, 0x0000000791600000| Untracked 
| 279|0x0000000791700000, 0x0000000791800000, 0x0000000791800000|100%| O|  |TAMS 0x0000000791800000, 0x0000000791700000| Untracked 
| 280|0x0000000791800000, 0x0000000791900000, 0x0000000791900000|100%| O|  |TAMS 0x0000000791900000, 0x0000000791800000| Untracked 
| 281|0x0000000791900000, 0x0000000791a00000, 0x0000000791a00000|100%| O|  |TAMS 0x0000000791a00000, 0x0000000791900000| Untracked 
| 282|0x0000000791a00000, 0x0000000791b00000, 0x0000000791b00000|100%| O|  |TAMS 0x0000000791b00000, 0x0000000791a00000| Untracked 
| 283|0x0000000791b00000, 0x0000000791c00000, 0x0000000791c00000|100%| O|  |TAMS 0x0000000791c00000, 0x0000000791b00000| Untracked 
| 284|0x0000000791c00000, 0x0000000791d00000, 0x0000000791d00000|100%| O|  |TAMS 0x0000000791d00000, 0x0000000791c00000| Untracked 
| 285|0x0000000791d00000, 0x0000000791e00000, 0x0000000791e00000|100%| O|  |TAMS 0x0000000791e00000, 0x0000000791d00000| Untracked 
| 286|0x0000000791e00000, 0x0000000791f00000, 0x0000000791f00000|100%| O|  |TAMS 0x0000000791f00000, 0x0000000791e00000| Untracked 
| 287|0x0000000791f00000, 0x0000000792000000, 0x0000000792000000|100%| O|  |TAMS 0x0000000792000000, 0x0000000791f00000| Untracked 
| 288|0x0000000792000000, 0x0000000792100000, 0x0000000792100000|100%| O|  |TAMS 0x0000000792000000, 0x0000000792000000| Untracked 
| 289|0x0000000792100000, 0x0000000792200000, 0x0000000792200000|100%| O|  |TAMS 0x0000000792200000, 0x0000000792100000| Untracked 
| 290|0x0000000792200000, 0x0000000792300000, 0x0000000792300000|100%| O|  |TAMS 0x0000000792300000, 0x0000000792200000| Untracked 
| 291|0x0000000792300000, 0x0000000792400000, 0x0000000792400000|100%| O|  |TAMS 0x0000000792400000, 0x0000000792300000| Untracked 
| 292|0x0000000792400000, 0x0000000792500000, 0x0000000792500000|100%| O|  |TAMS 0x0000000792500000, 0x0000000792400000| Untracked 
| 293|0x0000000792500000, 0x0000000792600000, 0x0000000792600000|100%| O|  |TAMS 0x0000000792600000, 0x0000000792500000| Untracked 
| 294|0x0000000792600000, 0x0000000792700000, 0x0000000792700000|100%| O|  |TAMS 0x0000000792700000, 0x0000000792600000| Untracked 
| 295|0x0000000792700000, 0x0000000792800000, 0x0000000792800000|100%| O|  |TAMS 0x0000000792800000, 0x0000000792700000| Untracked 
| 296|0x0000000792800000, 0x0000000792900000, 0x0000000792900000|100%| O|  |TAMS 0x0000000792900000, 0x0000000792800000| Untracked 
| 297|0x0000000792900000, 0x0000000792a00000, 0x0000000792a00000|100%| O|  |TAMS 0x0000000792a00000, 0x0000000792900000| Untracked 
| 298|0x0000000792a00000, 0x0000000792b00000, 0x0000000792b00000|100%| O|  |TAMS 0x0000000792b00000, 0x0000000792a00000| Untracked 
| 299|0x0000000792b00000, 0x0000000792c00000, 0x0000000792c00000|100%| O|  |TAMS 0x0000000792c00000, 0x0000000792b00000| Untracked 
| 300|0x0000000792c00000, 0x0000000792d00000, 0x0000000792d00000|100%| O|  |TAMS 0x0000000792d00000, 0x0000000792c00000| Untracked 
| 301|0x0000000792d00000, 0x0000000792e00000, 0x0000000792e00000|100%| O|  |TAMS 0x0000000792e00000, 0x0000000792d00000| Untracked 
| 302|0x0000000792e00000, 0x0000000792f00000, 0x0000000792f00000|100%| O|  |TAMS 0x0000000792f00000, 0x0000000792e00000| Untracked 
| 303|0x0000000792f00000, 0x0000000793000000, 0x0000000793000000|100%| O|  |TAMS 0x0000000793000000, 0x0000000792f00000| Untracked 
| 304|0x0000000793000000, 0x0000000793100000, 0x0000000793100000|100%| O|  |TAMS 0x0000000793100000, 0x0000000793000000| Untracked 
| 305|0x0000000793100000, 0x0000000793100000, 0x0000000793200000|  0%| F|  |TAMS 0x0000000793100000, 0x0000000793100000| Untracked 
| 306|0x0000000793200000, 0x0000000793300000, 0x0000000793300000|100%| O|  |TAMS 0x0000000793300000, 0x0000000793200000| Untracked 
| 307|0x0000000793300000, 0x0000000793400000, 0x0000000793400000|100%| O|  |TAMS 0x0000000793400000, 0x0000000793300000| Untracked 
| 308|0x0000000793400000, 0x0000000793500000, 0x0000000793500000|100%| O|  |TAMS 0x0000000793500000, 0x0000000793400000| Untracked 
| 309|0x0000000793500000, 0x0000000793600000, 0x0000000793600000|100%| O|  |TAMS 0x0000000793600000, 0x0000000793500000| Untracked 
| 310|0x0000000793600000, 0x0000000793700000, 0x0000000793700000|100%| O|  |TAMS 0x0000000793700000, 0x0000000793600000| Untracked 
| 311|0x0000000793700000, 0x0000000793800000, 0x0000000793800000|100%| O|  |TAMS 0x0000000793800000, 0x0000000793700000| Untracked 
| 312|0x0000000793800000, 0x0000000793900000, 0x0000000793900000|100%| O|  |TAMS 0x0000000793900000, 0x0000000793800000| Untracked 
| 313|0x0000000793900000, 0x0000000793a00000, 0x0000000793a00000|100%| O|  |TAMS 0x0000000793a00000, 0x0000000793900000| Untracked 
| 314|0x0000000793a00000, 0x0000000793b00000, 0x0000000793b00000|100%| O|  |TAMS 0x0000000793b00000, 0x0000000793a00000| Untracked 
| 315|0x0000000793b00000, 0x0000000793c00000, 0x0000000793c00000|100%| O|  |TAMS 0x0000000793c00000, 0x0000000793b00000| Untracked 
| 316|0x0000000793c00000, 0x0000000793d00000, 0x0000000793d00000|100%| O|  |TAMS 0x0000000793d00000, 0x0000000793c00000| Untracked 
| 317|0x0000000793d00000, 0x0000000793e00000, 0x0000000793e00000|100%| O|  |TAMS 0x0000000793e00000, 0x0000000793d00000| Untracked 
| 318|0x0000000793e00000, 0x0000000793f00000, 0x0000000793f00000|100%| O|  |TAMS 0x0000000793f00000, 0x0000000793e00000| Untracked 
| 319|0x0000000793f00000, 0x0000000794000000, 0x0000000794000000|100%| O|  |TAMS 0x0000000794000000, 0x0000000793f00000| Untracked 
| 320|0x0000000794000000, 0x0000000794100000, 0x0000000794100000|100%| O|  |TAMS 0x0000000794100000, 0x0000000794000000| Untracked 
| 321|0x0000000794100000, 0x0000000794200000, 0x0000000794200000|100%| O|  |TAMS 0x0000000794200000, 0x0000000794100000| Untracked 
| 322|0x0000000794200000, 0x0000000794300000, 0x0000000794300000|100%| O|  |TAMS 0x0000000794300000, 0x0000000794200000| Untracked 
| 323|0x0000000794300000, 0x0000000794400000, 0x0000000794400000|100%| O|  |TAMS 0x0000000794400000, 0x0000000794300000| Untracked 
| 324|0x0000000794400000, 0x0000000794500000, 0x0000000794500000|100%| O|  |TAMS 0x0000000794500000, 0x0000000794400000| Untracked 
| 325|0x0000000794500000, 0x0000000794600000, 0x0000000794600000|100%| O|  |TAMS 0x0000000794600000, 0x0000000794500000| Untracked 
| 326|0x0000000794600000, 0x0000000794700000, 0x0000000794700000|100%| O|  |TAMS 0x0000000794700000, 0x0000000794600000| Untracked 
| 327|0x0000000794700000, 0x0000000794800000, 0x0000000794800000|100%| O|  |TAMS 0x0000000794800000, 0x0000000794700000| Untracked 
| 328|0x0000000794800000, 0x0000000794900000, 0x0000000794900000|100%| O|  |TAMS 0x0000000794900000, 0x0000000794800000| Untracked 
| 329|0x0000000794900000, 0x0000000794a00000, 0x0000000794a00000|100%| O|  |TAMS 0x0000000794a00000, 0x0000000794900000| Untracked 
| 330|0x0000000794a00000, 0x0000000794b00000, 0x0000000794b00000|100%| O|  |TAMS 0x0000000794b00000, 0x0000000794a00000| Untracked 
| 331|0x0000000794b00000, 0x0000000794c00000, 0x0000000794c00000|100%| O|  |TAMS 0x0000000794b80000, 0x0000000794b00000| Untracked 
| 332|0x0000000794c00000, 0x0000000794d00000, 0x0000000794d00000|100%| O|  |TAMS 0x0000000794c00000, 0x0000000794c00000| Untracked 
| 333|0x0000000794d00000, 0x0000000794e00000, 0x0000000794e00000|100%| O|  |TAMS 0x0000000794d00000, 0x0000000794d00000| Untracked 
| 334|0x0000000794e00000, 0x0000000794f00000, 0x0000000794f00000|100%| O|  |TAMS 0x0000000794f00000, 0x0000000794e00000| Untracked 
| 335|0x0000000794f00000, 0x0000000795000000, 0x0000000795000000|100%| O|  |TAMS 0x0000000795000000, 0x0000000794f00000| Untracked 
| 336|0x0000000795000000, 0x0000000795100000, 0x0000000795100000|100%| O|  |TAMS 0x0000000795000000, 0x0000000795000000| Untracked 
| 337|0x0000000795100000, 0x0000000795200000, 0x0000000795200000|100%| O|  |TAMS 0x0000000795100000, 0x0000000795100000| Untracked 
| 338|0x0000000795200000, 0x0000000795300000, 0x0000000795300000|100%| O|  |TAMS 0x0000000795200000, 0x0000000795200000| Untracked 
| 339|0x0000000795300000, 0x0000000795400000, 0x0000000795400000|100%| O|  |TAMS 0x0000000795300000, 0x0000000795300000| Untracked 
| 340|0x0000000795400000, 0x0000000795500000, 0x0000000795500000|100%| O|  |TAMS 0x0000000795400000, 0x0000000795400000| Untracked 
| 341|0x0000000795500000, 0x0000000795600000, 0x0000000795600000|100%| O|  |TAMS 0x0000000795500000, 0x0000000795500000| Untracked 
| 342|0x0000000795600000, 0x0000000795700000, 0x0000000795700000|100%| O|  |TAMS 0x0000000795600000, 0x0000000795600000| Untracked 
| 343|0x0000000795700000, 0x0000000795800000, 0x0000000795800000|100%| O|  |TAMS 0x0000000795700000, 0x0000000795700000| Untracked 
| 344|0x0000000795800000, 0x0000000795900000, 0x0000000795900000|100%| O|  |TAMS 0x0000000795800000, 0x0000000795800000| Untracked 
| 345|0x0000000795900000, 0x0000000795a00000, 0x0000000795a00000|100%| O|  |TAMS 0x0000000795a00000, 0x0000000795900000| Untracked 
| 346|0x0000000795a00000, 0x0000000795b00000, 0x0000000795b00000|100%| O|  |TAMS 0x0000000795a00000, 0x0000000795a00000| Untracked 
| 347|0x0000000795b00000, 0x0000000795c00000, 0x0000000795c00000|100%| O|  |TAMS 0x0000000795c00000, 0x0000000795b00000| Untracked 
| 348|0x0000000795c00000, 0x0000000795d00000, 0x0000000795d00000|100%| O|  |TAMS 0x0000000795c00000, 0x0000000795c00000| Untracked 
| 349|0x0000000795d00000, 0x0000000795e00000, 0x0000000795e00000|100%| O|  |TAMS 0x0000000795e00000, 0x0000000795d00000| Untracked 
| 350|0x0000000795e00000, 0x0000000795f00000, 0x0000000795f00000|100%| O|  |TAMS 0x0000000795e00000, 0x0000000795e00000| Untracked 
| 351|0x0000000795f00000, 0x0000000796000000, 0x0000000796000000|100%| O|  |TAMS 0x0000000795f00000, 0x0000000795f00000| Untracked 
| 352|0x0000000796000000, 0x0000000796100000, 0x0000000796100000|100%| O|  |TAMS 0x0000000796000000, 0x0000000796000000| Untracked 
| 353|0x0000000796100000, 0x0000000796200000, 0x0000000796200000|100%| O|  |TAMS 0x0000000796100000, 0x0000000796100000| Untracked 
| 354|0x0000000796200000, 0x0000000796300000, 0x0000000796300000|100%| O|  |TAMS 0x0000000796300000, 0x0000000796200000| Untracked 
| 355|0x0000000796300000, 0x0000000796400000, 0x0000000796400000|100%| O|  |TAMS 0x0000000796300000, 0x0000000796300000| Untracked 
| 356|0x0000000796400000, 0x0000000796500000, 0x0000000796500000|100%| O|  |TAMS 0x0000000796400000, 0x0000000796400000| Untracked 
| 357|0x0000000796500000, 0x0000000796600000, 0x0000000796600000|100%| O|  |TAMS 0x0000000796500000, 0x0000000796500000| Untracked 
| 358|0x0000000796600000, 0x0000000796700000, 0x0000000796700000|100%| O|  |TAMS 0x0000000796600000, 0x0000000796600000| Untracked 
| 359|0x0000000796700000, 0x0000000796800000, 0x0000000796800000|100%| O|  |TAMS 0x0000000796700000, 0x0000000796700000| Untracked 
| 360|0x0000000796800000, 0x0000000796900000, 0x0000000796900000|100%| O|  |TAMS 0x0000000796800000, 0x0000000796800000| Untracked 
| 361|0x0000000796900000, 0x0000000796900000, 0x0000000796a00000|  0%| F|  |TAMS 0x0000000796900000, 0x0000000796900000| Untracked 
| 362|0x0000000796a00000, 0x0000000796b00000, 0x0000000796b00000|100%| O|  |TAMS 0x0000000796a00000, 0x0000000796a00000| Untracked 
| 363|0x0000000796b00000, 0x0000000796c00000, 0x0000000796c00000|100%| O|  |TAMS 0x0000000796b00000, 0x0000000796b00000| Untracked 
| 364|0x0000000796c00000, 0x0000000796d00000, 0x0000000796d00000|100%| O|  |TAMS 0x0000000796c00000, 0x0000000796c00000| Untracked 
| 365|0x0000000796d00000, 0x0000000796e00000, 0x0000000796e00000|100%| O|  |TAMS 0x0000000796e00000, 0x0000000796d00000| Untracked 
| 366|0x0000000796e00000, 0x0000000796f00000, 0x0000000796f00000|100%| O|  |TAMS 0x0000000796f00000, 0x0000000796e00000| Untracked 
| 367|0x0000000796f00000, 0x0000000797000000, 0x0000000797000000|100%| O|  |TAMS 0x0000000796f00000, 0x0000000796f00000| Untracked 
| 368|0x0000000797000000, 0x0000000797100000, 0x0000000797100000|100%| O|  |TAMS 0x0000000797000000, 0x0000000797000000| Untracked 
| 369|0x0000000797100000, 0x0000000797200000, 0x0000000797200000|100%| O|  |TAMS 0x0000000797100000, 0x0000000797100000| Untracked 
| 370|0x0000000797200000, 0x0000000797300000, 0x0000000797300000|100%| O|  |TAMS 0x0000000797300000, 0x0000000797200000| Untracked 
| 371|0x0000000797300000, 0x0000000797400000, 0x0000000797400000|100%| O|  |TAMS 0x0000000797400000, 0x0000000797300000| Untracked 
| 372|0x0000000797400000, 0x0000000797500000, 0x0000000797500000|100%| O|  |TAMS 0x0000000797500000, 0x0000000797400000| Untracked 
| 373|0x0000000797500000, 0x0000000797600000, 0x0000000797600000|100%| O|  |TAMS 0x0000000797500000, 0x0000000797500000| Untracked 
| 374|0x0000000797600000, 0x0000000797700000, 0x0000000797700000|100%| O|  |TAMS 0x0000000797600000, 0x0000000797600000| Untracked 
| 375|0x0000000797700000, 0x0000000797800000, 0x0000000797800000|100%| O|  |TAMS 0x0000000797700000, 0x0000000797700000| Untracked 
| 376|0x0000000797800000, 0x0000000797900000, 0x0000000797900000|100%| O|  |TAMS 0x0000000797800000, 0x0000000797800000| Untracked 
| 377|0x0000000797900000, 0x0000000797a00000, 0x0000000797a00000|100%| O|  |TAMS 0x0000000797900000, 0x0000000797900000| Untracked 
| 378|0x0000000797a00000, 0x0000000797b00000, 0x0000000797b00000|100%| O|  |TAMS 0x0000000797a00000, 0x0000000797a00000| Untracked 
| 379|0x0000000797b00000, 0x0000000797c00000, 0x0000000797c00000|100%| O|  |TAMS 0x0000000797b00000, 0x0000000797b00000| Untracked 
| 380|0x0000000797c00000, 0x0000000797d00000, 0x0000000797d00000|100%| O|  |TAMS 0x0000000797c00000, 0x0000000797c00000| Untracked 
| 381|0x0000000797d00000, 0x0000000797d00000, 0x0000000797e00000|  0%| F|  |TAMS 0x0000000797d00000, 0x0000000797d00000| Untracked 
| 382|0x0000000797e00000, 0x0000000797f00000, 0x0000000797f00000|100%| O|  |TAMS 0x0000000797e00000, 0x0000000797e00000| Untracked 
| 383|0x0000000797f00000, 0x0000000798000000, 0x0000000798000000|100%| O|  |TAMS 0x0000000797f00000, 0x0000000797f00000| Untracked 
| 384|0x0000000798000000, 0x0000000798100000, 0x0000000798100000|100%| O|  |TAMS 0x0000000798000000, 0x0000000798000000| Untracked 
| 385|0x0000000798100000, 0x0000000798200000, 0x0000000798200000|100%| O|  |TAMS 0x0000000798100000, 0x0000000798100000| Untracked 
| 386|0x0000000798200000, 0x0000000798300000, 0x0000000798300000|100%| O|  |TAMS 0x0000000798200000, 0x0000000798200000| Untracked 
| 387|0x0000000798300000, 0x0000000798400000, 0x0000000798400000|100%| O|  |TAMS 0x0000000798400000, 0x0000000798300000| Untracked 
| 388|0x0000000798400000, 0x0000000798500000, 0x0000000798500000|100%| O|  |TAMS 0x0000000798400000, 0x0000000798400000| Untracked 
| 389|0x0000000798500000, 0x0000000798600000, 0x0000000798600000|100%| O|  |TAMS 0x0000000798500000, 0x0000000798500000| Untracked 
| 390|0x0000000798600000, 0x0000000798700000, 0x0000000798700000|100%| O|  |TAMS 0x0000000798600000, 0x0000000798600000| Untracked 
| 391|0x0000000798700000, 0x0000000798800000, 0x0000000798800000|100%| O|  |TAMS 0x0000000798700000, 0x0000000798700000| Untracked 
| 392|0x0000000798800000, 0x0000000798900000, 0x0000000798900000|100%| O|  |TAMS 0x0000000798800000, 0x0000000798800000| Untracked 
| 393|0x0000000798900000, 0x0000000798a00000, 0x0000000798a00000|100%| O|  |TAMS 0x0000000798900000, 0x0000000798900000| Untracked 
| 394|0x0000000798a00000, 0x0000000798b00000, 0x0000000798b00000|100%| O|  |TAMS 0x0000000798a00000, 0x0000000798a00000| Untracked 
| 395|0x0000000798b00000, 0x0000000798c00000, 0x0000000798c00000|100%| O|  |TAMS 0x0000000798b00000, 0x0000000798b00000| Untracked 
| 396|0x0000000798c00000, 0x0000000798d00000, 0x0000000798d00000|100%| O|  |TAMS 0x0000000798c00000, 0x0000000798c00000| Untracked 
| 397|0x0000000798d00000, 0x0000000798e00000, 0x0000000798e00000|100%| O|  |TAMS 0x0000000798d00000, 0x0000000798d00000| Untracked 
| 398|0x0000000798e00000, 0x0000000798f00000, 0x0000000798f00000|100%| O|  |TAMS 0x0000000798f00000, 0x0000000798e00000| Untracked 
| 399|0x0000000798f00000, 0x0000000799000000, 0x0000000799000000|100%| O|  |TAMS 0x0000000799000000, 0x0000000798f00000| Untracked 
| 400|0x0000000799000000, 0x0000000799100000, 0x0000000799100000|100%| O|  |TAMS 0x0000000799100000, 0x0000000799000000| Untracked 
| 401|0x0000000799100000, 0x0000000799200000, 0x0000000799200000|100%| O|  |TAMS 0x0000000799100000, 0x0000000799100000| Untracked 
| 402|0x0000000799200000, 0x0000000799300000, 0x0000000799300000|100%| O|  |TAMS 0x0000000799200000, 0x0000000799200000| Untracked 
| 403|0x0000000799300000, 0x0000000799400000, 0x0000000799400000|100%| O|  |TAMS 0x0000000799400000, 0x0000000799300000| Untracked 
| 404|0x0000000799400000, 0x0000000799500000, 0x0000000799500000|100%| O|  |TAMS 0x0000000799500000, 0x0000000799400000| Untracked 
| 405|0x0000000799500000, 0x0000000799600000, 0x0000000799600000|100%| O|  |TAMS 0x0000000799500000, 0x0000000799500000| Untracked 
| 406|0x0000000799600000, 0x0000000799700000, 0x0000000799700000|100%| O|  |TAMS 0x0000000799600000, 0x0000000799600000| Untracked 
| 407|0x0000000799700000, 0x0000000799800000, 0x0000000799800000|100%| O|  |TAMS 0x0000000799700000, 0x0000000799700000| Untracked 
| 408|0x0000000799800000, 0x0000000799900000, 0x0000000799900000|100%| O|  |TAMS 0x0000000799800000, 0x0000000799800000| Untracked 
| 409|0x0000000799900000, 0x0000000799a00000, 0x0000000799a00000|100%| O|  |TAMS 0x0000000799900000, 0x0000000799900000| Untracked 
| 410|0x0000000799a00000, 0x0000000799b00000, 0x0000000799b00000|100%| O|  |TAMS 0x0000000799a00000, 0x0000000799a00000| Untracked 
| 411|0x0000000799b00000, 0x0000000799c00000, 0x0000000799c00000|100%| O|  |TAMS 0x0000000799c00000, 0x0000000799b00000| Untracked 
| 412|0x0000000799c00000, 0x0000000799d00000, 0x0000000799d00000|100%| O|  |TAMS 0x0000000799d00000, 0x0000000799c00000| Untracked 
| 413|0x0000000799d00000, 0x0000000799e00000, 0x0000000799e00000|100%| O|  |TAMS 0x0000000799e00000, 0x0000000799d00000| Untracked 
| 414|0x0000000799e00000, 0x0000000799f00000, 0x0000000799f00000|100%| O|  |TAMS 0x0000000799f00000, 0x0000000799e00000| Untracked 
| 415|0x0000000799f00000, 0x000000079a000000, 0x000000079a000000|100%| O|  |TAMS 0x000000079a000000, 0x0000000799f00000| Untracked 
| 416|0x000000079a000000, 0x000000079a100000, 0x000000079a100000|100%| O|  |TAMS 0x000000079a000000, 0x000000079a000000| Untracked 
| 417|0x000000079a100000, 0x000000079a200000, 0x000000079a200000|100%| O|  |TAMS 0x000000079a100000, 0x000000079a100000| Untracked 
| 418|0x000000079a200000, 0x000000079a300000, 0x000000079a300000|100%| O|  |TAMS 0x000000079a200000, 0x000000079a200000| Untracked 
| 419|0x000000079a300000, 0x000000079a400000, 0x000000079a400000|100%| O|  |TAMS 0x000000079a300000, 0x000000079a300000| Untracked 
| 420|0x000000079a400000, 0x000000079a500000, 0x000000079a500000|100%| O|  |TAMS 0x000000079a400000, 0x000000079a400000| Untracked 
| 421|0x000000079a500000, 0x000000079a600000, 0x000000079a600000|100%| O|  |TAMS 0x000000079a500000, 0x000000079a500000| Untracked 
| 422|0x000000079a600000, 0x000000079a700000, 0x000000079a700000|100%| O|  |TAMS 0x000000079a600000, 0x000000079a600000| Untracked 
| 423|0x000000079a700000, 0x000000079a800000, 0x000000079a800000|100%| O|  |TAMS 0x000000079a700000, 0x000000079a700000| Untracked 
| 424|0x000000079a800000, 0x000000079a900000, 0x000000079a900000|100%| O|  |TAMS 0x000000079a900000, 0x000000079a800000| Untracked 
| 425|0x000000079a900000, 0x000000079aa00000, 0x000000079aa00000|100%| O|  |TAMS 0x000000079aa00000, 0x000000079a900000| Untracked 
| 426|0x000000079aa00000, 0x000000079ab00000, 0x000000079ab00000|100%| O|  |TAMS 0x000000079ab00000, 0x000000079aa00000| Untracked 
| 427|0x000000079ab00000, 0x000000079ac00000, 0x000000079ac00000|100%| O|  |TAMS 0x000000079ab00000, 0x000000079ab00000| Untracked 
| 428|0x000000079ac00000, 0x000000079ad00000, 0x000000079ad00000|100%| O|  |TAMS 0x000000079ac00000, 0x000000079ac00000| Untracked 
| 429|0x000000079ad00000, 0x000000079ae00000, 0x000000079ae00000|100%| O|  |TAMS 0x000000079ad00000, 0x000000079ad00000| Untracked 
| 430|0x000000079ae00000, 0x000000079af00000, 0x000000079af00000|100%| O|  |TAMS 0x000000079ae00000, 0x000000079ae00000| Untracked 
| 431|0x000000079af00000, 0x000000079b000000, 0x000000079b000000|100%| O|  |TAMS 0x000000079af00000, 0x000000079af00000| Untracked 
| 432|0x000000079b000000, 0x000000079b100000, 0x000000079b100000|100%| O|  |TAMS 0x000000079b000000, 0x000000079b000000| Untracked 
| 433|0x000000079b100000, 0x000000079b200000, 0x000000079b200000|100%| O|  |TAMS 0x000000079b100000, 0x000000079b100000| Untracked 
| 434|0x000000079b200000, 0x000000079b300000, 0x000000079b300000|100%| O|  |TAMS 0x000000079b300000, 0x000000079b200000| Untracked 
| 435|0x000000079b300000, 0x000000079b400000, 0x000000079b400000|100%| O|  |TAMS 0x000000079b300000, 0x000000079b300000| Untracked 
| 436|0x000000079b400000, 0x000000079b500000, 0x000000079b500000|100%| O|  |TAMS 0x000000079b400000, 0x000000079b400000| Untracked 
| 437|0x000000079b500000, 0x000000079b600000, 0x000000079b600000|100%| O|  |TAMS 0x000000079b500000, 0x000000079b500000| Untracked 
| 438|0x000000079b600000, 0x000000079b700000, 0x000000079b700000|100%| O|  |TAMS 0x000000079b700000, 0x000000079b600000| Untracked 
| 439|0x000000079b700000, 0x000000079b800000, 0x000000079b800000|100%| O|  |TAMS 0x000000079b800000, 0x000000079b700000| Untracked 
| 440|0x000000079b800000, 0x000000079b900000, 0x000000079b900000|100%| O|  |TAMS 0x000000079b900000, 0x000000079b800000| Untracked 
| 441|0x000000079b900000, 0x000000079ba00000, 0x000000079ba00000|100%| O|  |TAMS 0x000000079ba00000, 0x000000079b900000| Untracked 
| 442|0x000000079ba00000, 0x000000079bb00000, 0x000000079bb00000|100%| O|  |TAMS 0x000000079bb00000, 0x000000079ba00000| Untracked 
| 443|0x000000079bb00000, 0x000000079bc00000, 0x000000079bc00000|100%| O|  |TAMS 0x000000079bc00000, 0x000000079bb00000| Untracked 
| 444|0x000000079bc00000, 0x000000079bd00000, 0x000000079bd00000|100%| O|  |TAMS 0x000000079bd00000, 0x000000079bc00000| Untracked 
| 445|0x000000079bd00000, 0x000000079be00000, 0x000000079be00000|100%| O|  |TAMS 0x000000079be00000, 0x000000079bd00000| Untracked 
| 446|0x000000079be00000, 0x000000079bf00000, 0x000000079bf00000|100%| O|  |TAMS 0x000000079bf00000, 0x000000079be00000| Untracked 
| 447|0x000000079bf00000, 0x000000079c000000, 0x000000079c000000|100%| O|  |TAMS 0x000000079bf00000, 0x000000079bf00000| Untracked 
| 448|0x000000079c000000, 0x000000079c100000, 0x000000079c100000|100%| O|  |TAMS 0x000000079c000000, 0x000000079c000000| Untracked 
| 449|0x000000079c100000, 0x000000079c200000, 0x000000079c200000|100%| O|  |TAMS 0x000000079c100000, 0x000000079c100000| Untracked 
| 450|0x000000079c200000, 0x000000079c300000, 0x000000079c300000|100%| O|  |TAMS 0x000000079c300000, 0x000000079c200000| Untracked 
| 451|0x000000079c300000, 0x000000079c400000, 0x000000079c400000|100%| O|  |TAMS 0x000000079c400000, 0x000000079c300000| Untracked 
| 452|0x000000079c400000, 0x000000079c500000, 0x000000079c500000|100%| O|  |TAMS 0x000000079c500000, 0x000000079c400000| Untracked 
| 453|0x000000079c500000, 0x000000079c600000, 0x000000079c600000|100%| O|  |TAMS 0x000000079c500000, 0x000000079c500000| Untracked 
| 454|0x000000079c600000, 0x000000079c700000, 0x000000079c700000|100%| O|  |TAMS 0x000000079c600000, 0x000000079c600000| Untracked 
| 455|0x000000079c700000, 0x000000079c800000, 0x000000079c800000|100%| O|  |TAMS 0x000000079c700000, 0x000000079c700000| Untracked 
| 456|0x000000079c800000, 0x000000079c900000, 0x000000079c900000|100%| O|  |TAMS 0x000000079c800000, 0x000000079c800000| Untracked 
| 457|0x000000079c900000, 0x000000079ca00000, 0x000000079ca00000|100%| O|  |TAMS 0x000000079ca00000, 0x000000079c900000| Untracked 
| 458|0x000000079ca00000, 0x000000079cb00000, 0x000000079cb00000|100%| O|  |TAMS 0x000000079cb00000, 0x000000079ca00000| Untracked 
| 459|0x000000079cb00000, 0x000000079cc00000, 0x000000079cc00000|100%| O|  |TAMS 0x000000079cb00000, 0x000000079cb00000| Untracked 
| 460|0x000000079cc00000, 0x000000079cd00000, 0x000000079cd00000|100%| O|  |TAMS 0x000000079cc00000, 0x000000079cc00000| Untracked 
| 461|0x000000079cd00000, 0x000000079ce00000, 0x000000079ce00000|100%| O|  |TAMS 0x000000079ce00000, 0x000000079cd00000| Untracked 
| 462|0x000000079ce00000, 0x000000079cf00000, 0x000000079cf00000|100%| O|  |TAMS 0x000000079cf00000, 0x000000079ce00000| Untracked 
| 463|0x000000079cf00000, 0x000000079d000000, 0x000000079d000000|100%| O|  |TAMS 0x000000079d000000, 0x000000079cf00000| Untracked 
| 464|0x000000079d000000, 0x000000079d100000, 0x000000079d100000|100%| O|  |TAMS 0x000000079d100000, 0x000000079d000000| Untracked 
| 465|0x000000079d100000, 0x000000079d200000, 0x000000079d200000|100%| O|  |TAMS 0x000000079d100000, 0x000000079d100000| Untracked 
| 466|0x000000079d200000, 0x000000079d300000, 0x000000079d300000|100%| O|  |TAMS 0x000000079d200000, 0x000000079d200000| Untracked 
| 467|0x000000079d300000, 0x000000079d400000, 0x000000079d400000|100%| O|  |TAMS 0x000000079d400000, 0x000000079d300000| Untracked 
| 468|0x000000079d400000, 0x000000079d500000, 0x000000079d500000|100%| O|  |TAMS 0x000000079d400000, 0x000000079d400000| Untracked 
| 469|0x000000079d500000, 0x000000079d600000, 0x000000079d600000|100%| O|  |TAMS 0x000000079d600000, 0x000000079d500000| Untracked 
| 470|0x000000079d600000, 0x000000079d700000, 0x000000079d700000|100%| O|  |TAMS 0x000000079d600000, 0x000000079d600000| Untracked 
| 471|0x000000079d700000, 0x000000079d800000, 0x000000079d800000|100%| O|  |TAMS 0x000000079d700000, 0x000000079d700000| Untracked 
| 472|0x000000079d800000, 0x000000079d900000, 0x000000079d900000|100%| O|  |TAMS 0x000000079d900000, 0x000000079d800000| Untracked 
| 473|0x000000079d900000, 0x000000079da00000, 0x000000079da00000|100%| O|  |TAMS 0x000000079da00000, 0x000000079d900000| Untracked 
| 474|0x000000079da00000, 0x000000079db00000, 0x000000079db00000|100%| O|  |TAMS 0x000000079da00000, 0x000000079da00000| Untracked 
| 475|0x000000079db00000, 0x000000079dc00000, 0x000000079dc00000|100%| O|  |TAMS 0x000000079db00000, 0x000000079db00000| Untracked 
| 476|0x000000079dc00000, 0x000000079dc00000, 0x000000079dd00000|  0%| F|  |TAMS 0x000000079dc00000, 0x000000079dc00000| Untracked 
| 477|0x000000079dd00000, 0x000000079de00000, 0x000000079de00000|100%| O|  |TAMS 0x000000079dd00000, 0x000000079dd00000| Untracked 
| 478|0x000000079de00000, 0x000000079df00000, 0x000000079df00000|100%| O|  |TAMS 0x000000079df00000, 0x000000079de00000| Untracked 
| 479|0x000000079df00000, 0x000000079e000000, 0x000000079e000000|100%| O|  |TAMS 0x000000079e000000, 0x000000079df00000| Untracked 
| 480|0x000000079e000000, 0x000000079e100000, 0x000000079e100000|100%| O|  |TAMS 0x000000079e100000, 0x000000079e000000| Untracked 
| 481|0x000000079e100000, 0x000000079e200000, 0x000000079e200000|100%| O|  |TAMS 0x000000079e200000, 0x000000079e100000| Untracked 
| 482|0x000000079e200000, 0x000000079e300000, 0x000000079e300000|100%| O|  |TAMS 0x000000079e300000, 0x000000079e200000| Untracked 
| 483|0x000000079e300000, 0x000000079e400000, 0x000000079e400000|100%| O|  |TAMS 0x000000079e400000, 0x000000079e300000| Untracked 
| 484|0x000000079e400000, 0x000000079e500000, 0x000000079e500000|100%| O|  |TAMS 0x000000079e500000, 0x000000079e400000| Untracked 
| 485|0x000000079e500000, 0x000000079e600000, 0x000000079e600000|100%| O|  |TAMS 0x000000079e600000, 0x000000079e500000| Untracked 
| 486|0x000000079e600000, 0x000000079e700000, 0x000000079e700000|100%| O|  |TAMS 0x000000079e600000, 0x000000079e600000| Untracked 
| 487|0x000000079e700000, 0x000000079e800000, 0x000000079e800000|100%| O|  |TAMS 0x000000079e800000, 0x000000079e700000| Untracked 
| 488|0x000000079e800000, 0x000000079e900000, 0x000000079e900000|100%| O|  |TAMS 0x000000079e800000, 0x000000079e800000| Untracked 
| 489|0x000000079e900000, 0x000000079ea00000, 0x000000079ea00000|100%| O|  |TAMS 0x000000079ea00000, 0x000000079e900000| Untracked 
| 490|0x000000079ea00000, 0x000000079eb00000, 0x000000079eb00000|100%| O|  |TAMS 0x000000079ea00000, 0x000000079ea00000| Untracked 
| 491|0x000000079eb00000, 0x000000079ec00000, 0x000000079ec00000|100%| O|  |TAMS 0x000000079eb00000, 0x000000079eb00000| Untracked 
| 492|0x000000079ec00000, 0x000000079ed00000, 0x000000079ed00000|100%| O|  |TAMS 0x000000079ed00000, 0x000000079ec00000| Untracked 
| 493|0x000000079ed00000, 0x000000079ee00000, 0x000000079ee00000|100%| O|  |TAMS 0x000000079ee00000, 0x000000079ed00000| Untracked 
| 494|0x000000079ee00000, 0x000000079ef00000, 0x000000079ef00000|100%| O|  |TAMS 0x000000079ef00000, 0x000000079ee00000| Untracked 
| 495|0x000000079ef00000, 0x000000079f000000, 0x000000079f000000|100%| O|  |TAMS 0x000000079f000000, 0x000000079ef00000| Untracked 
| 496|0x000000079f000000, 0x000000079f100000, 0x000000079f100000|100%| O|  |TAMS 0x000000079f100000, 0x000000079f000000| Untracked 
| 497|0x000000079f100000, 0x000000079f200000, 0x000000079f200000|100%| O|  |TAMS 0x000000079f200000, 0x000000079f100000| Untracked 
| 498|0x000000079f200000, 0x000000079f300000, 0x000000079f300000|100%| O|  |TAMS 0x000000079f300000, 0x000000079f200000| Untracked 
| 499|0x000000079f300000, 0x000000079f400000, 0x000000079f400000|100%| O|  |TAMS 0x000000079f400000, 0x000000079f300000| Untracked 
| 500|0x000000079f400000, 0x000000079f500000, 0x000000079f500000|100%| O|  |TAMS 0x000000079f500000, 0x000000079f400000| Untracked 
| 501|0x000000079f500000, 0x000000079f600000, 0x000000079f600000|100%| O|  |TAMS 0x000000079f600000, 0x000000079f500000| Untracked 
| 502|0x000000079f600000, 0x000000079f700000, 0x000000079f700000|100%| O|  |TAMS 0x000000079f700000, 0x000000079f600000| Untracked 
| 503|0x000000079f700000, 0x000000079f800000, 0x000000079f800000|100%| O|  |TAMS 0x000000079f800000, 0x000000079f700000| Untracked 
| 504|0x000000079f800000, 0x000000079f900000, 0x000000079f900000|100%| O|  |TAMS 0x000000079f900000, 0x000000079f800000| Untracked 
| 505|0x000000079f900000, 0x000000079fa00000, 0x000000079fa00000|100%| O|  |TAMS 0x000000079fa00000, 0x000000079f900000| Untracked 
| 506|0x000000079fa00000, 0x000000079fb00000, 0x000000079fb00000|100%| O|  |TAMS 0x000000079fb00000, 0x000000079fa00000| Untracked 
| 507|0x000000079fb00000, 0x000000079fc00000, 0x000000079fc00000|100%| O|  |TAMS 0x000000079fc00000, 0x000000079fb00000| Untracked 
| 508|0x000000079fc00000, 0x000000079fd00000, 0x000000079fd00000|100%| O|  |TAMS 0x000000079fc00000, 0x000000079fc00000| Untracked 
| 509|0x000000079fd00000, 0x000000079fe00000, 0x000000079fe00000|100%| O|  |TAMS 0x000000079fe00000, 0x000000079fd00000| Untracked 
| 510|0x000000079fe00000, 0x000000079ff00000, 0x000000079ff00000|100%| O|  |TAMS 0x000000079ff00000, 0x000000079fe00000| Untracked 
| 511|0x000000079ff00000, 0x00000007a0000000, 0x00000007a0000000|100%| O|  |TAMS 0x00000007a0000000, 0x000000079ff00000| Untracked 
| 512|0x00000007a0000000, 0x00000007a0100000, 0x00000007a0100000|100%| O|  |TAMS 0x00000007a0000000, 0x00000007a0000000| Untracked 
| 513|0x00000007a0100000, 0x00000007a0200000, 0x00000007a0200000|100%| O|  |TAMS 0x00000007a0200000, 0x00000007a0100000| Untracked 
| 514|0x00000007a0200000, 0x00000007a0300000, 0x00000007a0300000|100%| O|  |TAMS 0x00000007a0300000, 0x00000007a0200000| Untracked 
| 515|0x00000007a0300000, 0x00000007a0400000, 0x00000007a0400000|100%| O|  |TAMS 0x00000007a0400000, 0x00000007a0300000| Untracked 
| 516|0x00000007a0400000, 0x00000007a0500000, 0x00000007a0500000|100%| O|  |TAMS 0x00000007a0500000, 0x00000007a0400000| Untracked 
| 517|0x00000007a0500000, 0x00000007a0600000, 0x00000007a0600000|100%| O|  |TAMS 0x00000007a0600000, 0x00000007a0500000| Untracked 
| 518|0x00000007a0600000, 0x00000007a0700000, 0x00000007a0700000|100%| O|  |TAMS 0x00000007a0700000, 0x00000007a0600000| Untracked 
| 519|0x00000007a0700000, 0x00000007a0800000, 0x00000007a0800000|100%| O|  |TAMS 0x00000007a0700000, 0x00000007a0700000| Untracked 
| 520|0x00000007a0800000, 0x00000007a0900000, 0x00000007a0900000|100%| O|  |TAMS 0x00000007a0900000, 0x00000007a0800000| Untracked 
| 521|0x00000007a0900000, 0x00000007a0a00000, 0x00000007a0a00000|100%| O|  |TAMS 0x00000007a0900000, 0x00000007a0900000| Untracked 
| 522|0x00000007a0a00000, 0x00000007a0b00000, 0x00000007a0b00000|100%| O|  |TAMS 0x00000007a0b00000, 0x00000007a0a00000| Untracked 
| 523|0x00000007a0b00000, 0x00000007a0c00000, 0x00000007a0c00000|100%| O|  |TAMS 0x00000007a0c00000, 0x00000007a0b00000| Untracked 
| 524|0x00000007a0c00000, 0x00000007a0d00000, 0x00000007a0d00000|100%| O|  |TAMS 0x00000007a0c00000, 0x00000007a0c00000| Untracked 
| 525|0x00000007a0d00000, 0x00000007a0e00000, 0x00000007a0e00000|100%| O|  |TAMS 0x00000007a0e00000, 0x00000007a0d00000| Untracked 
| 526|0x00000007a0e00000, 0x00000007a0f00000, 0x00000007a0f00000|100%| O|  |TAMS 0x00000007a0f00000, 0x00000007a0e00000| Untracked 
| 527|0x00000007a0f00000, 0x00000007a1000000, 0x00000007a1000000|100%| O|  |TAMS 0x00000007a1000000, 0x00000007a0f00000| Untracked 
| 528|0x00000007a1000000, 0x00000007a1100000, 0x00000007a1100000|100%| O|  |TAMS 0x00000007a1000000, 0x00000007a1000000| Untracked 
| 529|0x00000007a1100000, 0x00000007a1200000, 0x00000007a1200000|100%| O|  |TAMS 0x00000007a1200000, 0x00000007a1100000| Untracked 
| 530|0x00000007a1200000, 0x00000007a1300000, 0x00000007a1300000|100%| O|  |TAMS 0x00000007a1300000, 0x00000007a1200000| Untracked 
| 531|0x00000007a1300000, 0x00000007a1400000, 0x00000007a1400000|100%| O|  |TAMS 0x00000007a1400000, 0x00000007a1300000| Untracked 
| 532|0x00000007a1400000, 0x00000007a1500000, 0x00000007a1500000|100%| O|  |TAMS 0x00000007a1500000, 0x00000007a1400000| Untracked 
| 533|0x00000007a1500000, 0x00000007a1600000, 0x00000007a1600000|100%| O|  |TAMS 0x00000007a1600000, 0x00000007a1500000| Untracked 
| 534|0x00000007a1600000, 0x00000007a1700000, 0x00000007a1700000|100%| O|  |TAMS 0x00000007a1700000, 0x00000007a1600000| Untracked 
| 535|0x00000007a1700000, 0x00000007a1800000, 0x00000007a1800000|100%| O|  |TAMS 0x00000007a1800000, 0x00000007a1700000| Untracked 
| 536|0x00000007a1800000, 0x00000007a1900000, 0x00000007a1900000|100%| O|  |TAMS 0x00000007a1900000, 0x00000007a1800000| Untracked 
| 537|0x00000007a1900000, 0x00000007a1a00000, 0x00000007a1a00000|100%| O|  |TAMS 0x00000007a1a00000, 0x00000007a1900000| Untracked 
| 538|0x00000007a1a00000, 0x00000007a1b00000, 0x00000007a1b00000|100%| O|  |TAMS 0x00000007a1b00000, 0x00000007a1a00000| Untracked 
| 539|0x00000007a1b00000, 0x00000007a1c00000, 0x00000007a1c00000|100%| O|  |TAMS 0x00000007a1c00000, 0x00000007a1b00000| Untracked 
| 540|0x00000007a1c00000, 0x00000007a1d00000, 0x00000007a1d00000|100%| O|  |TAMS 0x00000007a1d00000, 0x00000007a1c00000| Untracked 
| 541|0x00000007a1d00000, 0x00000007a1e00000, 0x00000007a1e00000|100%| O|  |TAMS 0x00000007a1d00000, 0x00000007a1d00000| Untracked 
| 542|0x00000007a1e00000, 0x00000007a1f00000, 0x00000007a1f00000|100%| O|  |TAMS 0x00000007a1f00000, 0x00000007a1e00000| Untracked 
| 543|0x00000007a1f00000, 0x00000007a2000000, 0x00000007a2000000|100%| O|  |TAMS 0x00000007a2000000, 0x00000007a1f00000| Untracked 
| 544|0x00000007a2000000, 0x00000007a2100000, 0x00000007a2100000|100%| O|  |TAMS 0x00000007a2100000, 0x00000007a2000000| Untracked 
| 545|0x00000007a2100000, 0x00000007a2200000, 0x00000007a2200000|100%| O|  |TAMS 0x00000007a2200000, 0x00000007a2100000| Untracked 
| 546|0x00000007a2200000, 0x00000007a2300000, 0x00000007a2300000|100%| O|  |TAMS 0x00000007a2300000, 0x00000007a2200000| Untracked 
| 547|0x00000007a2300000, 0x00000007a2400000, 0x00000007a2400000|100%| O|  |TAMS 0x00000007a2400000, 0x00000007a2300000| Untracked 
| 548|0x00000007a2400000, 0x00000007a2500000, 0x00000007a2500000|100%| O|  |TAMS 0x00000007a2500000, 0x00000007a2400000| Untracked 
| 549|0x00000007a2500000, 0x00000007a2600000, 0x00000007a2600000|100%| O|  |TAMS 0x00000007a2600000, 0x00000007a2500000| Untracked 
| 550|0x00000007a2600000, 0x00000007a2700000, 0x00000007a2700000|100%| O|  |TAMS 0x00000007a2700000, 0x00000007a2600000| Untracked 
| 551|0x00000007a2700000, 0x00000007a2800000, 0x00000007a2800000|100%| O|  |TAMS 0x00000007a2700000, 0x00000007a2700000| Untracked 
| 552|0x00000007a2800000, 0x00000007a2900000, 0x00000007a2900000|100%| O|  |TAMS 0x00000007a2800000, 0x00000007a2800000| Untracked 
| 553|0x00000007a2900000, 0x00000007a2a00000, 0x00000007a2a00000|100%| O|  |TAMS 0x00000007a2900000, 0x00000007a2900000| Untracked 
| 554|0x00000007a2a00000, 0x00000007a2b00000, 0x00000007a2b00000|100%| O|  |TAMS 0x00000007a2a00000, 0x00000007a2a00000| Untracked 
| 555|0x00000007a2b00000, 0x00000007a2c00000, 0x00000007a2c00000|100%| O|  |TAMS 0x00000007a2c00000, 0x00000007a2b00000| Untracked 
| 556|0x00000007a2c00000, 0x00000007a2d00000, 0x00000007a2d00000|100%| O|  |TAMS 0x00000007a2c00000, 0x00000007a2c00000| Untracked 
| 557|0x00000007a2d00000, 0x00000007a2e00000, 0x00000007a2e00000|100%| O|  |TAMS 0x00000007a2d00000, 0x00000007a2d00000| Untracked 
| 558|0x00000007a2e00000, 0x00000007a2f00000, 0x00000007a2f00000|100%| O|  |TAMS 0x00000007a2e00000, 0x00000007a2e00000| Untracked 
| 559|0x00000007a2f00000, 0x00000007a3000000, 0x00000007a3000000|100%| O|  |TAMS 0x00000007a3000000, 0x00000007a2f00000| Untracked 
| 560|0x00000007a3000000, 0x00000007a3100000, 0x00000007a3100000|100%| O|  |TAMS 0x00000007a3100000, 0x00000007a3000000| Untracked 
| 561|0x00000007a3100000, 0x00000007a3200000, 0x00000007a3200000|100%| O|  |TAMS 0x00000007a3200000, 0x00000007a3100000| Untracked 
| 562|0x00000007a3200000, 0x00000007a3300000, 0x00000007a3300000|100%| O|  |TAMS 0x00000007a3300000, 0x00000007a3200000| Untracked 
| 563|0x00000007a3300000, 0x00000007a3400000, 0x00000007a3400000|100%| O|  |TAMS 0x00000007a3300000, 0x00000007a3300000| Untracked 
| 564|0x00000007a3400000, 0x00000007a3500000, 0x00000007a3500000|100%| O|  |TAMS 0x00000007a3500000, 0x00000007a3400000| Untracked 
| 565|0x00000007a3500000, 0x00000007a3600000, 0x00000007a3600000|100%| O|  |TAMS 0x00000007a3600000, 0x00000007a3500000| Untracked 
| 566|0x00000007a3600000, 0x00000007a3700000, 0x00000007a3700000|100%| O|  |TAMS 0x00000007a3600000, 0x00000007a3600000| Untracked 
| 567|0x00000007a3700000, 0x00000007a3800000, 0x00000007a3800000|100%| O|  |TAMS 0x00000007a3800000, 0x00000007a3700000| Untracked 
| 568|0x00000007a3800000, 0x00000007a3900000, 0x00000007a3900000|100%| O|  |TAMS 0x00000007a3900000, 0x00000007a3800000| Untracked 
| 569|0x00000007a3900000, 0x00000007a3a00000, 0x00000007a3a00000|100%| O|  |TAMS 0x00000007a3a00000, 0x00000007a3900000| Untracked 
| 570|0x00000007a3a00000, 0x00000007a3b00000, 0x00000007a3b00000|100%| O|  |TAMS 0x00000007a3b00000, 0x00000007a3a00000| Untracked 
| 571|0x00000007a3b00000, 0x00000007a3c00000, 0x00000007a3c00000|100%| O|  |TAMS 0x00000007a3c00000, 0x00000007a3b00000| Untracked 
| 572|0x00000007a3c00000, 0x00000007a3d00000, 0x00000007a3d00000|100%| O|  |TAMS 0x00000007a3d00000, 0x00000007a3c00000| Untracked 
| 573|0x00000007a3d00000, 0x00000007a3e00000, 0x00000007a3e00000|100%|HS|  |TAMS 0x00000007a3e00000, 0x00000007a3d00000| Complete 
| 574|0x00000007a3e00000, 0x00000007a3e00000, 0x00000007a3f00000|  0%| F|  |TAMS 0x00000007a3e00000, 0x00000007a3e00000| Untracked 
| 575|0x00000007a3f00000, 0x00000007a4000000, 0x00000007a4000000|100%| O|  |TAMS 0x00000007a4000000, 0x00000007a3f00000| Untracked 
| 576|0x00000007a4000000, 0x00000007a4100000, 0x00000007a4100000|100%| O|  |TAMS 0x00000007a4100000, 0x00000007a4000000| Untracked 
| 577|0x00000007a4100000, 0x00000007a4200000, 0x00000007a4200000|100%|HS|  |TAMS 0x00000007a4200000, 0x00000007a4100000| Complete 
| 578|0x00000007a4200000, 0x00000007a4300000, 0x00000007a4300000|100%|HS|  |TAMS 0x00000007a4300000, 0x00000007a4200000| Complete 
| 579|0x00000007a4300000, 0x00000007a4400000, 0x00000007a4400000|100%| O|  |TAMS 0x00000007a4400000, 0x00000007a4300000| Untracked 
| 580|0x00000007a4400000, 0x00000007a4500000, 0x00000007a4500000|100%| O|  |TAMS 0x00000007a4500000, 0x00000007a4400000| Untracked 
| 581|0x00000007a4500000, 0x00000007a4600000, 0x00000007a4600000|100%| O|  |TAMS 0x00000007a4600000, 0x00000007a4500000| Untracked 
| 582|0x00000007a4600000, 0x00000007a4700000, 0x00000007a4700000|100%| O|  |TAMS 0x00000007a4700000, 0x00000007a4600000| Untracked 
| 583|0x00000007a4700000, 0x00000007a4800000, 0x00000007a4800000|100%| O|  |TAMS 0x00000007a4800000, 0x00000007a4700000| Untracked 
| 584|0x00000007a4800000, 0x00000007a4900000, 0x00000007a4900000|100%| O|  |TAMS 0x00000007a4800000, 0x00000007a4800000| Untracked 
| 585|0x00000007a4900000, 0x00000007a4a00000, 0x00000007a4a00000|100%| O|  |TAMS 0x00000007a4900000, 0x00000007a4900000| Untracked 
| 586|0x00000007a4a00000, 0x00000007a4b00000, 0x00000007a4b00000|100%| O|  |TAMS 0x00000007a4b00000, 0x00000007a4a00000| Untracked 
| 587|0x00000007a4b00000, 0x00000007a4c00000, 0x00000007a4c00000|100%| O|  |TAMS 0x00000007a4b00000, 0x00000007a4b00000| Untracked 
| 588|0x00000007a4c00000, 0x00000007a4d00000, 0x00000007a4d00000|100%| O|  |TAMS 0x00000007a4d00000, 0x00000007a4c00000| Untracked 
| 589|0x00000007a4d00000, 0x00000007a4e00000, 0x00000007a4e00000|100%| O|  |TAMS 0x00000007a4d00000, 0x00000007a4d00000| Untracked 
| 590|0x00000007a4e00000, 0x00000007a4f00000, 0x00000007a4f00000|100%| O|  |TAMS 0x00000007a4f00000, 0x00000007a4e00000| Untracked 
| 591|0x00000007a4f00000, 0x00000007a5000000, 0x00000007a5000000|100%| O|  |TAMS 0x00000007a5000000, 0x00000007a4f00000| Untracked 
| 592|0x00000007a5000000, 0x00000007a5100000, 0x00000007a5100000|100%| O|  |TAMS 0x00000007a5100000, 0x00000007a5000000| Untracked 
| 593|0x00000007a5100000, 0x00000007a5200000, 0x00000007a5200000|100%| O|  |TAMS 0x00000007a5100000, 0x00000007a5100000| Untracked 
| 594|0x00000007a5200000, 0x00000007a5300000, 0x00000007a5300000|100%| O|  |TAMS 0x00000007a5300000, 0x00000007a5200000| Untracked 
| 595|0x00000007a5300000, 0x00000007a5400000, 0x00000007a5400000|100%| O|  |TAMS 0x00000007a5400000, 0x00000007a5300000| Untracked 
| 596|0x00000007a5400000, 0x00000007a5500000, 0x00000007a5500000|100%| O|  |TAMS 0x00000007a5500000, 0x00000007a5400000| Untracked 
| 597|0x00000007a5500000, 0x00000007a5600000, 0x00000007a5600000|100%| O|  |TAMS 0x00000007a5600000, 0x00000007a5500000| Untracked 
| 598|0x00000007a5600000, 0x00000007a5700000, 0x00000007a5700000|100%| O|  |TAMS 0x00000007a5700000, 0x00000007a5600000| Untracked 
| 599|0x00000007a5700000, 0x00000007a5800000, 0x00000007a5800000|100%| O|  |TAMS 0x00000007a5800000, 0x00000007a5700000| Untracked 
| 600|0x00000007a5800000, 0x00000007a5900000, 0x00000007a5900000|100%| O|  |TAMS 0x00000007a5900000, 0x00000007a5800000| Untracked 
| 601|0x00000007a5900000, 0x00000007a5a00000, 0x00000007a5a00000|100%| O|  |TAMS 0x00000007a5a00000, 0x00000007a5900000| Untracked 
| 602|0x00000007a5a00000, 0x00000007a5b00000, 0x00000007a5b00000|100%| O|  |TAMS 0x00000007a5b00000, 0x00000007a5a00000| Untracked 
| 603|0x00000007a5b00000, 0x00000007a5c00000, 0x00000007a5c00000|100%| O|  |TAMS 0x00000007a5c00000, 0x00000007a5b00000| Untracked 
| 604|0x00000007a5c00000, 0x00000007a5d00000, 0x00000007a5d00000|100%| O|  |TAMS 0x00000007a5d00000, 0x00000007a5c00000| Untracked 
| 605|0x00000007a5d00000, 0x00000007a5e00000, 0x00000007a5e00000|100%| O|  |TAMS 0x00000007a5e00000, 0x00000007a5d00000| Untracked 
| 606|0x00000007a5e00000, 0x00000007a5f00000, 0x00000007a5f00000|100%| O|  |TAMS 0x00000007a5f00000, 0x00000007a5e00000| Untracked 
| 607|0x00000007a5f00000, 0x00000007a6000000, 0x00000007a6000000|100%| O|  |TAMS 0x00000007a6000000, 0x00000007a5f00000| Untracked 
| 608|0x00000007a6000000, 0x00000007a6100000, 0x00000007a6100000|100%| O|  |TAMS 0x00000007a6100000, 0x00000007a6000000| Untracked 
| 609|0x00000007a6100000, 0x00000007a6200000, 0x00000007a6200000|100%| O|  |TAMS 0x00000007a6200000, 0x00000007a6100000| Untracked 
| 610|0x00000007a6200000, 0x00000007a6300000, 0x00000007a6300000|100%| O|  |TAMS 0x00000007a6300000, 0x00000007a6200000| Untracked 
| 611|0x00000007a6300000, 0x00000007a6400000, 0x00000007a6400000|100%| O|  |TAMS 0x00000007a6400000, 0x00000007a6300000| Untracked 
| 612|0x00000007a6400000, 0x00000007a6500000, 0x00000007a6500000|100%| O|  |TAMS 0x00000007a6500000, 0x00000007a6400000| Untracked 
| 613|0x00000007a6500000, 0x00000007a6600000, 0x00000007a6600000|100%| O|  |TAMS 0x00000007a6600000, 0x00000007a6500000| Untracked 
| 614|0x00000007a6600000, 0x00000007a6700000, 0x00000007a6700000|100%| O|  |TAMS 0x00000007a6700000, 0x00000007a6600000| Untracked 
| 615|0x00000007a6700000, 0x00000007a6800000, 0x00000007a6800000|100%| O|  |TAMS 0x00000007a6800000, 0x00000007a6700000| Untracked 
| 616|0x00000007a6800000, 0x00000007a6900000, 0x00000007a6900000|100%| O|  |TAMS 0x00000007a6900000, 0x00000007a6800000| Untracked 
| 617|0x00000007a6900000, 0x00000007a6a00000, 0x00000007a6a00000|100%| O|  |TAMS 0x00000007a6a00000, 0x00000007a6900000| Untracked 
| 618|0x00000007a6a00000, 0x00000007a6b00000, 0x00000007a6b00000|100%| O|  |TAMS 0x00000007a6b00000, 0x00000007a6a00000| Untracked 
| 619|0x00000007a6b00000, 0x00000007a6c00000, 0x00000007a6c00000|100%| O|  |TAMS 0x00000007a6c00000, 0x00000007a6b00000| Untracked 
| 620|0x00000007a6c00000, 0x00000007a6d00000, 0x00000007a6d00000|100%| O|  |TAMS 0x00000007a6d00000, 0x00000007a6c00000| Untracked 
| 621|0x00000007a6d00000, 0x00000007a6e00000, 0x00000007a6e00000|100%| O|  |TAMS 0x00000007a6e00000, 0x00000007a6d00000| Untracked 
| 622|0x00000007a6e00000, 0x00000007a6f00000, 0x00000007a6f00000|100%| O|  |TAMS 0x00000007a6f00000, 0x00000007a6e00000| Untracked 
| 623|0x00000007a6f00000, 0x00000007a7000000, 0x00000007a7000000|100%| O|  |TAMS 0x00000007a7000000, 0x00000007a6f00000| Untracked 
| 624|0x00000007a7000000, 0x00000007a7100000, 0x00000007a7100000|100%| O|  |TAMS 0x00000007a7100000, 0x00000007a7000000| Untracked 
| 625|0x00000007a7100000, 0x00000007a7200000, 0x00000007a7200000|100%| O|  |TAMS 0x00000007a7200000, 0x00000007a7100000| Untracked 
| 626|0x00000007a7200000, 0x00000007a7300000, 0x00000007a7300000|100%| O|  |TAMS 0x00000007a7300000, 0x00000007a7200000| Untracked 
| 627|0x00000007a7300000, 0x00000007a7400000, 0x00000007a7400000|100%| O|  |TAMS 0x00000007a7400000, 0x00000007a7300000| Untracked 
| 628|0x00000007a7400000, 0x00000007a7500000, 0x00000007a7500000|100%| O|  |TAMS 0x00000007a7500000, 0x00000007a7400000| Untracked 
| 629|0x00000007a7500000, 0x00000007a7600000, 0x00000007a7600000|100%| O|  |TAMS 0x00000007a7600000, 0x00000007a7500000| Untracked 
| 630|0x00000007a7600000, 0x00000007a7700000, 0x00000007a7700000|100%| O|  |TAMS 0x00000007a7700000, 0x00000007a7600000| Untracked 
| 631|0x00000007a7700000, 0x00000007a7800000, 0x00000007a7800000|100%| O|  |TAMS 0x00000007a7800000, 0x00000007a7700000| Untracked 
| 632|0x00000007a7800000, 0x00000007a7900000, 0x00000007a7900000|100%| O|  |TAMS 0x00000007a7900000, 0x00000007a7800000| Untracked 
| 633|0x00000007a7900000, 0x00000007a7a00000, 0x00000007a7a00000|100%| O|  |TAMS 0x00000007a7a00000, 0x00000007a7900000| Untracked 
| 634|0x00000007a7a00000, 0x00000007a7b00000, 0x00000007a7b00000|100%| O|  |TAMS 0x00000007a7a00000, 0x00000007a7a00000| Untracked 
| 635|0x00000007a7b00000, 0x00000007a7c00000, 0x00000007a7c00000|100%| O|  |TAMS 0x00000007a7b00000, 0x00000007a7b00000| Untracked 
| 636|0x00000007a7c00000, 0x00000007a7d00000, 0x00000007a7d00000|100%| O|  |TAMS 0x00000007a7c00000, 0x00000007a7c00000| Untracked 
| 637|0x00000007a7d00000, 0x00000007a7e00000, 0x00000007a7e00000|100%| O|  |TAMS 0x00000007a7d00000, 0x00000007a7d00000| Untracked 
| 638|0x00000007a7e00000, 0x00000007a7f00000, 0x00000007a7f00000|100%| O|  |TAMS 0x00000007a7e00000, 0x00000007a7e00000| Untracked 
| 639|0x00000007a7f00000, 0x00000007a7f00000, 0x00000007a8000000|  0%| F|  |TAMS 0x00000007a7f00000, 0x00000007a7f00000| Untracked 
| 640|0x00000007a8000000, 0x00000007a8100000, 0x00000007a8100000|100%| O|  |TAMS 0x00000007a8000000, 0x00000007a8000000| Untracked 
| 641|0x00000007a8100000, 0x00000007a8100000, 0x00000007a8200000|  0%| F|  |TAMS 0x00000007a8100000, 0x00000007a8100000| Untracked 
| 642|0x00000007a8200000, 0x00000007a8200000, 0x00000007a8300000|  0%| F|  |TAMS 0x00000007a8200000, 0x00000007a8200000| Untracked 
| 643|0x00000007a8300000, 0x00000007a8400000, 0x00000007a8400000|100%| O|  |TAMS 0x00000007a8300000, 0x00000007a8300000| Untracked 
| 644|0x00000007a8400000, 0x00000007a8500000, 0x00000007a8500000|100%| O|  |TAMS 0x00000007a8400000, 0x00000007a8400000| Untracked 
| 645|0x00000007a8500000, 0x00000007a8600000, 0x00000007a8600000|100%| O|  |TAMS 0x00000007a8500000, 0x00000007a8500000| Untracked 
| 646|0x00000007a8600000, 0x00000007a8600000, 0x00000007a8700000|  0%| F|  |TAMS 0x00000007a8600000, 0x00000007a8600000| Untracked 
| 647|0x00000007a8700000, 0x00000007a8800000, 0x00000007a8800000|100%| O|  |TAMS 0x00000007a8700000, 0x00000007a8700000| Untracked 
| 648|0x00000007a8800000, 0x00000007a8900000, 0x00000007a8900000|100%| O|  |TAMS 0x00000007a8800000, 0x00000007a8800000| Untracked 
| 649|0x00000007a8900000, 0x00000007a8a00000, 0x00000007a8a00000|100%| O|  |TAMS 0x00000007a8900000, 0x00000007a8900000| Untracked 
| 650|0x00000007a8a00000, 0x00000007a8b00000, 0x00000007a8b00000|100%| O|  |TAMS 0x00000007a8a00000, 0x00000007a8a00000| Untracked 
| 651|0x00000007a8b00000, 0x00000007a8c00000, 0x00000007a8c00000|100%| O|  |TAMS 0x00000007a8b00000, 0x00000007a8b00000| Untracked 
| 652|0x00000007a8c00000, 0x00000007a8c00000, 0x00000007a8d00000|  0%| F|  |TAMS 0x00000007a8c00000, 0x00000007a8c00000| Untracked 
| 653|0x00000007a8d00000, 0x00000007a8e00000, 0x00000007a8e00000|100%| O|  |TAMS 0x00000007a8d00000, 0x00000007a8d00000| Untracked 
| 654|0x00000007a8e00000, 0x00000007a8f00000, 0x00000007a8f00000|100%| O|  |TAMS 0x00000007a8e00000, 0x00000007a8e00000| Untracked 
| 655|0x00000007a8f00000, 0x00000007a9000000, 0x00000007a9000000|100%| O|  |TAMS 0x00000007a8f00000, 0x00000007a8f00000| Untracked 
| 656|0x00000007a9000000, 0x00000007a9100000, 0x00000007a9100000|100%| O|  |TAMS 0x00000007a9000000, 0x00000007a9000000| Untracked 
| 657|0x00000007a9100000, 0x00000007a9200000, 0x00000007a9200000|100%| O|  |TAMS 0x00000007a9100000, 0x00000007a9100000| Untracked 
| 658|0x00000007a9200000, 0x00000007a9300000, 0x00000007a9300000|100%| O|  |TAMS 0x00000007a9300000, 0x00000007a9200000| Untracked 
| 659|0x00000007a9300000, 0x00000007a9400000, 0x00000007a9400000|100%| O|  |TAMS 0x00000007a9400000, 0x00000007a9300000| Untracked 
| 660|0x00000007a9400000, 0x00000007a9500000, 0x00000007a9500000|100%| O|  |TAMS 0x00000007a9500000, 0x00000007a9400000| Untracked 
| 661|0x00000007a9500000, 0x00000007a9600000, 0x00000007a9600000|100%| O|  |TAMS 0x00000007a9600000, 0x00000007a9500000| Untracked 
| 662|0x00000007a9600000, 0x00000007a9700000, 0x00000007a9700000|100%| O|  |TAMS 0x00000007a9700000, 0x00000007a9600000| Untracked 
| 663|0x00000007a9700000, 0x00000007a9800000, 0x00000007a9800000|100%| O|  |TAMS 0x00000007a9700000, 0x00000007a9700000| Untracked 
| 664|0x00000007a9800000, 0x00000007a9900000, 0x00000007a9900000|100%| O|  |TAMS 0x00000007a9800000, 0x00000007a9800000| Untracked 
| 665|0x00000007a9900000, 0x00000007a9a00000, 0x00000007a9a00000|100%| O|  |TAMS 0x00000007a9900000, 0x00000007a9900000| Untracked 
| 666|0x00000007a9a00000, 0x00000007a9b00000, 0x00000007a9b00000|100%| O|  |TAMS 0x00000007a9a00000, 0x00000007a9a00000| Untracked 
| 667|0x00000007a9b00000, 0x00000007a9c00000, 0x00000007a9c00000|100%| O|  |TAMS 0x00000007a9b00000, 0x00000007a9b00000| Untracked 
| 668|0x00000007a9c00000, 0x00000007a9d00000, 0x00000007a9d00000|100%| O|  |TAMS 0x00000007a9c00000, 0x00000007a9c00000| Untracked 
| 669|0x00000007a9d00000, 0x00000007a9e00000, 0x00000007a9e00000|100%| O|  |TAMS 0x00000007a9d00000, 0x00000007a9d00000| Untracked 
| 670|0x00000007a9e00000, 0x00000007a9f00000, 0x00000007a9f00000|100%| O|  |TAMS 0x00000007a9f00000, 0x00000007a9e00000| Untracked 
| 671|0x00000007a9f00000, 0x00000007aa000000, 0x00000007aa000000|100%| O|  |TAMS 0x00000007a9f00000, 0x00000007a9f00000| Untracked 
| 672|0x00000007aa000000, 0x00000007aa100000, 0x00000007aa100000|100%| O|  |TAMS 0x00000007aa000000, 0x00000007aa000000| Untracked 
| 673|0x00000007aa100000, 0x00000007aa200000, 0x00000007aa200000|100%| O|  |TAMS 0x00000007aa100000, 0x00000007aa100000| Untracked 
| 674|0x00000007aa200000, 0x00000007aa300000, 0x00000007aa300000|100%| O|  |TAMS 0x00000007aa200000, 0x00000007aa200000| Untracked 
| 675|0x00000007aa300000, 0x00000007aa400000, 0x00000007aa400000|100%| O|  |TAMS 0x00000007aa300000, 0x00000007aa300000| Untracked 
| 676|0x00000007aa400000, 0x00000007aa500000, 0x00000007aa500000|100%| O|  |TAMS 0x00000007aa400000, 0x00000007aa400000| Untracked 
| 677|0x00000007aa500000, 0x00000007aa600000, 0x00000007aa600000|100%| O|  |TAMS 0x00000007aa500000, 0x00000007aa500000| Untracked 
| 678|0x00000007aa600000, 0x00000007aa700000, 0x00000007aa700000|100%| O|  |TAMS 0x00000007aa600000, 0x00000007aa600000| Untracked 
| 679|0x00000007aa700000, 0x00000007aa800000, 0x00000007aa800000|100%| O|  |TAMS 0x00000007aa700000, 0x00000007aa700000| Untracked 
| 680|0x00000007aa800000, 0x00000007aa900000, 0x00000007aa900000|100%| O|  |TAMS 0x00000007aa900000, 0x00000007aa800000| Untracked 
| 681|0x00000007aa900000, 0x00000007aaa00000, 0x00000007aaa00000|100%| O|  |TAMS 0x00000007aaa00000, 0x00000007aa900000| Untracked 
| 682|0x00000007aaa00000, 0x00000007aab00000, 0x00000007aab00000|100%| O|  |TAMS 0x00000007aaa00000, 0x00000007aaa00000| Untracked 
| 683|0x00000007aab00000, 0x00000007aac00000, 0x00000007aac00000|100%| O|  |TAMS 0x00000007aab00000, 0x00000007aab00000| Untracked 
| 684|0x00000007aac00000, 0x00000007aad00000, 0x00000007aad00000|100%| O|  |TAMS 0x00000007aac00000, 0x00000007aac00000| Untracked 
| 685|0x00000007aad00000, 0x00000007aae00000, 0x00000007aae00000|100%| O|  |TAMS 0x00000007aad00000, 0x00000007aad00000| Untracked 
| 686|0x00000007aae00000, 0x00000007aaf00000, 0x00000007aaf00000|100%| O|  |TAMS 0x00000007aae00000, 0x00000007aae00000| Untracked 
| 687|0x00000007aaf00000, 0x00000007ab000000, 0x00000007ab000000|100%| O|  |TAMS 0x00000007ab000000, 0x00000007aaf00000| Untracked 
| 688|0x00000007ab000000, 0x00000007ab100000, 0x00000007ab100000|100%| O|  |TAMS 0x00000007ab000000, 0x00000007ab000000| Untracked 
| 689|0x00000007ab100000, 0x00000007ab200000, 0x00000007ab200000|100%| O|  |TAMS 0x00000007ab100000, 0x00000007ab100000| Untracked 
| 690|0x00000007ab200000, 0x00000007ab300000, 0x00000007ab300000|100%| O|  |TAMS 0x00000007ab200000, 0x00000007ab200000| Untracked 
| 691|0x00000007ab300000, 0x00000007ab400000, 0x00000007ab400000|100%| O|  |TAMS 0x00000007ab300000, 0x00000007ab300000| Untracked 
| 692|0x00000007ab400000, 0x00000007ab500000, 0x00000007ab500000|100%| O|  |TAMS 0x00000007ab400000, 0x00000007ab400000| Untracked 
| 693|0x00000007ab500000, 0x00000007ab600000, 0x00000007ab600000|100%| O|  |TAMS 0x00000007ab500000, 0x00000007ab500000| Untracked 
| 694|0x00000007ab600000, 0x00000007ab700000, 0x00000007ab700000|100%| O|  |TAMS 0x00000007ab600000, 0x00000007ab600000| Untracked 
| 695|0x00000007ab700000, 0x00000007ab800000, 0x00000007ab800000|100%| O|  |TAMS 0x00000007ab700000, 0x00000007ab700000| Untracked 
| 696|0x00000007ab800000, 0x00000007ab900000, 0x00000007ab900000|100%| O|  |TAMS 0x00000007ab800000, 0x00000007ab800000| Untracked 
| 697|0x00000007ab900000, 0x00000007aba00000, 0x00000007aba00000|100%| O|  |TAMS 0x00000007ab900000, 0x00000007ab900000| Untracked 
| 698|0x00000007aba00000, 0x00000007abb00000, 0x00000007abb00000|100%| O|  |TAMS 0x00000007aba00000, 0x00000007aba00000| Untracked 
| 699|0x00000007abb00000, 0x00000007abc00000, 0x00000007abc00000|100%| O|  |TAMS 0x00000007abb00000, 0x00000007abb00000| Untracked 
| 700|0x00000007abc00000, 0x00000007abd00000, 0x00000007abd00000|100%| O|  |TAMS 0x00000007abc00000, 0x00000007abc00000| Untracked 
| 701|0x00000007abd00000, 0x00000007abe00000, 0x00000007abe00000|100%| O|  |TAMS 0x00000007abd00000, 0x00000007abd00000| Untracked 
| 702|0x00000007abe00000, 0x00000007abf00000, 0x00000007abf00000|100%| O|  |TAMS 0x00000007abe00000, 0x00000007abe00000| Untracked 
| 703|0x00000007abf00000, 0x00000007ac000000, 0x00000007ac000000|100%| O|  |TAMS 0x00000007abf00000, 0x00000007abf00000| Untracked 
| 704|0x00000007ac000000, 0x00000007ac100000, 0x00000007ac100000|100%| O|  |TAMS 0x00000007ac000000, 0x00000007ac000000| Untracked 
| 705|0x00000007ac100000, 0x00000007ac200000, 0x00000007ac200000|100%| O|  |TAMS 0x00000007ac100000, 0x00000007ac100000| Untracked 
| 706|0x00000007ac200000, 0x00000007ac300000, 0x00000007ac300000|100%| O|  |TAMS 0x00000007ac200000, 0x00000007ac200000| Untracked 
| 707|0x00000007ac300000, 0x00000007ac400000, 0x00000007ac400000|100%| O|  |TAMS 0x00000007ac300000, 0x00000007ac300000| Untracked 
| 708|0x00000007ac400000, 0x00000007ac500000, 0x00000007ac500000|100%| O|  |TAMS 0x00000007ac400000, 0x00000007ac400000| Untracked 
| 709|0x00000007ac500000, 0x00000007ac600000, 0x00000007ac600000|100%| O|  |TAMS 0x00000007ac500000, 0x00000007ac500000| Untracked 
| 710|0x00000007ac600000, 0x00000007ac700000, 0x00000007ac700000|100%| O|  |TAMS 0x00000007ac600000, 0x00000007ac600000| Untracked 
| 711|0x00000007ac700000, 0x00000007ac800000, 0x00000007ac800000|100%| O|  |TAMS 0x00000007ac700000, 0x00000007ac700000| Untracked 
| 712|0x00000007ac800000, 0x00000007ac900000, 0x00000007ac900000|100%| O|  |TAMS 0x00000007ac900000, 0x00000007ac800000| Untracked 
| 713|0x00000007ac900000, 0x00000007aca00000, 0x00000007aca00000|100%| O|  |TAMS 0x00000007aca00000, 0x00000007ac900000| Untracked 
| 714|0x00000007aca00000, 0x00000007acb00000, 0x00000007acb00000|100%| O|  |TAMS 0x00000007aca00000, 0x00000007aca00000| Untracked 
| 715|0x00000007acb00000, 0x00000007acc00000, 0x00000007acc00000|100%| O|  |TAMS 0x00000007acc00000, 0x00000007acb00000| Untracked 
| 716|0x00000007acc00000, 0x00000007acd00000, 0x00000007acd00000|100%| O|  |TAMS 0x00000007acd00000, 0x00000007acc00000| Untracked 
| 717|0x00000007acd00000, 0x00000007ace00000, 0x00000007ace00000|100%| O|  |TAMS 0x00000007ace00000, 0x00000007acd00000| Untracked 
| 718|0x00000007ace00000, 0x00000007acf00000, 0x00000007acf00000|100%| O|  |TAMS 0x00000007acf00000, 0x00000007ace00000| Untracked 
| 719|0x00000007acf00000, 0x00000007ad000000, 0x00000007ad000000|100%| O|  |TAMS 0x00000007ad000000, 0x00000007acf00000| Untracked 
| 720|0x00000007ad000000, 0x00000007ad100000, 0x00000007ad100000|100%| O|  |TAMS 0x00000007ad100000, 0x00000007ad000000| Untracked 
| 721|0x00000007ad100000, 0x00000007ad200000, 0x00000007ad200000|100%| O|  |TAMS 0x00000007ad100000, 0x00000007ad100000| Untracked 
| 722|0x00000007ad200000, 0x00000007ad300000, 0x00000007ad300000|100%| O|  |TAMS 0x00000007ad200000, 0x00000007ad200000| Untracked 
| 723|0x00000007ad300000, 0x00000007ad400000, 0x00000007ad400000|100%| O|  |TAMS 0x00000007ad400000, 0x00000007ad300000| Untracked 
| 724|0x00000007ad400000, 0x00000007ad500000, 0x00000007ad500000|100%| O|  |TAMS 0x00000007ad400000, 0x00000007ad400000| Untracked 
| 725|0x00000007ad500000, 0x00000007ad600000, 0x00000007ad600000|100%| O|  |TAMS 0x00000007ad500000, 0x00000007ad500000| Untracked 
| 726|0x00000007ad600000, 0x00000007ad700000, 0x00000007ad700000|100%| O|  |TAMS 0x00000007ad600000, 0x00000007ad600000| Untracked 
| 727|0x00000007ad700000, 0x00000007ad800000, 0x00000007ad800000|100%| O|  |TAMS 0x00000007ad700000, 0x00000007ad700000| Untracked 
| 728|0x00000007ad800000, 0x00000007ad900000, 0x00000007ad900000|100%| O|  |TAMS 0x00000007ad800000, 0x00000007ad800000| Untracked 
| 729|0x00000007ad900000, 0x00000007ada00000, 0x00000007ada00000|100%| O|  |TAMS 0x00000007ada00000, 0x00000007ad900000| Untracked 
| 730|0x00000007ada00000, 0x00000007adb00000, 0x00000007adb00000|100%| O|  |TAMS 0x00000007ada00000, 0x00000007ada00000| Untracked 
| 731|0x00000007adb00000, 0x00000007adc00000, 0x00000007adc00000|100%| O|  |TAMS 0x00000007adb00000, 0x00000007adb00000| Untracked 
| 732|0x00000007adc00000, 0x00000007add00000, 0x00000007add00000|100%| O|  |TAMS 0x00000007adc00000, 0x00000007adc00000| Untracked 
| 733|0x00000007add00000, 0x00000007ade00000, 0x00000007ade00000|100%| O|  |TAMS 0x00000007add00000, 0x00000007add00000| Untracked 
| 734|0x00000007ade00000, 0x00000007adf00000, 0x00000007adf00000|100%| O|  |TAMS 0x00000007ade00000, 0x00000007ade00000| Untracked 
| 735|0x00000007adf00000, 0x00000007ae000000, 0x00000007ae000000|100%| O|  |TAMS 0x00000007adf00000, 0x00000007adf00000| Untracked 
| 736|0x00000007ae000000, 0x00000007ae100000, 0x00000007ae100000|100%| O|  |TAMS 0x00000007ae000000, 0x00000007ae000000| Untracked 
| 737|0x00000007ae100000, 0x00000007ae200000, 0x00000007ae200000|100%| O|  |TAMS 0x00000007ae100000, 0x00000007ae100000| Untracked 
| 738|0x00000007ae200000, 0x00000007ae300000, 0x00000007ae300000|100%| O|  |TAMS 0x00000007ae200000, 0x00000007ae200000| Untracked 
| 739|0x00000007ae300000, 0x00000007ae400000, 0x00000007ae400000|100%| O|  |TAMS 0x00000007ae300000, 0x00000007ae300000| Untracked 
| 740|0x00000007ae400000, 0x00000007ae500000, 0x00000007ae500000|100%| O|  |TAMS 0x00000007ae400000, 0x00000007ae400000| Untracked 
| 741|0x00000007ae500000, 0x00000007ae600000, 0x00000007ae600000|100%| O|  |TAMS 0x00000007ae500000, 0x00000007ae500000| Untracked 
| 742|0x00000007ae600000, 0x00000007ae700000, 0x00000007ae700000|100%| O|  |TAMS 0x00000007ae600000, 0x00000007ae600000| Untracked 
| 743|0x00000007ae700000, 0x00000007ae800000, 0x00000007ae800000|100%| O|  |TAMS 0x00000007ae700000, 0x00000007ae700000| Untracked 
| 744|0x00000007ae800000, 0x00000007ae900000, 0x00000007ae900000|100%| O|  |TAMS 0x00000007ae800000, 0x00000007ae800000| Untracked 
| 745|0x00000007ae900000, 0x00000007aea00000, 0x00000007aea00000|100%| O|  |TAMS 0x00000007ae900000, 0x00000007ae900000| Untracked 
| 746|0x00000007aea00000, 0x00000007aeb00000, 0x00000007aeb00000|100%| O|  |TAMS 0x00000007aea00000, 0x00000007aea00000| Untracked 
| 747|0x00000007aeb00000, 0x00000007aec00000, 0x00000007aec00000|100%| O|  |TAMS 0x00000007aeb00000, 0x00000007aeb00000| Untracked 
| 748|0x00000007aec00000, 0x00000007aed00000, 0x00000007aed00000|100%| O|  |TAMS 0x00000007aec00000, 0x00000007aec00000| Untracked 
| 749|0x00000007aed00000, 0x00000007aee00000, 0x00000007aee00000|100%| O|  |TAMS 0x00000007aee00000, 0x00000007aed00000| Untracked 
| 750|0x00000007aee00000, 0x00000007aef00000, 0x00000007aef00000|100%| O|  |TAMS 0x00000007aee00000, 0x00000007aee00000| Untracked 
| 751|0x00000007aef00000, 0x00000007af000000, 0x00000007af000000|100%| O|  |TAMS 0x00000007aef00000, 0x00000007aef00000| Untracked 
| 752|0x00000007af000000, 0x00000007af100000, 0x00000007af100000|100%| O|  |TAMS 0x00000007af000000, 0x00000007af000000| Untracked 
| 753|0x00000007af100000, 0x00000007af200000, 0x00000007af200000|100%| O|  |TAMS 0x00000007af200000, 0x00000007af100000| Untracked 
| 754|0x00000007af200000, 0x00000007af300000, 0x00000007af300000|100%| O|  |TAMS 0x00000007af300000, 0x00000007af200000| Untracked 
| 755|0x00000007af300000, 0x00000007af400000, 0x00000007af400000|100%| O|  |TAMS 0x00000007af400000, 0x00000007af300000| Untracked 
| 756|0x00000007af400000, 0x00000007af500000, 0x00000007af500000|100%| O|  |TAMS 0x00000007af500000, 0x00000007af400000| Untracked 
| 757|0x00000007af500000, 0x00000007af600000, 0x00000007af600000|100%| O|  |TAMS 0x00000007af600000, 0x00000007af500000| Untracked 
| 758|0x00000007af600000, 0x00000007af700000, 0x00000007af700000|100%| O|  |TAMS 0x00000007af700000, 0x00000007af600000| Untracked 
| 759|0x00000007af700000, 0x00000007af800000, 0x00000007af800000|100%| O|  |TAMS 0x00000007af800000, 0x00000007af700000| Untracked 
| 760|0x00000007af800000, 0x00000007af900000, 0x00000007af900000|100%| O|  |TAMS 0x00000007af800000, 0x00000007af800000| Untracked 
| 761|0x00000007af900000, 0x00000007afa00000, 0x00000007afa00000|100%| O|  |TAMS 0x00000007af900000, 0x00000007af900000| Untracked 
| 762|0x00000007afa00000, 0x00000007afb00000, 0x00000007afb00000|100%| O|  |TAMS 0x00000007afa00000, 0x00000007afa00000| Untracked 
| 763|0x00000007afb00000, 0x00000007afc00000, 0x00000007afc00000|100%| O|  |TAMS 0x00000007afb00000, 0x00000007afb00000| Untracked 
| 764|0x00000007afc00000, 0x00000007afd00000, 0x00000007afd00000|100%| O|  |TAMS 0x00000007afc00000, 0x00000007afc00000| Untracked 
| 765|0x00000007afd00000, 0x00000007afe00000, 0x00000007afe00000|100%| O|  |TAMS 0x00000007afd00000, 0x00000007afd00000| Untracked 
| 766|0x00000007afe00000, 0x00000007aff00000, 0x00000007aff00000|100%| O|  |TAMS 0x00000007afe00000, 0x00000007afe00000| Untracked 
| 767|0x00000007aff00000, 0x00000007b0000000, 0x00000007b0000000|100%| O|  |TAMS 0x00000007aff00000, 0x00000007aff00000| Untracked 
| 768|0x00000007b0000000, 0x00000007b0000000, 0x00000007b0100000|  0%| F|  |TAMS 0x00000007b0000000, 0x00000007b0000000| Untracked 
| 769|0x00000007b0100000, 0x00000007b0100000, 0x00000007b0200000|  0%| F|  |TAMS 0x00000007b0100000, 0x00000007b0100000| Untracked 
| 770|0x00000007b0200000, 0x00000007b0200000, 0x00000007b0300000|  0%| F|  |TAMS 0x00000007b0200000, 0x00000007b0200000| Untracked 
| 771|0x00000007b0300000, 0x00000007b0300000, 0x00000007b0400000|  0%| F|  |TAMS 0x00000007b0300000, 0x00000007b0300000| Untracked 
| 772|0x00000007b0400000, 0x00000007b0400000, 0x00000007b0500000|  0%| F|  |TAMS 0x00000007b0400000, 0x00000007b0400000| Untracked 
| 773|0x00000007b0500000, 0x00000007b0500000, 0x00000007b0600000|  0%| F|  |TAMS 0x00000007b0500000, 0x00000007b0500000| Untracked 
| 774|0x00000007b0600000, 0x00000007b0600000, 0x00000007b0700000|  0%| F|  |TAMS 0x00000007b0600000, 0x00000007b0600000| Untracked 
| 775|0x00000007b0700000, 0x00000007b0700000, 0x00000007b0800000|  0%| F|  |TAMS 0x00000007b0700000, 0x00000007b0700000| Untracked 
| 776|0x00000007b0800000, 0x00000007b0800000, 0x00000007b0900000|  0%| F|  |TAMS 0x00000007b0800000, 0x00000007b0800000| Untracked 
| 777|0x00000007b0900000, 0x00000007b0900000, 0x00000007b0a00000|  0%| F|  |TAMS 0x00000007b0900000, 0x00000007b0900000| Untracked 
| 778|0x00000007b0a00000, 0x00000007b0a00000, 0x00000007b0b00000|  0%| F|  |TAMS 0x00000007b0a00000, 0x00000007b0a00000| Untracked 
| 779|0x00000007b0b00000, 0x00000007b0b00000, 0x00000007b0c00000|  0%| F|  |TAMS 0x00000007b0b00000, 0x00000007b0b00000| Untracked 
| 780|0x00000007b0c00000, 0x00000007b0c00000, 0x00000007b0d00000|  0%| F|  |TAMS 0x00000007b0c00000, 0x00000007b0c00000| Untracked 
| 781|0x00000007b0d00000, 0x00000007b0d00000, 0x00000007b0e00000|  0%| F|  |TAMS 0x00000007b0d00000, 0x00000007b0d00000| Untracked 
| 782|0x00000007b0e00000, 0x00000007b0e00000, 0x00000007b0f00000|  0%| F|  |TAMS 0x00000007b0e00000, 0x00000007b0e00000| Untracked 
| 783|0x00000007b0f00000, 0x00000007b0f00000, 0x00000007b1000000|  0%| F|  |TAMS 0x00000007b0f00000, 0x00000007b0f00000| Untracked 
| 784|0x00000007b1000000, 0x00000007b1000000, 0x00000007b1100000|  0%| F|  |TAMS 0x00000007b1000000, 0x00000007b1000000| Untracked 
| 785|0x00000007b1100000, 0x00000007b1100000, 0x00000007b1200000|  0%| F|  |TAMS 0x00000007b1100000, 0x00000007b1100000| Untracked 
| 786|0x00000007b1200000, 0x00000007b1200000, 0x00000007b1300000|  0%| F|  |TAMS 0x00000007b1200000, 0x00000007b1200000| Untracked 
| 787|0x00000007b1300000, 0x00000007b1300000, 0x00000007b1400000|  0%| F|  |TAMS 0x00000007b1300000, 0x00000007b1300000| Untracked 
| 788|0x00000007b1400000, 0x00000007b1400000, 0x00000007b1500000|  0%| F|  |TAMS 0x00000007b1400000, 0x00000007b1400000| Untracked 
| 789|0x00000007b1500000, 0x00000007b1600000, 0x00000007b1600000|100%| O|  |TAMS 0x00000007b1600000, 0x00000007b1500000| Untracked 
| 790|0x00000007b1600000, 0x00000007b1700000, 0x00000007b1700000|100%| O|  |TAMS 0x00000007b1700000, 0x00000007b1600000| Untracked 
| 791|0x00000007b1700000, 0x00000007b1800000, 0x00000007b1800000|100%| O|  |TAMS 0x00000007b1800000, 0x00000007b1700000| Untracked 
| 792|0x00000007b1800000, 0x00000007b1900000, 0x00000007b1900000|100%| O|  |TAMS 0x00000007b1900000, 0x00000007b1800000| Untracked 
| 793|0x00000007b1900000, 0x00000007b1a00000, 0x00000007b1a00000|100%| O|  |TAMS 0x00000007b1a00000, 0x00000007b1900000| Untracked 
| 794|0x00000007b1a00000, 0x00000007b1b00000, 0x00000007b1b00000|100%| O|  |TAMS 0x00000007b1b00000, 0x00000007b1a00000| Untracked 
| 795|0x00000007b1b00000, 0x00000007b1c00000, 0x00000007b1c00000|100%| O|  |TAMS 0x00000007b1c00000, 0x00000007b1b00000| Untracked 
| 796|0x00000007b1c00000, 0x00000007b1c00000, 0x00000007b1d00000|  0%| F|  |TAMS 0x00000007b1c00000, 0x00000007b1c00000| Untracked 
| 797|0x00000007b1d00000, 0x00000007b1d00000, 0x00000007b1e00000|  0%| F|  |TAMS 0x00000007b1d00000, 0x00000007b1d00000| Untracked 
| 798|0x00000007b1e00000, 0x00000007b1e00000, 0x00000007b1f00000|  0%| F|  |TAMS 0x00000007b1e00000, 0x00000007b1e00000| Untracked 
| 799|0x00000007b1f00000, 0x00000007b1f00000, 0x00000007b2000000|  0%| F|  |TAMS 0x00000007b1f00000, 0x00000007b1f00000| Untracked 
| 800|0x00000007b2000000, 0x00000007b2000000, 0x00000007b2100000|  0%| F|  |TAMS 0x00000007b2000000, 0x00000007b2000000| Untracked 
| 801|0x00000007b2100000, 0x00000007b2200000, 0x00000007b2200000|100%| O|  |TAMS 0x00000007b2200000, 0x00000007b2100000| Untracked 
| 802|0x00000007b2200000, 0x00000007b2300000, 0x00000007b2300000|100%| O|  |TAMS 0x00000007b2300000, 0x00000007b2200000| Untracked 
| 803|0x00000007b2300000, 0x00000007b2400000, 0x00000007b2400000|100%| O|  |TAMS 0x00000007b2400000, 0x00000007b2300000| Untracked 
| 804|0x00000007b2400000, 0x00000007b2500000, 0x00000007b2500000|100%| O|  |TAMS 0x00000007b2500000, 0x00000007b2400000| Untracked 
| 805|0x00000007b2500000, 0x00000007b2500000, 0x00000007b2600000|  0%| F|  |TAMS 0x00000007b2500000, 0x00000007b2500000| Untracked 
| 806|0x00000007b2600000, 0x00000007b2600000, 0x00000007b2700000|  0%| F|  |TAMS 0x00000007b2600000, 0x00000007b2600000| Untracked 
| 807|0x00000007b2700000, 0x00000007b2700000, 0x00000007b2800000|  0%| F|  |TAMS 0x00000007b2700000, 0x00000007b2700000| Untracked 
| 808|0x00000007b2800000, 0x00000007b2800000, 0x00000007b2900000|  0%| F|  |TAMS 0x00000007b2800000, 0x00000007b2800000| Untracked 
| 809|0x00000007b2900000, 0x00000007b2900000, 0x00000007b2a00000|  0%| F|  |TAMS 0x00000007b2900000, 0x00000007b2900000| Untracked 
| 810|0x00000007b2a00000, 0x00000007b2a00000, 0x00000007b2b00000|  0%| F|  |TAMS 0x00000007b2a00000, 0x00000007b2a00000| Untracked 
| 811|0x00000007b2b00000, 0x00000007b2c00000, 0x00000007b2c00000|100%| O|  |TAMS 0x00000007b2c00000, 0x00000007b2b00000| Untracked 
| 812|0x00000007b2c00000, 0x00000007b2d00000, 0x00000007b2d00000|100%| O|  |TAMS 0x00000007b2d00000, 0x00000007b2c00000| Untracked 
| 813|0x00000007b2d00000, 0x00000007b2e00000, 0x00000007b2e00000|100%| O|  |TAMS 0x00000007b2e00000, 0x00000007b2d00000| Untracked 
| 814|0x00000007b2e00000, 0x00000007b2e00000, 0x00000007b2f00000|  0%| F|  |TAMS 0x00000007b2e00000, 0x00000007b2e00000| Untracked 
| 815|0x00000007b2f00000, 0x00000007b2f00000, 0x00000007b3000000|  0%| F|  |TAMS 0x00000007b2f00000, 0x00000007b2f00000| Untracked 
| 816|0x00000007b3000000, 0x00000007b3000000, 0x00000007b3100000|  0%| F|  |TAMS 0x00000007b3000000, 0x00000007b3000000| Untracked 
| 817|0x00000007b3100000, 0x00000007b3100000, 0x00000007b3200000|  0%| F|  |TAMS 0x00000007b3100000, 0x00000007b3100000| Untracked 
| 818|0x00000007b3200000, 0x00000007b3200000, 0x00000007b3300000|  0%| F|  |TAMS 0x00000007b3200000, 0x00000007b3200000| Untracked 
| 819|0x00000007b3300000, 0x00000007b3300000, 0x00000007b3400000|  0%| F|  |TAMS 0x00000007b3300000, 0x00000007b3300000| Untracked 
| 820|0x00000007b3400000, 0x00000007b3400000, 0x00000007b3500000|  0%| F|  |TAMS 0x00000007b3400000, 0x00000007b3400000| Untracked 
| 821|0x00000007b3500000, 0x00000007b3500000, 0x00000007b3600000|  0%| F|  |TAMS 0x00000007b3500000, 0x00000007b3500000| Untracked 
| 822|0x00000007b3600000, 0x00000007b3600000, 0x00000007b3700000|  0%| F|  |TAMS 0x00000007b3600000, 0x00000007b3600000| Untracked 
| 823|0x00000007b3700000, 0x00000007b3700000, 0x00000007b3800000|  0%| F|  |TAMS 0x00000007b3700000, 0x00000007b3700000| Untracked 
| 824|0x00000007b3800000, 0x00000007b3800000, 0x00000007b3900000|  0%| F|  |TAMS 0x00000007b3800000, 0x00000007b3800000| Untracked 
| 825|0x00000007b3900000, 0x00000007b3900000, 0x00000007b3a00000|  0%| F|  |TAMS 0x00000007b3900000, 0x00000007b3900000| Untracked 
| 826|0x00000007b3a00000, 0x00000007b3a00000, 0x00000007b3b00000|  0%| F|  |TAMS 0x00000007b3a00000, 0x00000007b3a00000| Untracked 
| 827|0x00000007b3b00000, 0x00000007b3b00000, 0x00000007b3c00000|  0%| F|  |TAMS 0x00000007b3b00000, 0x00000007b3b00000| Untracked 
| 828|0x00000007b3c00000, 0x00000007b3c00000, 0x00000007b3d00000|  0%| F|  |TAMS 0x00000007b3c00000, 0x00000007b3c00000| Untracked 
| 829|0x00000007b3d00000, 0x00000007b3d00000, 0x00000007b3e00000|  0%| F|  |TAMS 0x00000007b3d00000, 0x00000007b3d00000| Untracked 
| 830|0x00000007b3e00000, 0x00000007b3e00000, 0x00000007b3f00000|  0%| F|  |TAMS 0x00000007b3e00000, 0x00000007b3e00000| Untracked 
| 831|0x00000007b3f00000, 0x00000007b3f00000, 0x00000007b4000000|  0%| F|  |TAMS 0x00000007b3f00000, 0x00000007b3f00000| Untracked 
| 832|0x00000007b4000000, 0x00000007b4000000, 0x00000007b4100000|  0%| F|  |TAMS 0x00000007b4000000, 0x00000007b4000000| Untracked 
| 833|0x00000007b4100000, 0x00000007b4100000, 0x00000007b4200000|  0%| F|  |TAMS 0x00000007b4100000, 0x00000007b4100000| Untracked 
| 834|0x00000007b4200000, 0x00000007b4200000, 0x00000007b4300000|  0%| F|  |TAMS 0x00000007b4200000, 0x00000007b4200000| Untracked 
| 835|0x00000007b4300000, 0x00000007b4300000, 0x00000007b4400000|  0%| F|  |TAMS 0x00000007b4300000, 0x00000007b4300000| Untracked 
| 836|0x00000007b4400000, 0x00000007b4400000, 0x00000007b4500000|  0%| F|  |TAMS 0x00000007b4400000, 0x00000007b4400000| Untracked 
| 837|0x00000007b4500000, 0x00000007b4500000, 0x00000007b4600000|  0%| F|  |TAMS 0x00000007b4500000, 0x00000007b4500000| Untracked 
| 838|0x00000007b4600000, 0x00000007b4600000, 0x00000007b4700000|  0%| F|  |TAMS 0x00000007b4600000, 0x00000007b4600000| Untracked 
| 839|0x00000007b4700000, 0x00000007b4700000, 0x00000007b4800000|  0%| F|  |TAMS 0x00000007b4700000, 0x00000007b4700000| Untracked 
| 840|0x00000007b4800000, 0x00000007b4800000, 0x00000007b4900000|  0%| F|  |TAMS 0x00000007b4800000, 0x00000007b4800000| Untracked 
| 841|0x00000007b4900000, 0x00000007b4900000, 0x00000007b4a00000|  0%| F|  |TAMS 0x00000007b4900000, 0x00000007b4900000| Untracked 
| 842|0x00000007b4a00000, 0x00000007b4a00000, 0x00000007b4b00000|  0%| F|  |TAMS 0x00000007b4a00000, 0x00000007b4a00000| Untracked 
| 843|0x00000007b4b00000, 0x00000007b4b00000, 0x00000007b4c00000|  0%| F|  |TAMS 0x00000007b4b00000, 0x00000007b4b00000| Untracked 
| 844|0x00000007b4c00000, 0x00000007b4c00000, 0x00000007b4d00000|  0%| F|  |TAMS 0x00000007b4c00000, 0x00000007b4c00000| Untracked 
| 845|0x00000007b4d00000, 0x00000007b4d00000, 0x00000007b4e00000|  0%| F|  |TAMS 0x00000007b4d00000, 0x00000007b4d00000| Untracked 
| 846|0x00000007b4e00000, 0x00000007b4e00000, 0x00000007b4f00000|  0%| F|  |TAMS 0x00000007b4e00000, 0x00000007b4e00000| Untracked 
| 847|0x00000007b4f00000, 0x00000007b4f00000, 0x00000007b5000000|  0%| F|  |TAMS 0x00000007b4f00000, 0x00000007b4f00000| Untracked 
| 848|0x00000007b5000000, 0x00000007b5000000, 0x00000007b5100000|  0%| F|  |TAMS 0x00000007b5000000, 0x00000007b5000000| Untracked 
| 849|0x00000007b5100000, 0x00000007b5100000, 0x00000007b5200000|  0%| F|  |TAMS 0x00000007b5100000, 0x00000007b5100000| Untracked 
| 850|0x00000007b5200000, 0x00000007b5200000, 0x00000007b5300000|  0%| F|  |TAMS 0x00000007b5200000, 0x00000007b5200000| Untracked 
| 851|0x00000007b5300000, 0x00000007b5300000, 0x00000007b5400000|  0%| F|  |TAMS 0x00000007b5300000, 0x00000007b5300000| Untracked 
| 852|0x00000007b5400000, 0x00000007b5400000, 0x00000007b5500000|  0%| F|  |TAMS 0x00000007b5400000, 0x00000007b5400000| Untracked 
| 853|0x00000007b5500000, 0x00000007b5500000, 0x00000007b5600000|  0%| F|  |TAMS 0x00000007b5500000, 0x00000007b5500000| Untracked 
| 854|0x00000007b5600000, 0x00000007b5600000, 0x00000007b5700000|  0%| F|  |TAMS 0x00000007b5600000, 0x00000007b5600000| Untracked 
| 855|0x00000007b5700000, 0x00000007b5700000, 0x00000007b5800000|  0%| F|  |TAMS 0x00000007b5700000, 0x00000007b5700000| Untracked 
| 856|0x00000007b5800000, 0x00000007b5800000, 0x00000007b5900000|  0%| F|  |TAMS 0x00000007b5800000, 0x00000007b5800000| Untracked 
| 857|0x00000007b5900000, 0x00000007b5900000, 0x00000007b5a00000|  0%| F|  |TAMS 0x00000007b5900000, 0x00000007b5900000| Untracked 
| 858|0x00000007b5a00000, 0x00000007b5a00000, 0x00000007b5b00000|  0%| F|  |TAMS 0x00000007b5a00000, 0x00000007b5a00000| Untracked 
| 859|0x00000007b5b00000, 0x00000007b5b00000, 0x00000007b5c00000|  0%| F|  |TAMS 0x00000007b5b00000, 0x00000007b5b00000| Untracked 
| 860|0x00000007b5c00000, 0x00000007b5c00000, 0x00000007b5d00000|  0%| F|  |TAMS 0x00000007b5c00000, 0x00000007b5c00000| Untracked 
| 861|0x00000007b5d00000, 0x00000007b5d00000, 0x00000007b5e00000|  0%| F|  |TAMS 0x00000007b5d00000, 0x00000007b5d00000| Untracked 
| 862|0x00000007b5e00000, 0x00000007b5e00000, 0x00000007b5f00000|  0%| F|  |TAMS 0x00000007b5e00000, 0x00000007b5e00000| Untracked 
| 863|0x00000007b5f00000, 0x00000007b5f00000, 0x00000007b6000000|  0%| F|  |TAMS 0x00000007b5f00000, 0x00000007b5f00000| Untracked 
| 864|0x00000007b6000000, 0x00000007b6000000, 0x00000007b6100000|  0%| F|  |TAMS 0x00000007b6000000, 0x00000007b6000000| Untracked 
| 865|0x00000007b6100000, 0x00000007b6100000, 0x00000007b6200000|  0%| F|  |TAMS 0x00000007b6100000, 0x00000007b6100000| Untracked 
| 866|0x00000007b6200000, 0x00000007b6200000, 0x00000007b6300000|  0%| F|  |TAMS 0x00000007b6200000, 0x00000007b6200000| Untracked 
| 867|0x00000007b6300000, 0x00000007b6300000, 0x00000007b6400000|  0%| F|  |TAMS 0x00000007b6300000, 0x00000007b6300000| Untracked 
| 868|0x00000007b6400000, 0x00000007b6400000, 0x00000007b6500000|  0%| F|  |TAMS 0x00000007b6400000, 0x00000007b6400000| Untracked 
| 869|0x00000007b6500000, 0x00000007b6500000, 0x00000007b6600000|  0%| F|  |TAMS 0x00000007b6500000, 0x00000007b6500000| Untracked 
| 870|0x00000007b6600000, 0x00000007b6600000, 0x00000007b6700000|  0%| F|  |TAMS 0x00000007b6600000, 0x00000007b6600000| Untracked 
| 871|0x00000007b6700000, 0x00000007b6700000, 0x00000007b6800000|  0%| F|  |TAMS 0x00000007b6700000, 0x00000007b6700000| Untracked 
| 872|0x00000007b6800000, 0x00000007b6800000, 0x00000007b6900000|  0%| F|  |TAMS 0x00000007b6800000, 0x00000007b6800000| Untracked 
| 873|0x00000007b6900000, 0x00000007b6900000, 0x00000007b6a00000|  0%| F|  |TAMS 0x00000007b6900000, 0x00000007b6900000| Untracked 
| 874|0x00000007b6a00000, 0x00000007b6a00000, 0x00000007b6b00000|  0%| F|  |TAMS 0x00000007b6a00000, 0x00000007b6a00000| Untracked 
| 875|0x00000007b6b00000, 0x00000007b6b00000, 0x00000007b6c00000|  0%| F|  |TAMS 0x00000007b6b00000, 0x00000007b6b00000| Untracked 
| 876|0x00000007b6c00000, 0x00000007b6c00000, 0x00000007b6d00000|  0%| F|  |TAMS 0x00000007b6c00000, 0x00000007b6c00000| Untracked 
| 877|0x00000007b6d00000, 0x00000007b6d00000, 0x00000007b6e00000|  0%| F|  |TAMS 0x00000007b6d00000, 0x00000007b6d00000| Untracked 
| 878|0x00000007b6e00000, 0x00000007b6e00000, 0x00000007b6f00000|  0%| F|  |TAMS 0x00000007b6e00000, 0x00000007b6e00000| Untracked 
| 879|0x00000007b6f00000, 0x00000007b6f00000, 0x00000007b7000000|  0%| F|  |TAMS 0x00000007b6f00000, 0x00000007b6f00000| Untracked 
| 880|0x00000007b7000000, 0x00000007b7000000, 0x00000007b7100000|  0%| F|  |TAMS 0x00000007b7000000, 0x00000007b7000000| Untracked 
| 881|0x00000007b7100000, 0x00000007b7100000, 0x00000007b7200000|  0%| F|  |TAMS 0x00000007b7100000, 0x00000007b7100000| Untracked 
| 882|0x00000007b7200000, 0x00000007b7200000, 0x00000007b7300000|  0%| F|  |TAMS 0x00000007b7200000, 0x00000007b7200000| Untracked 
| 883|0x00000007b7300000, 0x00000007b7300000, 0x00000007b7400000|  0%| F|  |TAMS 0x00000007b7300000, 0x00000007b7300000| Untracked 
| 884|0x00000007b7400000, 0x00000007b7400000, 0x00000007b7500000|  0%| F|  |TAMS 0x00000007b7400000, 0x00000007b7400000| Untracked 
| 885|0x00000007b7500000, 0x00000007b7500000, 0x00000007b7600000|  0%| F|  |TAMS 0x00000007b7500000, 0x00000007b7500000| Untracked 
| 886|0x00000007b7600000, 0x00000007b7600000, 0x00000007b7700000|  0%| F|  |TAMS 0x00000007b7600000, 0x00000007b7600000| Untracked 
| 887|0x00000007b7700000, 0x00000007b7700000, 0x00000007b7800000|  0%| F|  |TAMS 0x00000007b7700000, 0x00000007b7700000| Untracked 
| 888|0x00000007b7800000, 0x00000007b7800000, 0x00000007b7900000|  0%| F|  |TAMS 0x00000007b7800000, 0x00000007b7800000| Untracked 
| 889|0x00000007b7900000, 0x00000007b7900000, 0x00000007b7a00000|  0%| F|  |TAMS 0x00000007b7900000, 0x00000007b7900000| Untracked 
| 890|0x00000007b7a00000, 0x00000007b7a00000, 0x00000007b7b00000|  0%| F|  |TAMS 0x00000007b7a00000, 0x00000007b7a00000| Untracked 
| 891|0x00000007b7b00000, 0x00000007b7b00000, 0x00000007b7c00000|  0%| F|  |TAMS 0x00000007b7b00000, 0x00000007b7b00000| Untracked 
| 892|0x00000007b7c00000, 0x00000007b7c00000, 0x00000007b7d00000|  0%| F|  |TAMS 0x00000007b7c00000, 0x00000007b7c00000| Untracked 
| 893|0x00000007b7d00000, 0x00000007b7d00000, 0x00000007b7e00000|  0%| F|  |TAMS 0x00000007b7d00000, 0x00000007b7d00000| Untracked 
| 894|0x00000007b7e00000, 0x00000007b7e00000, 0x00000007b7f00000|  0%| F|  |TAMS 0x00000007b7e00000, 0x00000007b7e00000| Untracked 
| 895|0x00000007b7f00000, 0x00000007b7f00000, 0x00000007b8000000|  0%| F|  |TAMS 0x00000007b7f00000, 0x00000007b7f00000| Untracked 
| 896|0x00000007b8000000, 0x00000007b8000000, 0x00000007b8100000|  0%| F|  |TAMS 0x00000007b8000000, 0x00000007b8000000| Untracked 
| 897|0x00000007b8100000, 0x00000007b8100000, 0x00000007b8200000|  0%| F|  |TAMS 0x00000007b8100000, 0x00000007b8100000| Untracked 
| 898|0x00000007b8200000, 0x00000007b8200000, 0x00000007b8300000|  0%| F|  |TAMS 0x00000007b8200000, 0x00000007b8200000| Untracked 
| 899|0x00000007b8300000, 0x00000007b8300000, 0x00000007b8400000|  0%| F|  |TAMS 0x00000007b8300000, 0x00000007b8300000| Untracked 
| 900|0x00000007b8400000, 0x00000007b8400000, 0x00000007b8500000|  0%| F|  |TAMS 0x00000007b8400000, 0x00000007b8400000| Untracked 
| 901|0x00000007b8500000, 0x00000007b8500000, 0x00000007b8600000|  0%| F|  |TAMS 0x00000007b8500000, 0x00000007b8500000| Untracked 
| 902|0x00000007b8600000, 0x00000007b8600000, 0x00000007b8700000|  0%| F|  |TAMS 0x00000007b8600000, 0x00000007b8600000| Untracked 
| 903|0x00000007b8700000, 0x00000007b8700000, 0x00000007b8800000|  0%| F|  |TAMS 0x00000007b8700000, 0x00000007b8700000| Untracked 
| 904|0x00000007b8800000, 0x00000007b8800000, 0x00000007b8900000|  0%| F|  |TAMS 0x00000007b8800000, 0x00000007b8800000| Untracked 
| 905|0x00000007b8900000, 0x00000007b8900000, 0x00000007b8a00000|  0%| F|  |TAMS 0x00000007b8900000, 0x00000007b8900000| Untracked 
| 906|0x00000007b8a00000, 0x00000007b8a00000, 0x00000007b8b00000|  0%| F|  |TAMS 0x00000007b8a00000, 0x00000007b8a00000| Untracked 
| 907|0x00000007b8b00000, 0x00000007b8b00000, 0x00000007b8c00000|  0%| F|  |TAMS 0x00000007b8b00000, 0x00000007b8b00000| Untracked 
| 908|0x00000007b8c00000, 0x00000007b8c00000, 0x00000007b8d00000|  0%| F|  |TAMS 0x00000007b8c00000, 0x00000007b8c00000| Untracked 
| 909|0x00000007b8d00000, 0x00000007b8d00000, 0x00000007b8e00000|  0%| F|  |TAMS 0x00000007b8d00000, 0x00000007b8d00000| Untracked 
| 910|0x00000007b8e00000, 0x00000007b8e00000, 0x00000007b8f00000|  0%| F|  |TAMS 0x00000007b8e00000, 0x00000007b8e00000| Untracked 
| 911|0x00000007b8f00000, 0x00000007b8f00000, 0x00000007b9000000|  0%| F|  |TAMS 0x00000007b8f00000, 0x00000007b8f00000| Untracked 
| 912|0x00000007b9000000, 0x00000007b9000000, 0x00000007b9100000|  0%| F|  |TAMS 0x00000007b9000000, 0x00000007b9000000| Untracked 
| 913|0x00000007b9100000, 0x00000007b9100000, 0x00000007b9200000|  0%| F|  |TAMS 0x00000007b9100000, 0x00000007b9100000| Untracked 
| 914|0x00000007b9200000, 0x00000007b9200000, 0x00000007b9300000|  0%| F|  |TAMS 0x00000007b9200000, 0x00000007b9200000| Untracked 
| 915|0x00000007b9300000, 0x00000007b9300000, 0x00000007b9400000|  0%| F|  |TAMS 0x00000007b9300000, 0x00000007b9300000| Untracked 
| 916|0x00000007b9400000, 0x00000007b9400000, 0x00000007b9500000|  0%| F|  |TAMS 0x00000007b9400000, 0x00000007b9400000| Untracked 
| 917|0x00000007b9500000, 0x00000007b9500000, 0x00000007b9600000|  0%| F|  |TAMS 0x00000007b9500000, 0x00000007b9500000| Untracked 
| 918|0x00000007b9600000, 0x00000007b9600000, 0x00000007b9700000|  0%| F|  |TAMS 0x00000007b9600000, 0x00000007b9600000| Untracked 
| 919|0x00000007b9700000, 0x00000007b9700000, 0x00000007b9800000|  0%| F|  |TAMS 0x00000007b9700000, 0x00000007b9700000| Untracked 
| 920|0x00000007b9800000, 0x00000007b9800000, 0x00000007b9900000|  0%| F|  |TAMS 0x00000007b9800000, 0x00000007b9800000| Untracked 
| 921|0x00000007b9900000, 0x00000007b9900000, 0x00000007b9a00000|  0%| F|  |TAMS 0x00000007b9900000, 0x00000007b9900000| Untracked 
| 922|0x00000007b9a00000, 0x00000007b9a00000, 0x00000007b9b00000|  0%| F|  |TAMS 0x00000007b9a00000, 0x00000007b9a00000| Untracked 
| 923|0x00000007b9b00000, 0x00000007b9b00000, 0x00000007b9c00000|  0%| F|  |TAMS 0x00000007b9b00000, 0x00000007b9b00000| Untracked 
| 924|0x00000007b9c00000, 0x00000007b9c00000, 0x00000007b9d00000|  0%| F|  |TAMS 0x00000007b9c00000, 0x00000007b9c00000| Untracked 
| 925|0x00000007b9d00000, 0x00000007b9d00000, 0x00000007b9e00000|  0%| F|  |TAMS 0x00000007b9d00000, 0x00000007b9d00000| Untracked 
| 926|0x00000007b9e00000, 0x00000007b9e00000, 0x00000007b9f00000|  0%| F|  |TAMS 0x00000007b9e00000, 0x00000007b9e00000| Untracked 
| 927|0x00000007b9f00000, 0x00000007b9f00000, 0x00000007ba000000|  0%| F|  |TAMS 0x00000007b9f00000, 0x00000007b9f00000| Untracked 
| 928|0x00000007ba000000, 0x00000007ba000000, 0x00000007ba100000|  0%| F|  |TAMS 0x00000007ba000000, 0x00000007ba000000| Untracked 
| 929|0x00000007ba100000, 0x00000007ba100000, 0x00000007ba200000|  0%| F|  |TAMS 0x00000007ba100000, 0x00000007ba100000| Untracked 
| 930|0x00000007ba200000, 0x00000007ba200000, 0x00000007ba300000|  0%| F|  |TAMS 0x00000007ba200000, 0x00000007ba200000| Untracked 
| 931|0x00000007ba300000, 0x00000007ba300000, 0x00000007ba400000|  0%| F|  |TAMS 0x00000007ba300000, 0x00000007ba300000| Untracked 
| 932|0x00000007ba400000, 0x00000007ba400000, 0x00000007ba500000|  0%| F|  |TAMS 0x00000007ba400000, 0x00000007ba400000| Untracked 
| 933|0x00000007ba500000, 0x00000007ba500000, 0x00000007ba600000|  0%| F|  |TAMS 0x00000007ba500000, 0x00000007ba500000| Untracked 
| 934|0x00000007ba600000, 0x00000007ba600000, 0x00000007ba700000|  0%| F|  |TAMS 0x00000007ba600000, 0x00000007ba600000| Untracked 
| 935|0x00000007ba700000, 0x00000007ba700000, 0x00000007ba800000|  0%| F|  |TAMS 0x00000007ba700000, 0x00000007ba700000| Untracked 
| 936|0x00000007ba800000, 0x00000007ba800000, 0x00000007ba900000|  0%| F|  |TAMS 0x00000007ba800000, 0x00000007ba800000| Untracked 
| 937|0x00000007ba900000, 0x00000007ba900000, 0x00000007baa00000|  0%| F|  |TAMS 0x00000007ba900000, 0x00000007ba900000| Untracked 
| 938|0x00000007baa00000, 0x00000007baa00000, 0x00000007bab00000|  0%| F|  |TAMS 0x00000007baa00000, 0x00000007baa00000| Untracked 
| 939|0x00000007bab00000, 0x00000007bab00000, 0x00000007bac00000|  0%| F|  |TAMS 0x00000007bab00000, 0x00000007bab00000| Untracked 
| 940|0x00000007bac00000, 0x00000007bac00000, 0x00000007bad00000|  0%| F|  |TAMS 0x00000007bac00000, 0x00000007bac00000| Untracked 
| 941|0x00000007bad00000, 0x00000007bad00000, 0x00000007bae00000|  0%| F|  |TAMS 0x00000007bad00000, 0x00000007bad00000| Untracked 
| 942|0x00000007bae00000, 0x00000007bae00000, 0x00000007baf00000|  0%| F|  |TAMS 0x00000007bae00000, 0x00000007bae00000| Untracked 
| 943|0x00000007baf00000, 0x00000007baf00000, 0x00000007bb000000|  0%| F|  |TAMS 0x00000007baf00000, 0x00000007baf00000| Untracked 
| 944|0x00000007bb000000, 0x00000007bb000000, 0x00000007bb100000|  0%| F|  |TAMS 0x00000007bb000000, 0x00000007bb000000| Untracked 
| 945|0x00000007bb100000, 0x00000007bb100000, 0x00000007bb200000|  0%| F|  |TAMS 0x00000007bb100000, 0x00000007bb100000| Untracked 
| 946|0x00000007bb200000, 0x00000007bb200000, 0x00000007bb300000|  0%| F|  |TAMS 0x00000007bb200000, 0x00000007bb200000| Untracked 
| 947|0x00000007bb300000, 0x00000007bb300000, 0x00000007bb400000|  0%| F|  |TAMS 0x00000007bb300000, 0x00000007bb300000| Untracked 
| 948|0x00000007bb400000, 0x00000007bb400000, 0x00000007bb500000|  0%| F|  |TAMS 0x00000007bb400000, 0x00000007bb400000| Untracked 
| 949|0x00000007bb500000, 0x00000007bb500000, 0x00000007bb600000|  0%| F|  |TAMS 0x00000007bb500000, 0x00000007bb500000| Untracked 
| 950|0x00000007bb600000, 0x00000007bb600000, 0x00000007bb700000|  0%| F|  |TAMS 0x00000007bb600000, 0x00000007bb600000| Untracked 
| 951|0x00000007bb700000, 0x00000007bb700000, 0x00000007bb800000|  0%| F|  |TAMS 0x00000007bb700000, 0x00000007bb700000| Untracked 
| 952|0x00000007bb800000, 0x00000007bb800000, 0x00000007bb900000|  0%| F|  |TAMS 0x00000007bb800000, 0x00000007bb800000| Untracked 
| 953|0x00000007bb900000, 0x00000007bb900000, 0x00000007bba00000|  0%| F|  |TAMS 0x00000007bb900000, 0x00000007bb900000| Untracked 
| 954|0x00000007bba00000, 0x00000007bba00000, 0x00000007bbb00000|  0%| F|  |TAMS 0x00000007bba00000, 0x00000007bba00000| Untracked 
| 955|0x00000007bbb00000, 0x00000007bbb00000, 0x00000007bbc00000|  0%| F|  |TAMS 0x00000007bbb00000, 0x00000007bbb00000| Untracked 
| 956|0x00000007bbc00000, 0x00000007bbc00000, 0x00000007bbd00000|  0%| F|  |TAMS 0x00000007bbc00000, 0x00000007bbc00000| Untracked 
| 957|0x00000007bbd00000, 0x00000007bbd00000, 0x00000007bbe00000|  0%| F|  |TAMS 0x00000007bbd00000, 0x00000007bbd00000| Untracked 
| 958|0x00000007bbe00000, 0x00000007bbe00000, 0x00000007bbf00000|  0%| F|  |TAMS 0x00000007bbe00000, 0x00000007bbe00000| Untracked 
| 959|0x00000007bbf00000, 0x00000007bbf00000, 0x00000007bc000000|  0%| F|  |TAMS 0x00000007bbf00000, 0x00000007bbf00000| Untracked 
| 960|0x00000007bc000000, 0x00000007bc000000, 0x00000007bc100000|  0%| F|  |TAMS 0x00000007bc000000, 0x00000007bc000000| Untracked 
| 961|0x00000007bc100000, 0x00000007bc100000, 0x00000007bc200000|  0%| F|  |TAMS 0x00000007bc100000, 0x00000007bc100000| Untracked 
| 962|0x00000007bc200000, 0x00000007bc200000, 0x00000007bc300000|  0%| F|  |TAMS 0x00000007bc200000, 0x00000007bc200000| Untracked 
| 963|0x00000007bc300000, 0x00000007bc300000, 0x00000007bc400000|  0%| F|  |TAMS 0x00000007bc300000, 0x00000007bc300000| Untracked 
| 964|0x00000007bc400000, 0x00000007bc400000, 0x00000007bc500000|  0%| F|  |TAMS 0x00000007bc400000, 0x00000007bc400000| Untracked 
| 965|0x00000007bc500000, 0x00000007bc500000, 0x00000007bc600000|  0%| F|  |TAMS 0x00000007bc500000, 0x00000007bc500000| Untracked 
| 966|0x00000007bc600000, 0x00000007bc600000, 0x00000007bc700000|  0%| F|  |TAMS 0x00000007bc600000, 0x00000007bc600000| Untracked 
| 967|0x00000007bc700000, 0x00000007bc700000, 0x00000007bc800000|  0%| F|  |TAMS 0x00000007bc700000, 0x00000007bc700000| Untracked 
| 968|0x00000007bc800000, 0x00000007bc800000, 0x00000007bc900000|  0%| F|  |TAMS 0x00000007bc800000, 0x00000007bc800000| Untracked 
| 969|0x00000007bc900000, 0x00000007bc900000, 0x00000007bca00000|  0%| F|  |TAMS 0x00000007bc900000, 0x00000007bc900000| Untracked 
| 970|0x00000007bca00000, 0x00000007bca00000, 0x00000007bcb00000|  0%| F|  |TAMS 0x00000007bca00000, 0x00000007bca00000| Untracked 
| 971|0x00000007bcb00000, 0x00000007bcb00000, 0x00000007bcc00000|  0%| F|  |TAMS 0x00000007bcb00000, 0x00000007bcb00000| Untracked 
| 972|0x00000007bcc00000, 0x00000007bcc00000, 0x00000007bcd00000|  0%| F|  |TAMS 0x00000007bcc00000, 0x00000007bcc00000| Untracked 
| 973|0x00000007bcd00000, 0x00000007bcd00000, 0x00000007bce00000|  0%| F|  |TAMS 0x00000007bcd00000, 0x00000007bcd00000| Untracked 
| 974|0x00000007bce00000, 0x00000007bce00000, 0x00000007bcf00000|  0%| F|  |TAMS 0x00000007bce00000, 0x00000007bce00000| Untracked 
| 975|0x00000007bcf00000, 0x00000007bcf00000, 0x00000007bd000000|  0%| F|  |TAMS 0x00000007bcf00000, 0x00000007bcf00000| Untracked 
| 976|0x00000007bd000000, 0x00000007bd000000, 0x00000007bd100000|  0%| F|  |TAMS 0x00000007bd000000, 0x00000007bd000000| Untracked 
| 977|0x00000007bd100000, 0x00000007bd100000, 0x00000007bd200000|  0%| F|  |TAMS 0x00000007bd100000, 0x00000007bd100000| Untracked 
| 978|0x00000007bd200000, 0x00000007bd200000, 0x00000007bd300000|  0%| F|  |TAMS 0x00000007bd200000, 0x00000007bd200000| Untracked 
| 979|0x00000007bd300000, 0x00000007bd300000, 0x00000007bd400000|  0%| F|  |TAMS 0x00000007bd300000, 0x00000007bd300000| Untracked 
| 980|0x00000007bd400000, 0x00000007bd400000, 0x00000007bd500000|  0%| F|  |TAMS 0x00000007bd400000, 0x00000007bd400000| Untracked 
| 981|0x00000007bd500000, 0x00000007bd500000, 0x00000007bd600000|  0%| F|  |TAMS 0x00000007bd500000, 0x00000007bd500000| Untracked 
| 982|0x00000007bd600000, 0x00000007bd600000, 0x00000007bd700000|  0%| F|  |TAMS 0x00000007bd600000, 0x00000007bd600000| Untracked 
| 983|0x00000007bd700000, 0x00000007bd700000, 0x00000007bd800000|  0%| F|  |TAMS 0x00000007bd700000, 0x00000007bd700000| Untracked 
| 984|0x00000007bd800000, 0x00000007bd800000, 0x00000007bd900000|  0%| F|  |TAMS 0x00000007bd800000, 0x00000007bd800000| Untracked 
| 985|0x00000007bd900000, 0x00000007bd900000, 0x00000007bda00000|  0%| F|  |TAMS 0x00000007bd900000, 0x00000007bd900000| Untracked 
| 986|0x00000007bda00000, 0x00000007bda00000, 0x00000007bdb00000|  0%| F|  |TAMS 0x00000007bda00000, 0x00000007bda00000| Untracked 
| 987|0x00000007bdb00000, 0x00000007bdb00000, 0x00000007bdc00000|  0%| F|  |TAMS 0x00000007bdb00000, 0x00000007bdb00000| Untracked 
| 988|0x00000007bdc00000, 0x00000007bdc00000, 0x00000007bdd00000|  0%| F|  |TAMS 0x00000007bdc00000, 0x00000007bdc00000| Untracked 
| 989|0x00000007bdd00000, 0x00000007bdd00000, 0x00000007bde00000|  0%| F|  |TAMS 0x00000007bdd00000, 0x00000007bdd00000| Untracked 
| 990|0x00000007bde00000, 0x00000007bde00000, 0x00000007bdf00000|  0%| F|  |TAMS 0x00000007bde00000, 0x00000007bde00000| Untracked 
| 991|0x00000007bdf00000, 0x00000007bdf00000, 0x00000007be000000|  0%| F|  |TAMS 0x00000007bdf00000, 0x00000007bdf00000| Untracked 
| 992|0x00000007be000000, 0x00000007be000000, 0x00000007be100000|  0%| F|  |TAMS 0x00000007be000000, 0x00000007be000000| Untracked 
| 993|0x00000007be100000, 0x00000007be100000, 0x00000007be200000|  0%| F|  |TAMS 0x00000007be100000, 0x00000007be100000| Untracked 
| 994|0x00000007be200000, 0x00000007be200000, 0x00000007be300000|  0%| F|  |TAMS 0x00000007be200000, 0x00000007be200000| Untracked 
| 995|0x00000007be300000, 0x00000007be300000, 0x00000007be400000|  0%| F|  |TAMS 0x00000007be300000, 0x00000007be300000| Untracked 
| 996|0x00000007be400000, 0x00000007be400000, 0x00000007be500000|  0%| F|  |TAMS 0x00000007be400000, 0x00000007be400000| Untracked 
| 997|0x00000007be500000, 0x00000007be500000, 0x00000007be600000|  0%| F|  |TAMS 0x00000007be500000, 0x00000007be500000| Untracked 
| 998|0x00000007be600000, 0x00000007be600000, 0x00000007be700000|  0%| F|  |TAMS 0x00000007be600000, 0x00000007be600000| Untracked 
| 999|0x00000007be700000, 0x00000007be700000, 0x00000007be800000|  0%| F|  |TAMS 0x00000007be700000, 0x00000007be700000| Untracked 
|1000|0x00000007be800000, 0x00000007be800000, 0x00000007be900000|  0%| F|  |TAMS 0x00000007be800000, 0x00000007be800000| Untracked 
|1001|0x00000007be900000, 0x00000007be900000, 0x00000007bea00000|  0%| F|  |TAMS 0x00000007be900000, 0x00000007be900000| Untracked 
|1002|0x00000007bea00000, 0x00000007bea00000, 0x00000007beb00000|  0%| F|  |TAMS 0x00000007bea00000, 0x00000007bea00000| Untracked 
|1003|0x00000007beb00000, 0x00000007beb00000, 0x00000007bec00000|  0%| F|  |TAMS 0x00000007beb00000, 0x00000007beb00000| Untracked 
|1004|0x00000007bec00000, 0x00000007bec00000, 0x00000007bed00000|  0%| F|  |TAMS 0x00000007bec00000, 0x00000007bec00000| Untracked 
|1005|0x00000007bed00000, 0x00000007bed00000, 0x00000007bee00000|  0%| F|  |TAMS 0x00000007bed00000, 0x00000007bed00000| Untracked 
|1006|0x00000007bee00000, 0x00000007bee00000, 0x00000007bef00000|  0%| F|  |TAMS 0x00000007bee00000, 0x00000007bee00000| Untracked 
|1007|0x00000007bef00000, 0x00000007bef00000, 0x00000007bf000000|  0%| F|  |TAMS 0x00000007bef00000, 0x00000007bef00000| Untracked 
|1008|0x00000007bf000000, 0x00000007bf000000, 0x00000007bf100000|  0%| F|  |TAMS 0x00000007bf000000, 0x00000007bf000000| Untracked 
|1009|0x00000007bf100000, 0x00000007bf100000, 0x00000007bf200000|  0%| F|  |TAMS 0x00000007bf100000, 0x00000007bf100000| Untracked 
|1010|0x00000007bf200000, 0x00000007bf200000, 0x00000007bf300000|  0%| F|  |TAMS 0x00000007bf200000, 0x00000007bf200000| Untracked 
|1011|0x00000007bf300000, 0x00000007bf300000, 0x00000007bf400000|  0%| F|  |TAMS 0x00000007bf300000, 0x00000007bf300000| Untracked 
|1012|0x00000007bf400000, 0x00000007bf400000, 0x00000007bf500000|  0%| F|  |TAMS 0x00000007bf400000, 0x00000007bf400000| Untracked 
|1013|0x00000007bf500000, 0x00000007bf500000, 0x00000007bf600000|  0%| F|  |TAMS 0x00000007bf500000, 0x00000007bf500000| Untracked 
|1014|0x00000007bf600000, 0x00000007bf600000, 0x00000007bf700000|  0%| F|  |TAMS 0x00000007bf600000, 0x00000007bf600000| Untracked 
|1015|0x00000007bf700000, 0x00000007bf700000, 0x00000007bf800000|  0%| F|  |TAMS 0x00000007bf700000, 0x00000007bf700000| Untracked 
|1016|0x00000007bf800000, 0x00000007bf800000, 0x00000007bf900000|  0%| F|  |TAMS 0x00000007bf800000, 0x00000007bf800000| Untracked 
|1017|0x00000007bf900000, 0x00000007bf900000, 0x00000007bfa00000|  0%| F|  |TAMS 0x00000007bf900000, 0x00000007bf900000| Untracked 
|1018|0x00000007bfa00000, 0x00000007bfa00000, 0x00000007bfb00000|  0%| F|  |TAMS 0x00000007bfa00000, 0x00000007bfa00000| Untracked 
|1019|0x00000007bfb00000, 0x00000007bfb00000, 0x00000007bfc00000|  0%| F|  |TAMS 0x00000007bfb00000, 0x00000007bfb00000| Untracked 
|1020|0x00000007bfc00000, 0x00000007bfc00000, 0x00000007bfd00000|  0%| F|  |TAMS 0x00000007bfc00000, 0x00000007bfc00000| Untracked 
|1021|0x00000007bfd00000, 0x00000007bfd00000, 0x00000007bfe00000|  0%| F|  |TAMS 0x00000007bfd00000, 0x00000007bfd00000| Untracked 
|1022|0x00000007bfe00000, 0x00000007bfe00000, 0x00000007bff00000|  0%| F|  |TAMS 0x00000007bfe00000, 0x00000007bfe00000| Untracked 
|1023|0x00000007bff00000, 0x00000007bff00000, 0x00000007c0000000|  0%| F|  |TAMS 0x00000007bff00000, 0x00000007bff00000| Untracked 
|1024|0x00000007c0000000, 0x00000007c0000000, 0x00000007c0100000|  0%| F|  |TAMS 0x00000007c0000000, 0x00000007c0000000| Untracked 
|1025|0x00000007c0100000, 0x00000007c0100000, 0x00000007c0200000|  0%| F|  |TAMS 0x00000007c0100000, 0x00000007c0100000| Untracked 
|1026|0x00000007c0200000, 0x00000007c0200000, 0x00000007c0300000|  0%| F|  |TAMS 0x00000007c0200000, 0x00000007c0200000| Untracked 
|1027|0x00000007c0300000, 0x00000007c0300000, 0x00000007c0400000|  0%| F|  |TAMS 0x00000007c0300000, 0x00000007c0300000| Untracked 
|1028|0x00000007c0400000, 0x00000007c0400000, 0x00000007c0500000|  0%| F|  |TAMS 0x00000007c0400000, 0x00000007c0400000| Untracked 
|1029|0x00000007c0500000, 0x00000007c0500000, 0x00000007c0600000|  0%| F|  |TAMS 0x00000007c0500000, 0x00000007c0500000| Untracked 
|1030|0x00000007c0600000, 0x00000007c0600000, 0x00000007c0700000|  0%| F|  |TAMS 0x00000007c0600000, 0x00000007c0600000| Untracked 
|1031|0x00000007c0700000, 0x00000007c0800000, 0x00000007c0800000|100%| O|  |TAMS 0x00000007c0800000, 0x00000007c0700000| Untracked 
|1032|0x00000007c0800000, 0x00000007c0900000, 0x00000007c0900000|100%| O|  |TAMS 0x00000007c0900000, 0x00000007c0800000| Untracked 
|1033|0x00000007c0900000, 0x00000007c0a00000, 0x00000007c0a00000|100%| O|  |TAMS 0x00000007c0a00000, 0x00000007c0900000| Untracked 
|1034|0x00000007c0a00000, 0x00000007c0a00000, 0x00000007c0b00000|  0%| F|  |TAMS 0x00000007c0a00000, 0x00000007c0a00000| Untracked 
|1035|0x00000007c0b00000, 0x00000007c0b00000, 0x00000007c0c00000|  0%| F|  |TAMS 0x00000007c0b00000, 0x00000007c0b00000| Untracked 
|1036|0x00000007c0c00000, 0x00000007c0c00000, 0x00000007c0d00000|  0%| F|  |TAMS 0x00000007c0c00000, 0x00000007c0c00000| Untracked 
|1037|0x00000007c0d00000, 0x00000007c0d00000, 0x00000007c0e00000|  0%| F|  |TAMS 0x00000007c0d00000, 0x00000007c0d00000| Untracked 
|1038|0x00000007c0e00000, 0x00000007c0e00000, 0x00000007c0f00000|  0%| F|  |TAMS 0x00000007c0e00000, 0x00000007c0e00000| Untracked 
|1039|0x00000007c0f00000, 0x00000007c0f00000, 0x00000007c1000000|  0%| F|  |TAMS 0x00000007c0f00000, 0x00000007c0f00000| Untracked 
|1040|0x00000007c1000000, 0x00000007c1000000, 0x00000007c1100000|  0%| F|  |TAMS 0x00000007c1000000, 0x00000007c1000000| Untracked 
|1041|0x00000007c1100000, 0x00000007c1200000, 0x00000007c1200000|100%| O|  |TAMS 0x00000007c1200000, 0x00000007c1100000| Untracked 
|1042|0x00000007c1200000, 0x00000007c1200000, 0x00000007c1300000|  0%| F|  |TAMS 0x00000007c1200000, 0x00000007c1200000| Untracked 
|1043|0x00000007c1300000, 0x00000007c1300000, 0x00000007c1400000|  0%| F|  |TAMS 0x00000007c1300000, 0x00000007c1300000| Untracked 
|1044|0x00000007c1400000, 0x00000007c1400000, 0x00000007c1500000|  0%| F|  |TAMS 0x00000007c1400000, 0x00000007c1400000| Untracked 
|1045|0x00000007c1500000, 0x00000007c1500000, 0x00000007c1600000|  0%| F|  |TAMS 0x00000007c1500000, 0x00000007c1500000| Untracked 
|1046|0x00000007c1600000, 0x00000007c1600000, 0x00000007c1700000|  0%| F|  |TAMS 0x00000007c1600000, 0x00000007c1600000| Untracked 
|1047|0x00000007c1700000, 0x00000007c1700000, 0x00000007c1800000|  0%| F|  |TAMS 0x00000007c1700000, 0x00000007c1700000| Untracked 
|1048|0x00000007c1800000, 0x00000007c1800000, 0x00000007c1900000|  0%| F|  |TAMS 0x00000007c1800000, 0x00000007c1800000| Untracked 
|1049|0x00000007c1900000, 0x00000007c1900000, 0x00000007c1a00000|  0%| F|  |TAMS 0x00000007c1900000, 0x00000007c1900000| Untracked 
|1050|0x00000007c1a00000, 0x00000007c1a00000, 0x00000007c1b00000|  0%| F|  |TAMS 0x00000007c1a00000, 0x00000007c1a00000| Untracked 
|1051|0x00000007c1b00000, 0x00000007c1b00000, 0x00000007c1c00000|  0%| F|  |TAMS 0x00000007c1b00000, 0x00000007c1b00000| Untracked 
|1052|0x00000007c1c00000, 0x00000007c1c00000, 0x00000007c1d00000|  0%| F|  |TAMS 0x00000007c1c00000, 0x00000007c1c00000| Untracked 
|1053|0x00000007c1d00000, 0x00000007c1d00000, 0x00000007c1e00000|  0%| F|  |TAMS 0x00000007c1d00000, 0x00000007c1d00000| Untracked 
|1054|0x00000007c1e00000, 0x00000007c1e00000, 0x00000007c1f00000|  0%| F|  |TAMS 0x00000007c1e00000, 0x00000007c1e00000| Untracked 
|1055|0x00000007c1f00000, 0x00000007c1f00000, 0x00000007c2000000|  0%| F|  |TAMS 0x00000007c1f00000, 0x00000007c1f00000| Untracked 
|1056|0x00000007c2000000, 0x00000007c2000000, 0x00000007c2100000|  0%| F|  |TAMS 0x00000007c2000000, 0x00000007c2000000| Untracked 
|1057|0x00000007c2100000, 0x00000007c2100000, 0x00000007c2200000|  0%| F|  |TAMS 0x00000007c2100000, 0x00000007c2100000| Untracked 
|1058|0x00000007c2200000, 0x00000007c2200000, 0x00000007c2300000|  0%| F|  |TAMS 0x00000007c2200000, 0x00000007c2200000| Untracked 
|1059|0x00000007c2300000, 0x00000007c2300000, 0x00000007c2400000|  0%| F|  |TAMS 0x00000007c2300000, 0x00000007c2300000| Untracked 
|1060|0x00000007c2400000, 0x00000007c2400000, 0x00000007c2500000|  0%| F|  |TAMS 0x00000007c2400000, 0x00000007c2400000| Untracked 
|1061|0x00000007c2500000, 0x00000007c2500000, 0x00000007c2600000|  0%| F|  |TAMS 0x00000007c2500000, 0x00000007c2500000| Untracked 
|1062|0x00000007c2600000, 0x00000007c2600000, 0x00000007c2700000|  0%| F|  |TAMS 0x00000007c2600000, 0x00000007c2600000| Untracked 
|1063|0x00000007c2700000, 0x00000007c2700000, 0x00000007c2800000|  0%| F|  |TAMS 0x00000007c2700000, 0x00000007c2700000| Untracked 
|1064|0x00000007c2800000, 0x00000007c2800000, 0x00000007c2900000|  0%| F|  |TAMS 0x00000007c2800000, 0x00000007c2800000| Untracked 
|1065|0x00000007c2900000, 0x00000007c2900000, 0x00000007c2a00000|  0%| F|  |TAMS 0x00000007c2900000, 0x00000007c2900000| Untracked 
|1066|0x00000007c2a00000, 0x00000007c2a00000, 0x00000007c2b00000|  0%| F|  |TAMS 0x00000007c2a00000, 0x00000007c2a00000| Untracked 
|1067|0x00000007c2b00000, 0x00000007c2b00000, 0x00000007c2c00000|  0%| F|  |TAMS 0x00000007c2b00000, 0x00000007c2b00000| Untracked 
|1068|0x00000007c2c00000, 0x00000007c2c00000, 0x00000007c2d00000|  0%| F|  |TAMS 0x00000007c2c00000, 0x00000007c2c00000| Untracked 
|1069|0x00000007c2d00000, 0x00000007c2d00000, 0x00000007c2e00000|  0%| F|  |TAMS 0x00000007c2d00000, 0x00000007c2d00000| Untracked 
|1070|0x00000007c2e00000, 0x00000007c2e00000, 0x00000007c2f00000|  0%| F|  |TAMS 0x00000007c2e00000, 0x00000007c2e00000| Untracked 
|1071|0x00000007c2f00000, 0x00000007c2f00000, 0x00000007c3000000|  0%| F|  |TAMS 0x00000007c2f00000, 0x00000007c2f00000| Untracked 
|1072|0x00000007c3000000, 0x00000007c3000000, 0x00000007c3100000|  0%| F|  |TAMS 0x00000007c3000000, 0x00000007c3000000| Untracked 
|1073|0x00000007c3100000, 0x00000007c3100000, 0x00000007c3200000|  0%| F|  |TAMS 0x00000007c3100000, 0x00000007c3100000| Untracked 
|1074|0x00000007c3200000, 0x00000007c3200000, 0x00000007c3300000|  0%| F|  |TAMS 0x00000007c3200000, 0x00000007c3200000| Untracked 
|1075|0x00000007c3300000, 0x00000007c3300000, 0x00000007c3400000|  0%| F|  |TAMS 0x00000007c3300000, 0x00000007c3300000| Untracked 
|1076|0x00000007c3400000, 0x00000007c3400000, 0x00000007c3500000|  0%| F|  |TAMS 0x00000007c3400000, 0x00000007c3400000| Untracked 
|1077|0x00000007c3500000, 0x00000007c3500000, 0x00000007c3600000|  0%| F|  |TAMS 0x00000007c3500000, 0x00000007c3500000| Untracked 
|1078|0x00000007c3600000, 0x00000007c3600000, 0x00000007c3700000|  0%| F|  |TAMS 0x00000007c3600000, 0x00000007c3600000| Untracked 
|1079|0x00000007c3700000, 0x00000007c3700000, 0x00000007c3800000|  0%| F|  |TAMS 0x00000007c3700000, 0x00000007c3700000| Untracked 
|1080|0x00000007c3800000, 0x00000007c3800000, 0x00000007c3900000|  0%| F|  |TAMS 0x00000007c3800000, 0x00000007c3800000| Untracked 
|1081|0x00000007c3900000, 0x00000007c3900000, 0x00000007c3a00000|  0%| F|  |TAMS 0x00000007c3900000, 0x00000007c3900000| Untracked 
|1082|0x00000007c3a00000, 0x00000007c3a00000, 0x00000007c3b00000|  0%| F|  |TAMS 0x00000007c3a00000, 0x00000007c3a00000| Untracked 
|1083|0x00000007c3b00000, 0x00000007c3b00000, 0x00000007c3c00000|  0%| F|  |TAMS 0x00000007c3b00000, 0x00000007c3b00000| Untracked 
|1084|0x00000007c3c00000, 0x00000007c3c00000, 0x00000007c3d00000|  0%| F|  |TAMS 0x00000007c3c00000, 0x00000007c3c00000| Untracked 
|1085|0x00000007c3d00000, 0x00000007c3d00000, 0x00000007c3e00000|  0%| F|  |TAMS 0x00000007c3d00000, 0x00000007c3d00000| Untracked 
|1086|0x00000007c3e00000, 0x00000007c3e00000, 0x00000007c3f00000|  0%| F|  |TAMS 0x00000007c3e00000, 0x00000007c3e00000| Untracked 
|1087|0x00000007c3f00000, 0x00000007c3f00000, 0x00000007c4000000|  0%| F|  |TAMS 0x00000007c3f00000, 0x00000007c3f00000| Untracked 
|1088|0x00000007c4000000, 0x00000007c4000000, 0x00000007c4100000|  0%| F|  |TAMS 0x00000007c4000000, 0x00000007c4000000| Untracked 
|1089|0x00000007c4100000, 0x00000007c4100000, 0x00000007c4200000|  0%| F|  |TAMS 0x00000007c4100000, 0x00000007c4100000| Untracked 
|1090|0x00000007c4200000, 0x00000007c4200000, 0x00000007c4300000|  0%| F|  |TAMS 0x00000007c4200000, 0x00000007c4200000| Untracked 
|1091|0x00000007c4300000, 0x00000007c4300000, 0x00000007c4400000|  0%| F|  |TAMS 0x00000007c4300000, 0x00000007c4300000| Untracked 
|1092|0x00000007c4400000, 0x00000007c4400000, 0x00000007c4500000|  0%| F|  |TAMS 0x00000007c4400000, 0x00000007c4400000| Untracked 
|1093|0x00000007c4500000, 0x00000007c4500000, 0x00000007c4600000|  0%| F|  |TAMS 0x00000007c4500000, 0x00000007c4500000| Untracked 
|1094|0x00000007c4600000, 0x00000007c4600000, 0x00000007c4700000|  0%| F|  |TAMS 0x00000007c4600000, 0x00000007c4600000| Untracked 
|1095|0x00000007c4700000, 0x00000007c4700000, 0x00000007c4800000|  0%| F|  |TAMS 0x00000007c4700000, 0x00000007c4700000| Untracked 
|1096|0x00000007c4800000, 0x00000007c4800000, 0x00000007c4900000|  0%| F|  |TAMS 0x00000007c4800000, 0x00000007c4800000| Untracked 
|1097|0x00000007c4900000, 0x00000007c4900000, 0x00000007c4a00000|  0%| F|  |TAMS 0x00000007c4900000, 0x00000007c4900000| Untracked 
|1098|0x00000007c4a00000, 0x00000007c4a00000, 0x00000007c4b00000|  0%| F|  |TAMS 0x00000007c4a00000, 0x00000007c4a00000| Untracked 
|1099|0x00000007c4b00000, 0x00000007c4b00000, 0x00000007c4c00000|  0%| F|  |TAMS 0x00000007c4b00000, 0x00000007c4b00000| Untracked 
|1100|0x00000007c4c00000, 0x00000007c4c00000, 0x00000007c4d00000|  0%| F|  |TAMS 0x00000007c4c00000, 0x00000007c4c00000| Untracked 
|1101|0x00000007c4d00000, 0x00000007c4e00000, 0x00000007c4e00000|100%| O|  |TAMS 0x00000007c4e00000, 0x00000007c4d00000| Untracked 
|1102|0x00000007c4e00000, 0x00000007c4e00000, 0x00000007c4f00000|  0%| F|  |TAMS 0x00000007c4e00000, 0x00000007c4e00000| Untracked 
|1103|0x00000007c4f00000, 0x00000007c4f00000, 0x00000007c5000000|  0%| F|  |TAMS 0x00000007c4f00000, 0x00000007c4f00000| Untracked 
|1104|0x00000007c5000000, 0x00000007c5000000, 0x00000007c5100000|  0%| F|  |TAMS 0x00000007c5000000, 0x00000007c5000000| Untracked 
|1105|0x00000007c5100000, 0x00000007c5100000, 0x00000007c5200000|  0%| F|  |TAMS 0x00000007c5100000, 0x00000007c5100000| Untracked 
|1106|0x00000007c5200000, 0x00000007c5200000, 0x00000007c5300000|  0%| F|  |TAMS 0x00000007c5200000, 0x00000007c5200000| Untracked 
|1107|0x00000007c5300000, 0x00000007c5300000, 0x00000007c5400000|  0%| F|  |TAMS 0x00000007c5300000, 0x00000007c5300000| Untracked 
|1108|0x00000007c5400000, 0x00000007c5400000, 0x00000007c5500000|  0%| F|  |TAMS 0x00000007c5400000, 0x00000007c5400000| Untracked 
|1109|0x00000007c5500000, 0x00000007c5500000, 0x00000007c5600000|  0%| F|  |TAMS 0x00000007c5500000, 0x00000007c5500000| Untracked 
|1110|0x00000007c5600000, 0x00000007c5600000, 0x00000007c5700000|  0%| F|  |TAMS 0x00000007c5600000, 0x00000007c5600000| Untracked 
|1111|0x00000007c5700000, 0x00000007c5700000, 0x00000007c5800000|  0%| F|  |TAMS 0x00000007c5700000, 0x00000007c5700000| Untracked 
|1112|0x00000007c5800000, 0x00000007c5800000, 0x00000007c5900000|  0%| F|  |TAMS 0x00000007c5800000, 0x00000007c5800000| Untracked 
|1113|0x00000007c5900000, 0x00000007c5900000, 0x00000007c5a00000|  0%| F|  |TAMS 0x00000007c5900000, 0x00000007c5900000| Untracked 
|1114|0x00000007c5a00000, 0x00000007c5a00000, 0x00000007c5b00000|  0%| F|  |TAMS 0x00000007c5a00000, 0x00000007c5a00000| Untracked 
|1115|0x00000007c5b00000, 0x00000007c5b00000, 0x00000007c5c00000|  0%| F|  |TAMS 0x00000007c5b00000, 0x00000007c5b00000| Untracked 
|1116|0x00000007c5c00000, 0x00000007c5c00000, 0x00000007c5d00000|  0%| F|  |TAMS 0x00000007c5c00000, 0x00000007c5c00000| Untracked 
|1117|0x00000007c5d00000, 0x00000007c5d00000, 0x00000007c5e00000|  0%| F|  |TAMS 0x00000007c5d00000, 0x00000007c5d00000| Untracked 
|1118|0x00000007c5e00000, 0x00000007c5e00000, 0x00000007c5f00000|  0%| F|  |TAMS 0x00000007c5e00000, 0x00000007c5e00000| Untracked 
|1119|0x00000007c5f00000, 0x00000007c5f00000, 0x00000007c6000000|  0%| F|  |TAMS 0x00000007c5f00000, 0x00000007c5f00000| Untracked 
|1120|0x00000007c6000000, 0x00000007c6000000, 0x00000007c6100000|  0%| F|  |TAMS 0x00000007c6000000, 0x00000007c6000000| Untracked 
|1121|0x00000007c6100000, 0x00000007c6100000, 0x00000007c6200000|  0%| F|  |TAMS 0x00000007c6100000, 0x00000007c6100000| Untracked 
|1122|0x00000007c6200000, 0x00000007c6200000, 0x00000007c6300000|  0%| F|  |TAMS 0x00000007c6200000, 0x00000007c6200000| Untracked 
|1123|0x00000007c6300000, 0x00000007c6300000, 0x00000007c6400000|  0%| F|  |TAMS 0x00000007c6300000, 0x00000007c6300000| Untracked 
|1124|0x00000007c6400000, 0x00000007c6400000, 0x00000007c6500000|  0%| F|  |TAMS 0x00000007c6400000, 0x00000007c6400000| Untracked 
|1125|0x00000007c6500000, 0x00000007c6500000, 0x00000007c6600000|  0%| F|  |TAMS 0x00000007c6500000, 0x00000007c6500000| Untracked 
|1126|0x00000007c6600000, 0x00000007c6600000, 0x00000007c6700000|  0%| F|  |TAMS 0x00000007c6600000, 0x00000007c6600000| Untracked 
|1127|0x00000007c6700000, 0x00000007c6700000, 0x00000007c6800000|  0%| F|  |TAMS 0x00000007c6700000, 0x00000007c6700000| Untracked 
|1128|0x00000007c6800000, 0x00000007c6800000, 0x00000007c6900000|  0%| F|  |TAMS 0x00000007c6800000, 0x00000007c6800000| Untracked 
|1129|0x00000007c6900000, 0x00000007c6900000, 0x00000007c6a00000|  0%| F|  |TAMS 0x00000007c6900000, 0x00000007c6900000| Untracked 
|1130|0x00000007c6a00000, 0x00000007c6a00000, 0x00000007c6b00000|  0%| F|  |TAMS 0x00000007c6a00000, 0x00000007c6a00000| Untracked 
|1131|0x00000007c6b00000, 0x00000007c6b00000, 0x00000007c6c00000|  0%| F|  |TAMS 0x00000007c6b00000, 0x00000007c6b00000| Untracked 
|1132|0x00000007c6c00000, 0x00000007c6c00000, 0x00000007c6d00000|  0%| F|  |TAMS 0x00000007c6c00000, 0x00000007c6c00000| Untracked 
|1133|0x00000007c6d00000, 0x00000007c6d00000, 0x00000007c6e00000|  0%| F|  |TAMS 0x00000007c6d00000, 0x00000007c6d00000| Untracked 
|1134|0x00000007c6e00000, 0x00000007c6e00000, 0x00000007c6f00000|  0%| F|  |TAMS 0x00000007c6e00000, 0x00000007c6e00000| Untracked 
|1135|0x00000007c6f00000, 0x00000007c6f00000, 0x00000007c7000000|  0%| F|  |TAMS 0x00000007c6f00000, 0x00000007c6f00000| Untracked 
|1136|0x00000007c7000000, 0x00000007c7000000, 0x00000007c7100000|  0%| F|  |TAMS 0x00000007c7000000, 0x00000007c7000000| Untracked 
|1137|0x00000007c7100000, 0x00000007c7100000, 0x00000007c7200000|  0%| F|  |TAMS 0x00000007c7100000, 0x00000007c7100000| Untracked 
|1138|0x00000007c7200000, 0x00000007c7200000, 0x00000007c7300000|  0%| F|  |TAMS 0x00000007c7200000, 0x00000007c7200000| Untracked 
|1139|0x00000007c7300000, 0x00000007c7300000, 0x00000007c7400000|  0%| F|  |TAMS 0x00000007c7300000, 0x00000007c7300000| Untracked 
|1140|0x00000007c7400000, 0x00000007c7400000, 0x00000007c7500000|  0%| F|  |TAMS 0x00000007c7400000, 0x00000007c7400000| Untracked 
|1141|0x00000007c7500000, 0x00000007c7500000, 0x00000007c7600000|  0%| F|  |TAMS 0x00000007c7500000, 0x00000007c7500000| Untracked 
|1142|0x00000007c7600000, 0x00000007c7600000, 0x00000007c7700000|  0%| F|  |TAMS 0x00000007c7600000, 0x00000007c7600000| Untracked 
|1143|0x00000007c7700000, 0x00000007c7700000, 0x00000007c7800000|  0%| F|  |TAMS 0x00000007c7700000, 0x00000007c7700000| Untracked 
|1144|0x00000007c7800000, 0x00000007c7800000, 0x00000007c7900000|  0%| F|  |TAMS 0x00000007c7800000, 0x00000007c7800000| Untracked 
|1145|0x00000007c7900000, 0x00000007c7900000, 0x00000007c7a00000|  0%| F|  |TAMS 0x00000007c7900000, 0x00000007c7900000| Untracked 
|1146|0x00000007c7a00000, 0x00000007c7a00000, 0x00000007c7b00000|  0%| F|  |TAMS 0x00000007c7a00000, 0x00000007c7a00000| Untracked 
|1147|0x00000007c7b00000, 0x00000007c7b00000, 0x00000007c7c00000|  0%| F|  |TAMS 0x00000007c7b00000, 0x00000007c7b00000| Untracked 
|1148|0x00000007c7c00000, 0x00000007c7c00000, 0x00000007c7d00000|  0%| F|  |TAMS 0x00000007c7c00000, 0x00000007c7c00000| Untracked 
|1149|0x00000007c7d00000, 0x00000007c7d00000, 0x00000007c7e00000|  0%| F|  |TAMS 0x00000007c7d00000, 0x00000007c7d00000| Untracked 
|1150|0x00000007c7e00000, 0x00000007c7e00000, 0x00000007c7f00000|  0%| F|  |TAMS 0x00000007c7e00000, 0x00000007c7e00000| Untracked 
|1151|0x00000007c7f00000, 0x00000007c7f00000, 0x00000007c8000000|  0%| F|  |TAMS 0x00000007c7f00000, 0x00000007c7f00000| Untracked 
|1152|0x00000007c8000000, 0x00000007c8000000, 0x00000007c8100000|  0%| F|  |TAMS 0x00000007c8000000, 0x00000007c8000000| Untracked 
|1153|0x00000007c8100000, 0x00000007c8100000, 0x00000007c8200000|  0%| F|  |TAMS 0x00000007c8100000, 0x00000007c8100000| Untracked 
|1154|0x00000007c8200000, 0x00000007c8200000, 0x00000007c8300000|  0%| F|  |TAMS 0x00000007c8200000, 0x00000007c8200000| Untracked 
|1155|0x00000007c8300000, 0x00000007c8300000, 0x00000007c8400000|  0%| F|  |TAMS 0x00000007c8300000, 0x00000007c8300000| Untracked 
|1156|0x00000007c8400000, 0x00000007c8400000, 0x00000007c8500000|  0%| F|  |TAMS 0x00000007c8400000, 0x00000007c8400000| Untracked 
|1157|0x00000007c8500000, 0x00000007c8500000, 0x00000007c8600000|  0%| F|  |TAMS 0x00000007c8500000, 0x00000007c8500000| Untracked 
|1158|0x00000007c8600000, 0x00000007c8600000, 0x00000007c8700000|  0%| F|  |TAMS 0x00000007c8600000, 0x00000007c8600000| Untracked 
|1159|0x00000007c8700000, 0x00000007c8700000, 0x00000007c8800000|  0%| F|  |TAMS 0x00000007c8700000, 0x00000007c8700000| Untracked 
|1160|0x00000007c8800000, 0x00000007c8800000, 0x00000007c8900000|  0%| F|  |TAMS 0x00000007c8800000, 0x00000007c8800000| Untracked 
|1161|0x00000007c8900000, 0x00000007c8900000, 0x00000007c8a00000|  0%| F|  |TAMS 0x00000007c8900000, 0x00000007c8900000| Untracked 
|1162|0x00000007c8a00000, 0x00000007c8a00000, 0x00000007c8b00000|  0%| F|  |TAMS 0x00000007c8a00000, 0x00000007c8a00000| Untracked 
|1163|0x00000007c8b00000, 0x00000007c8b00000, 0x00000007c8c00000|  0%| F|  |TAMS 0x00000007c8b00000, 0x00000007c8b00000| Untracked 
|1164|0x00000007c8c00000, 0x00000007c8c00000, 0x00000007c8d00000|  0%| F|  |TAMS 0x00000007c8c00000, 0x00000007c8c00000| Untracked 
|1165|0x00000007c8d00000, 0x00000007c8d00000, 0x00000007c8e00000|  0%| F|  |TAMS 0x00000007c8d00000, 0x00000007c8d00000| Untracked 
|1166|0x00000007c8e00000, 0x00000007c8e00000, 0x00000007c8f00000|  0%| F|  |TAMS 0x00000007c8e00000, 0x00000007c8e00000| Untracked 
|1167|0x00000007c8f00000, 0x00000007c8f00000, 0x00000007c9000000|  0%| F|  |TAMS 0x00000007c8f00000, 0x00000007c8f00000| Untracked 
|1168|0x00000007c9000000, 0x00000007c9000000, 0x00000007c9100000|  0%| F|  |TAMS 0x00000007c9000000, 0x00000007c9000000| Untracked 
|1169|0x00000007c9100000, 0x00000007c9100000, 0x00000007c9200000|  0%| F|  |TAMS 0x00000007c9100000, 0x00000007c9100000| Untracked 
|1170|0x00000007c9200000, 0x00000007c9200000, 0x00000007c9300000|  0%| F|  |TAMS 0x00000007c9200000, 0x00000007c9200000| Untracked 
|1171|0x00000007c9300000, 0x00000007c9300000, 0x00000007c9400000|  0%| F|  |TAMS 0x00000007c9300000, 0x00000007c9300000| Untracked 
|1172|0x00000007c9400000, 0x00000007c9400000, 0x00000007c9500000|  0%| F|  |TAMS 0x00000007c9400000, 0x00000007c9400000| Untracked 
|1173|0x00000007c9500000, 0x00000007c9500000, 0x00000007c9600000|  0%| F|  |TAMS 0x00000007c9500000, 0x00000007c9500000| Untracked 
|1174|0x00000007c9600000, 0x00000007c9600000, 0x00000007c9700000|  0%| F|  |TAMS 0x00000007c9600000, 0x00000007c9600000| Untracked 
|1175|0x00000007c9700000, 0x00000007c9700000, 0x00000007c9800000|  0%| F|  |TAMS 0x00000007c9700000, 0x00000007c9700000| Untracked 
|1176|0x00000007c9800000, 0x00000007c9800000, 0x00000007c9900000|  0%| F|  |TAMS 0x00000007c9800000, 0x00000007c9800000| Untracked 
|1177|0x00000007c9900000, 0x00000007c9900000, 0x00000007c9a00000|  0%| F|  |TAMS 0x00000007c9900000, 0x00000007c9900000| Untracked 
|1178|0x00000007c9a00000, 0x00000007c9a00000, 0x00000007c9b00000|  0%| F|  |TAMS 0x00000007c9a00000, 0x00000007c9a00000| Untracked 
|1179|0x00000007c9b00000, 0x00000007c9b00000, 0x00000007c9c00000|  0%| F|  |TAMS 0x00000007c9b00000, 0x00000007c9b00000| Untracked 
|1180|0x00000007c9c00000, 0x00000007c9c00000, 0x00000007c9d00000|  0%| F|  |TAMS 0x00000007c9c00000, 0x00000007c9c00000| Untracked 
|1181|0x00000007c9d00000, 0x00000007c9d00000, 0x00000007c9e00000|  0%| F|  |TAMS 0x00000007c9d00000, 0x00000007c9d00000| Untracked 
|1182|0x00000007c9e00000, 0x00000007c9e00000, 0x00000007c9f00000|  0%| F|  |TAMS 0x00000007c9e00000, 0x00000007c9e00000| Untracked 
|1183|0x00000007c9f00000, 0x00000007c9f00000, 0x00000007ca000000|  0%| F|  |TAMS 0x00000007c9f00000, 0x00000007c9f00000| Untracked 
|1184|0x00000007ca000000, 0x00000007ca000000, 0x00000007ca100000|  0%| F|  |TAMS 0x00000007ca000000, 0x00000007ca000000| Untracked 
|1185|0x00000007ca100000, 0x00000007ca100000, 0x00000007ca200000|  0%| F|  |TAMS 0x00000007ca100000, 0x00000007ca100000| Untracked 
|1186|0x00000007ca200000, 0x00000007ca200000, 0x00000007ca300000|  0%| F|  |TAMS 0x00000007ca200000, 0x00000007ca200000| Untracked 
|1187|0x00000007ca300000, 0x00000007ca300000, 0x00000007ca400000|  0%| F|  |TAMS 0x00000007ca300000, 0x00000007ca300000| Untracked 
|1188|0x00000007ca400000, 0x00000007ca400000, 0x00000007ca500000|  0%| F|  |TAMS 0x00000007ca400000, 0x00000007ca400000| Untracked 
|1189|0x00000007ca500000, 0x00000007ca500000, 0x00000007ca600000|  0%| F|  |TAMS 0x00000007ca500000, 0x00000007ca500000| Untracked 
|1190|0x00000007ca600000, 0x00000007ca600000, 0x00000007ca700000|  0%| F|  |TAMS 0x00000007ca600000, 0x00000007ca600000| Untracked 
|1191|0x00000007ca700000, 0x00000007ca700000, 0x00000007ca800000|  0%| F|  |TAMS 0x00000007ca700000, 0x00000007ca700000| Untracked 
|1192|0x00000007ca800000, 0x00000007ca800000, 0x00000007ca900000|  0%| F|  |TAMS 0x00000007ca800000, 0x00000007ca800000| Untracked 
|1193|0x00000007ca900000, 0x00000007ca900000, 0x00000007caa00000|  0%| F|  |TAMS 0x00000007ca900000, 0x00000007ca900000| Untracked 
|1194|0x00000007caa00000, 0x00000007caa00000, 0x00000007cab00000|  0%| F|  |TAMS 0x00000007caa00000, 0x00000007caa00000| Untracked 
|1195|0x00000007cab00000, 0x00000007cab00000, 0x00000007cac00000|  0%| F|  |TAMS 0x00000007cab00000, 0x00000007cab00000| Untracked 
|1196|0x00000007cac00000, 0x00000007cac00000, 0x00000007cad00000|  0%| F|  |TAMS 0x00000007cac00000, 0x00000007cac00000| Untracked 
|1197|0x00000007cad00000, 0x00000007cad00000, 0x00000007cae00000|  0%| F|  |TAMS 0x00000007cad00000, 0x00000007cad00000| Untracked 
|1198|0x00000007cae00000, 0x00000007cae00000, 0x00000007caf00000|  0%| F|  |TAMS 0x00000007cae00000, 0x00000007cae00000| Untracked 
|1199|0x00000007caf00000, 0x00000007caf00000, 0x00000007cb000000|  0%| F|  |TAMS 0x00000007caf00000, 0x00000007caf00000| Untracked 
|1200|0x00000007cb000000, 0x00000007cb000000, 0x00000007cb100000|  0%| F|  |TAMS 0x00000007cb000000, 0x00000007cb000000| Untracked 
|1201|0x00000007cb100000, 0x00000007cb100000, 0x00000007cb200000|  0%| F|  |TAMS 0x00000007cb100000, 0x00000007cb100000| Untracked 
|1202|0x00000007cb200000, 0x00000007cb200000, 0x00000007cb300000|  0%| F|  |TAMS 0x00000007cb200000, 0x00000007cb200000| Untracked 
|1203|0x00000007cb300000, 0x00000007cb300000, 0x00000007cb400000|  0%| F|  |TAMS 0x00000007cb300000, 0x00000007cb300000| Untracked 
|1204|0x00000007cb400000, 0x00000007cb400000, 0x00000007cb500000|  0%| F|  |TAMS 0x00000007cb400000, 0x00000007cb400000| Untracked 
|1205|0x00000007cb500000, 0x00000007cb500000, 0x00000007cb600000|  0%| F|  |TAMS 0x00000007cb500000, 0x00000007cb500000| Untracked 
|1206|0x00000007cb600000, 0x00000007cb600000, 0x00000007cb700000|  0%| F|  |TAMS 0x00000007cb600000, 0x00000007cb600000| Untracked 
|1207|0x00000007cb700000, 0x00000007cb700000, 0x00000007cb800000|  0%| F|  |TAMS 0x00000007cb700000, 0x00000007cb700000| Untracked 
|1208|0x00000007cb800000, 0x00000007cb800000, 0x00000007cb900000|  0%| F|  |TAMS 0x00000007cb800000, 0x00000007cb800000| Untracked 
|1209|0x00000007cb900000, 0x00000007cb900000, 0x00000007cba00000|  0%| F|  |TAMS 0x00000007cb900000, 0x00000007cb900000| Untracked 
|1210|0x00000007cba00000, 0x00000007cba00000, 0x00000007cbb00000|  0%| F|  |TAMS 0x00000007cba00000, 0x00000007cba00000| Untracked 
|1211|0x00000007cbb00000, 0x00000007cbb00000, 0x00000007cbc00000|  0%| F|  |TAMS 0x00000007cbb00000, 0x00000007cbb00000| Untracked 
|1212|0x00000007cbc00000, 0x00000007cbc00000, 0x00000007cbd00000|  0%| F|  |TAMS 0x00000007cbc00000, 0x00000007cbc00000| Untracked 
|1213|0x00000007cbd00000, 0x00000007cbd00000, 0x00000007cbe00000|  0%| F|  |TAMS 0x00000007cbd00000, 0x00000007cbd00000| Untracked 
|1214|0x00000007cbe00000, 0x00000007cbe00000, 0x00000007cbf00000|  0%| F|  |TAMS 0x00000007cbe00000, 0x00000007cbe00000| Untracked 
|1215|0x00000007cbf00000, 0x00000007cbf00000, 0x00000007cc000000|  0%| F|  |TAMS 0x00000007cbf00000, 0x00000007cbf00000| Untracked 
|1216|0x00000007cc000000, 0x00000007cc000000, 0x00000007cc100000|  0%| F|  |TAMS 0x00000007cc000000, 0x00000007cc000000| Untracked 
|1217|0x00000007cc100000, 0x00000007cc100000, 0x00000007cc200000|  0%| F|  |TAMS 0x00000007cc100000, 0x00000007cc100000| Untracked 
|1218|0x00000007cc200000, 0x00000007cc200000, 0x00000007cc300000|  0%| F|  |TAMS 0x00000007cc200000, 0x00000007cc200000| Untracked 
|1219|0x00000007cc300000, 0x00000007cc300000, 0x00000007cc400000|  0%| F|  |TAMS 0x00000007cc300000, 0x00000007cc300000| Untracked 
|1220|0x00000007cc400000, 0x00000007cc400000, 0x00000007cc500000|  0%| F|  |TAMS 0x00000007cc400000, 0x00000007cc400000| Untracked 
|1221|0x00000007cc500000, 0x00000007cc500000, 0x00000007cc600000|  0%| F|  |TAMS 0x00000007cc500000, 0x00000007cc500000| Untracked 
|1222|0x00000007cc600000, 0x00000007cc600000, 0x00000007cc700000|  0%| F|  |TAMS 0x00000007cc600000, 0x00000007cc600000| Untracked 
|1223|0x00000007cc700000, 0x00000007cc700000, 0x00000007cc800000|  0%| F|  |TAMS 0x00000007cc700000, 0x00000007cc700000| Untracked 
|1224|0x00000007cc800000, 0x00000007cc800000, 0x00000007cc900000|  0%| F|  |TAMS 0x00000007cc800000, 0x00000007cc800000| Untracked 
|1225|0x00000007cc900000, 0x00000007cc900000, 0x00000007cca00000|  0%| F|  |TAMS 0x00000007cc900000, 0x00000007cc900000| Untracked 
|1226|0x00000007cca00000, 0x00000007cca00000, 0x00000007ccb00000|  0%| F|  |TAMS 0x00000007cca00000, 0x00000007cca00000| Untracked 
|1227|0x00000007ccb00000, 0x00000007ccb00000, 0x00000007ccc00000|  0%| F|  |TAMS 0x00000007ccb00000, 0x00000007ccb00000| Untracked 
|1228|0x00000007ccc00000, 0x00000007ccc00000, 0x00000007ccd00000|  0%| F|  |TAMS 0x00000007ccc00000, 0x00000007ccc00000| Untracked 
|1229|0x00000007ccd00000, 0x00000007ccd00000, 0x00000007cce00000|  0%| F|  |TAMS 0x00000007ccd00000, 0x00000007ccd00000| Untracked 
|1230|0x00000007cce00000, 0x00000007cce00000, 0x00000007ccf00000|  0%| F|  |TAMS 0x00000007cce00000, 0x00000007cce00000| Untracked 
|1231|0x00000007ccf00000, 0x00000007ccf00000, 0x00000007cd000000|  0%| F|  |TAMS 0x00000007ccf00000, 0x00000007ccf00000| Untracked 
|1232|0x00000007cd000000, 0x00000007cd000000, 0x00000007cd100000|  0%| F|  |TAMS 0x00000007cd000000, 0x00000007cd000000| Untracked 
|1233|0x00000007cd100000, 0x00000007cd100000, 0x00000007cd200000|  0%| F|  |TAMS 0x00000007cd100000, 0x00000007cd100000| Untracked 
|1234|0x00000007cd200000, 0x00000007cd200000, 0x00000007cd300000|  0%| F|  |TAMS 0x00000007cd200000, 0x00000007cd200000| Untracked 
|1235|0x00000007cd300000, 0x00000007cd300000, 0x00000007cd400000|  0%| F|  |TAMS 0x00000007cd300000, 0x00000007cd300000| Untracked 
|1236|0x00000007cd400000, 0x00000007cd400000, 0x00000007cd500000|  0%| F|  |TAMS 0x00000007cd400000, 0x00000007cd400000| Untracked 
|1237|0x00000007cd500000, 0x00000007cd500000, 0x00000007cd600000|  0%| F|  |TAMS 0x00000007cd500000, 0x00000007cd500000| Untracked 
|1238|0x00000007cd600000, 0x00000007cd600000, 0x00000007cd700000|  0%| F|  |TAMS 0x00000007cd600000, 0x00000007cd600000| Untracked 
|1239|0x00000007cd700000, 0x00000007cd700000, 0x00000007cd800000|  0%| F|  |TAMS 0x00000007cd700000, 0x00000007cd700000| Untracked 
|1240|0x00000007cd800000, 0x00000007cd800000, 0x00000007cd900000|  0%| F|  |TAMS 0x00000007cd800000, 0x00000007cd800000| Untracked 
|1241|0x00000007cd900000, 0x00000007cd900000, 0x00000007cda00000|  0%| F|  |TAMS 0x00000007cd900000, 0x00000007cd900000| Untracked 
|1242|0x00000007cda00000, 0x00000007cda00000, 0x00000007cdb00000|  0%| F|  |TAMS 0x00000007cda00000, 0x00000007cda00000| Untracked 
|1243|0x00000007cdb00000, 0x00000007cdb00000, 0x00000007cdc00000|  0%| F|  |TAMS 0x00000007cdb00000, 0x00000007cdb00000| Untracked 
|1244|0x00000007cdc00000, 0x00000007cdc00000, 0x00000007cdd00000|  0%| F|  |TAMS 0x00000007cdc00000, 0x00000007cdc00000| Untracked 
|1245|0x00000007cdd00000, 0x00000007cdd00000, 0x00000007cde00000|  0%| F|  |TAMS 0x00000007cdd00000, 0x00000007cdd00000| Untracked 
|1246|0x00000007cde00000, 0x00000007cde00000, 0x00000007cdf00000|  0%| F|  |TAMS 0x00000007cde00000, 0x00000007cde00000| Untracked 
|1247|0x00000007cdf00000, 0x00000007cdf00000, 0x00000007ce000000|  0%| F|  |TAMS 0x00000007cdf00000, 0x00000007cdf00000| Untracked 
|1248|0x00000007ce000000, 0x00000007ce000000, 0x00000007ce100000|  0%| F|  |TAMS 0x00000007ce000000, 0x00000007ce000000| Untracked 
|1249|0x00000007ce100000, 0x00000007ce100000, 0x00000007ce200000|  0%| F|  |TAMS 0x00000007ce100000, 0x00000007ce100000| Untracked 
|1250|0x00000007ce200000, 0x00000007ce200000, 0x00000007ce300000|  0%| F|  |TAMS 0x00000007ce200000, 0x00000007ce200000| Untracked 
|1251|0x00000007ce300000, 0x00000007ce300000, 0x00000007ce400000|  0%| F|  |TAMS 0x00000007ce300000, 0x00000007ce300000| Untracked 
|1252|0x00000007ce400000, 0x00000007ce400000, 0x00000007ce500000|  0%| F|  |TAMS 0x00000007ce400000, 0x00000007ce400000| Untracked 
|1253|0x00000007ce500000, 0x00000007ce500000, 0x00000007ce600000|  0%| F|  |TAMS 0x00000007ce500000, 0x00000007ce500000| Untracked 
|1254|0x00000007ce600000, 0x00000007ce600000, 0x00000007ce700000|  0%| F|  |TAMS 0x00000007ce600000, 0x00000007ce600000| Untracked 
|1255|0x00000007ce700000, 0x00000007ce700000, 0x00000007ce800000|  0%| F|  |TAMS 0x00000007ce700000, 0x00000007ce700000| Untracked 
|1256|0x00000007ce800000, 0x00000007ce800000, 0x00000007ce900000|  0%| F|  |TAMS 0x00000007ce800000, 0x00000007ce800000| Untracked 
|1257|0x00000007ce900000, 0x00000007ce900000, 0x00000007cea00000|  0%| F|  |TAMS 0x00000007ce900000, 0x00000007ce900000| Untracked 
|1258|0x00000007cea00000, 0x00000007cea00000, 0x00000007ceb00000|  0%| F|  |TAMS 0x00000007cea00000, 0x00000007cea00000| Untracked 
|1259|0x00000007ceb00000, 0x00000007ceb00000, 0x00000007cec00000|  0%| F|  |TAMS 0x00000007ceb00000, 0x00000007ceb00000| Untracked 
|1260|0x00000007cec00000, 0x00000007cec00000, 0x00000007ced00000|  0%| F|  |TAMS 0x00000007cec00000, 0x00000007cec00000| Untracked 
|1261|0x00000007ced00000, 0x00000007ced00000, 0x00000007cee00000|  0%| F|  |TAMS 0x00000007ced00000, 0x00000007ced00000| Untracked 
|1262|0x00000007cee00000, 0x00000007cee00000, 0x00000007cef00000|  0%| F|  |TAMS 0x00000007cee00000, 0x00000007cee00000| Untracked 
|1263|0x00000007cef00000, 0x00000007cef00000, 0x00000007cf000000|  0%| F|  |TAMS 0x00000007cef00000, 0x00000007cef00000| Untracked 
|1264|0x00000007cf000000, 0x00000007cf000000, 0x00000007cf100000|  0%| F|  |TAMS 0x00000007cf000000, 0x00000007cf000000| Untracked 
|1265|0x00000007cf100000, 0x00000007cf100000, 0x00000007cf200000|  0%| F|  |TAMS 0x00000007cf100000, 0x00000007cf100000| Untracked 
|1266|0x00000007cf200000, 0x00000007cf200000, 0x00000007cf300000|  0%| F|  |TAMS 0x00000007cf200000, 0x00000007cf200000| Untracked 
|1267|0x00000007cf300000, 0x00000007cf300000, 0x00000007cf400000|  0%| F|  |TAMS 0x00000007cf300000, 0x00000007cf300000| Untracked 
|1268|0x00000007cf400000, 0x00000007cf400000, 0x00000007cf500000|  0%| F|  |TAMS 0x00000007cf400000, 0x00000007cf400000| Untracked 
|1269|0x00000007cf500000, 0x00000007cf500000, 0x00000007cf600000|  0%| F|  |TAMS 0x00000007cf500000, 0x00000007cf500000| Untracked 
|1270|0x00000007cf600000, 0x00000007cf600000, 0x00000007cf700000|  0%| F|  |TAMS 0x00000007cf600000, 0x00000007cf600000| Untracked 
|1271|0x00000007cf700000, 0x00000007cf700000, 0x00000007cf800000|  0%| F|  |TAMS 0x00000007cf700000, 0x00000007cf700000| Untracked 
|1272|0x00000007cf800000, 0x00000007cf800000, 0x00000007cf900000|  0%| F|  |TAMS 0x00000007cf800000, 0x00000007cf800000| Untracked 
|1273|0x00000007cf900000, 0x00000007cf900000, 0x00000007cfa00000|  0%| F|  |TAMS 0x00000007cf900000, 0x00000007cf900000| Untracked 
|1274|0x00000007cfa00000, 0x00000007cfa00000, 0x00000007cfb00000|  0%| F|  |TAMS 0x00000007cfa00000, 0x00000007cfa00000| Untracked 
|1275|0x00000007cfb00000, 0x00000007cfb00000, 0x00000007cfc00000|  0%| F|  |TAMS 0x00000007cfb00000, 0x00000007cfb00000| Untracked 
|1276|0x00000007cfc00000, 0x00000007cfc00000, 0x00000007cfd00000|  0%| F|  |TAMS 0x00000007cfc00000, 0x00000007cfc00000| Untracked 
|1277|0x00000007cfd00000, 0x00000007cfd00000, 0x00000007cfe00000|  0%| F|  |TAMS 0x00000007cfd00000, 0x00000007cfd00000| Untracked 
|1278|0x00000007cfe00000, 0x00000007cfe00000, 0x00000007cff00000|  0%| F|  |TAMS 0x00000007cfe00000, 0x00000007cfe00000| Untracked 
|1279|0x00000007cff00000, 0x00000007cff00000, 0x00000007d0000000|  0%| F|  |TAMS 0x00000007cff00000, 0x00000007cff00000| Untracked 
|1280|0x00000007d0000000, 0x00000007d0000000, 0x00000007d0100000|  0%| F|  |TAMS 0x00000007d0000000, 0x00000007d0000000| Untracked 
|1281|0x00000007d0100000, 0x00000007d0100000, 0x00000007d0200000|  0%| F|  |TAMS 0x00000007d0100000, 0x00000007d0100000| Untracked 
|1282|0x00000007d0200000, 0x00000007d0200000, 0x00000007d0300000|  0%| F|  |TAMS 0x00000007d0200000, 0x00000007d0200000| Untracked 
|1283|0x00000007d0300000, 0x00000007d0300000, 0x00000007d0400000|  0%| F|  |TAMS 0x00000007d0300000, 0x00000007d0300000| Untracked 
|1284|0x00000007d0400000, 0x00000007d0400000, 0x00000007d0500000|  0%| F|  |TAMS 0x00000007d0400000, 0x00000007d0400000| Untracked 
|1285|0x00000007d0500000, 0x00000007d0500000, 0x00000007d0600000|  0%| F|  |TAMS 0x00000007d0500000, 0x00000007d0500000| Untracked 
|1286|0x00000007d0600000, 0x00000007d0600000, 0x00000007d0700000|  0%| F|  |TAMS 0x00000007d0600000, 0x00000007d0600000| Untracked 
|1287|0x00000007d0700000, 0x00000007d0700000, 0x00000007d0800000|  0%| F|  |TAMS 0x00000007d0700000, 0x00000007d0700000| Untracked 
|1288|0x00000007d0800000, 0x00000007d0800000, 0x00000007d0900000|  0%| F|  |TAMS 0x00000007d0800000, 0x00000007d0800000| Untracked 
|1289|0x00000007d0900000, 0x00000007d0900000, 0x00000007d0a00000|  0%| F|  |TAMS 0x00000007d0900000, 0x00000007d0900000| Untracked 
|1290|0x00000007d0a00000, 0x00000007d0a00000, 0x00000007d0b00000|  0%| F|  |TAMS 0x00000007d0a00000, 0x00000007d0a00000| Untracked 
|1291|0x00000007d0b00000, 0x00000007d0b00000, 0x00000007d0c00000|  0%| F|  |TAMS 0x00000007d0b00000, 0x00000007d0b00000| Untracked 
|1292|0x00000007d0c00000, 0x00000007d0c00000, 0x00000007d0d00000|  0%| F|  |TAMS 0x00000007d0c00000, 0x00000007d0c00000| Untracked 
|1293|0x00000007d0d00000, 0x00000007d0d00000, 0x00000007d0e00000|  0%| F|  |TAMS 0x00000007d0d00000, 0x00000007d0d00000| Untracked 
|1294|0x00000007d0e00000, 0x00000007d0e00000, 0x00000007d0f00000|  0%| F|  |TAMS 0x00000007d0e00000, 0x00000007d0e00000| Untracked 
|1295|0x00000007d0f00000, 0x00000007d0f00000, 0x00000007d1000000|  0%| F|  |TAMS 0x00000007d0f00000, 0x00000007d0f00000| Untracked 
|1296|0x00000007d1000000, 0x00000007d1000000, 0x00000007d1100000|  0%| F|  |TAMS 0x00000007d1000000, 0x00000007d1000000| Untracked 
|1297|0x00000007d1100000, 0x00000007d1100000, 0x00000007d1200000|  0%| F|  |TAMS 0x00000007d1100000, 0x00000007d1100000| Untracked 
|1298|0x00000007d1200000, 0x00000007d1200000, 0x00000007d1300000|  0%| F|  |TAMS 0x00000007d1200000, 0x00000007d1200000| Untracked 
|1299|0x00000007d1300000, 0x00000007d1300000, 0x00000007d1400000|  0%| F|  |TAMS 0x00000007d1300000, 0x00000007d1300000| Untracked 
|1300|0x00000007d1400000, 0x00000007d1400000, 0x00000007d1500000|  0%| F|  |TAMS 0x00000007d1400000, 0x00000007d1400000| Untracked 
|1301|0x00000007d1500000, 0x00000007d1500000, 0x00000007d1600000|  0%| F|  |TAMS 0x00000007d1500000, 0x00000007d1500000| Untracked 
|1302|0x00000007d1600000, 0x00000007d1600000, 0x00000007d1700000|  0%| F|  |TAMS 0x00000007d1600000, 0x00000007d1600000| Untracked 
|1303|0x00000007d1700000, 0x00000007d1700000, 0x00000007d1800000|  0%| F|  |TAMS 0x00000007d1700000, 0x00000007d1700000| Untracked 
|1304|0x00000007d1800000, 0x00000007d1800000, 0x00000007d1900000|  0%| F|  |TAMS 0x00000007d1800000, 0x00000007d1800000| Untracked 
|1305|0x00000007d1900000, 0x00000007d1900000, 0x00000007d1a00000|  0%| F|  |TAMS 0x00000007d1900000, 0x00000007d1900000| Untracked 
|1306|0x00000007d1a00000, 0x00000007d1a00000, 0x00000007d1b00000|  0%| F|  |TAMS 0x00000007d1a00000, 0x00000007d1a00000| Untracked 
|1307|0x00000007d1b00000, 0x00000007d1b00000, 0x00000007d1c00000|  0%| F|  |TAMS 0x00000007d1b00000, 0x00000007d1b00000| Untracked 
|1308|0x00000007d1c00000, 0x00000007d1c00000, 0x00000007d1d00000|  0%| F|  |TAMS 0x00000007d1c00000, 0x00000007d1c00000| Untracked 
|1309|0x00000007d1d00000, 0x00000007d1d00000, 0x00000007d1e00000|  0%| F|  |TAMS 0x00000007d1d00000, 0x00000007d1d00000| Untracked 
|1310|0x00000007d1e00000, 0x00000007d1e00000, 0x00000007d1f00000|  0%| F|  |TAMS 0x00000007d1e00000, 0x00000007d1e00000| Untracked 
|1311|0x00000007d1f00000, 0x00000007d1f00000, 0x00000007d2000000|  0%| F|  |TAMS 0x00000007d1f00000, 0x00000007d1f00000| Untracked 
|1312|0x00000007d2000000, 0x00000007d2000000, 0x00000007d2100000|  0%| F|  |TAMS 0x00000007d2000000, 0x00000007d2000000| Untracked 
|1313|0x00000007d2100000, 0x00000007d2100000, 0x00000007d2200000|  0%| F|  |TAMS 0x00000007d2100000, 0x00000007d2100000| Untracked 
|1314|0x00000007d2200000, 0x00000007d2200000, 0x00000007d2300000|  0%| F|  |TAMS 0x00000007d2200000, 0x00000007d2200000| Untracked 
|1315|0x00000007d2300000, 0x00000007d2300000, 0x00000007d2400000|  0%| F|  |TAMS 0x00000007d2300000, 0x00000007d2300000| Untracked 
|1316|0x00000007d2400000, 0x00000007d2400000, 0x00000007d2500000|  0%| F|  |TAMS 0x00000007d2400000, 0x00000007d2400000| Untracked 
|1317|0x00000007d2500000, 0x00000007d2500000, 0x00000007d2600000|  0%| F|  |TAMS 0x00000007d2500000, 0x00000007d2500000| Untracked 
|1318|0x00000007d2600000, 0x00000007d2600000, 0x00000007d2700000|  0%| F|  |TAMS 0x00000007d2600000, 0x00000007d2600000| Untracked 
|1319|0x00000007d2700000, 0x00000007d2700000, 0x00000007d2800000|  0%| F|  |TAMS 0x00000007d2700000, 0x00000007d2700000| Untracked 
|1320|0x00000007d2800000, 0x00000007d2800000, 0x00000007d2900000|  0%| F|  |TAMS 0x00000007d2800000, 0x00000007d2800000| Untracked 
|1321|0x00000007d2900000, 0x00000007d2900000, 0x00000007d2a00000|  0%| F|  |TAMS 0x00000007d2900000, 0x00000007d2900000| Untracked 
|1322|0x00000007d2a00000, 0x00000007d2a00000, 0x00000007d2b00000|  0%| F|  |TAMS 0x00000007d2a00000, 0x00000007d2a00000| Untracked 
|1323|0x00000007d2b00000, 0x00000007d2b00000, 0x00000007d2c00000|  0%| F|  |TAMS 0x00000007d2b00000, 0x00000007d2b00000| Untracked 
|1324|0x00000007d2c00000, 0x00000007d2c00000, 0x00000007d2d00000|  0%| F|  |TAMS 0x00000007d2c00000, 0x00000007d2c00000| Untracked 
|1325|0x00000007d2d00000, 0x00000007d2d00000, 0x00000007d2e00000|  0%| F|  |TAMS 0x00000007d2d00000, 0x00000007d2d00000| Untracked 
|1326|0x00000007d2e00000, 0x00000007d2e00000, 0x00000007d2f00000|  0%| F|  |TAMS 0x00000007d2e00000, 0x00000007d2e00000| Untracked 
|1327|0x00000007d2f00000, 0x00000007d2f00000, 0x00000007d3000000|  0%| F|  |TAMS 0x00000007d2f00000, 0x00000007d2f00000| Untracked 
|1328|0x00000007d3000000, 0x00000007d3000000, 0x00000007d3100000|  0%| F|  |TAMS 0x00000007d3000000, 0x00000007d3000000| Untracked 
|1329|0x00000007d3100000, 0x00000007d3100000, 0x00000007d3200000|  0%| F|  |TAMS 0x00000007d3100000, 0x00000007d3100000| Untracked 
|1330|0x00000007d3200000, 0x00000007d3200000, 0x00000007d3300000|  0%| F|  |TAMS 0x00000007d3200000, 0x00000007d3200000| Untracked 
|1331|0x00000007d3300000, 0x00000007d3300000, 0x00000007d3400000|  0%| F|  |TAMS 0x00000007d3300000, 0x00000007d3300000| Untracked 
|1332|0x00000007d3400000, 0x00000007d3400000, 0x00000007d3500000|  0%| F|  |TAMS 0x00000007d3400000, 0x00000007d3400000| Untracked 
|1333|0x00000007d3500000, 0x00000007d3500000, 0x00000007d3600000|  0%| F|  |TAMS 0x00000007d3500000, 0x00000007d3500000| Untracked 
|1334|0x00000007d3600000, 0x00000007d3600000, 0x00000007d3700000|  0%| F|  |TAMS 0x00000007d3600000, 0x00000007d3600000| Untracked 
|1335|0x00000007d3700000, 0x00000007d3700000, 0x00000007d3800000|  0%| F|  |TAMS 0x00000007d3700000, 0x00000007d3700000| Untracked 
|1336|0x00000007d3800000, 0x00000007d3800000, 0x00000007d3900000|  0%| F|  |TAMS 0x00000007d3800000, 0x00000007d3800000| Untracked 
|1337|0x00000007d3900000, 0x00000007d3900000, 0x00000007d3a00000|  0%| F|  |TAMS 0x00000007d3900000, 0x00000007d3900000| Untracked 
|1338|0x00000007d3a00000, 0x00000007d3a00000, 0x00000007d3b00000|  0%| F|  |TAMS 0x00000007d3a00000, 0x00000007d3a00000| Untracked 
|1339|0x00000007d3b00000, 0x00000007d3b00000, 0x00000007d3c00000|  0%| F|  |TAMS 0x00000007d3b00000, 0x00000007d3b00000| Untracked 
|1340|0x00000007d3c00000, 0x00000007d3c00000, 0x00000007d3d00000|  0%| F|  |TAMS 0x00000007d3c00000, 0x00000007d3c00000| Untracked 
|1341|0x00000007d3d00000, 0x00000007d3d00000, 0x00000007d3e00000|  0%| F|  |TAMS 0x00000007d3d00000, 0x00000007d3d00000| Untracked 
|1342|0x00000007d3e00000, 0x00000007d3e00000, 0x00000007d3f00000|  0%| F|  |TAMS 0x00000007d3e00000, 0x00000007d3e00000| Untracked 
|1343|0x00000007d3f00000, 0x00000007d3f00000, 0x00000007d4000000|  0%| F|  |TAMS 0x00000007d3f00000, 0x00000007d3f00000| Untracked 
|1344|0x00000007d4000000, 0x00000007d4000000, 0x00000007d4100000|  0%| F|  |TAMS 0x00000007d4000000, 0x00000007d4000000| Untracked 
|1345|0x00000007d4100000, 0x00000007d4100000, 0x00000007d4200000|  0%| F|  |TAMS 0x00000007d4100000, 0x00000007d4100000| Untracked 
|1346|0x00000007d4200000, 0x00000007d4200000, 0x00000007d4300000|  0%| F|  |TAMS 0x00000007d4200000, 0x00000007d4200000| Untracked 
|1347|0x00000007d4300000, 0x00000007d4300000, 0x00000007d4400000|  0%| F|  |TAMS 0x00000007d4300000, 0x00000007d4300000| Untracked 
|1348|0x00000007d4400000, 0x00000007d4400000, 0x00000007d4500000|  0%| F|  |TAMS 0x00000007d4400000, 0x00000007d4400000| Untracked 
|1349|0x00000007d4500000, 0x00000007d4500000, 0x00000007d4600000|  0%| F|  |TAMS 0x00000007d4500000, 0x00000007d4500000| Untracked 
|1350|0x00000007d4600000, 0x00000007d4600000, 0x00000007d4700000|  0%| F|  |TAMS 0x00000007d4600000, 0x00000007d4600000| Untracked 
|1351|0x00000007d4700000, 0x00000007d4700000, 0x00000007d4800000|  0%| F|  |TAMS 0x00000007d4700000, 0x00000007d4700000| Untracked 
|1352|0x00000007d4800000, 0x00000007d4800000, 0x00000007d4900000|  0%| F|  |TAMS 0x00000007d4800000, 0x00000007d4800000| Untracked 
|1353|0x00000007d4900000, 0x00000007d4900000, 0x00000007d4a00000|  0%| F|  |TAMS 0x00000007d4900000, 0x00000007d4900000| Untracked 
|1354|0x00000007d4a00000, 0x00000007d4a00000, 0x00000007d4b00000|  0%| F|  |TAMS 0x00000007d4a00000, 0x00000007d4a00000| Untracked 
|1355|0x00000007d4b00000, 0x00000007d4b00000, 0x00000007d4c00000|  0%| F|  |TAMS 0x00000007d4b00000, 0x00000007d4b00000| Untracked 
|1356|0x00000007d4c00000, 0x00000007d4c00000, 0x00000007d4d00000|  0%| F|  |TAMS 0x00000007d4c00000, 0x00000007d4c00000| Untracked 
|1357|0x00000007d4d00000, 0x00000007d4d00000, 0x00000007d4e00000|  0%| F|  |TAMS 0x00000007d4d00000, 0x00000007d4d00000| Untracked 
|1358|0x00000007d4e00000, 0x00000007d4e00000, 0x00000007d4f00000|  0%| F|  |TAMS 0x00000007d4e00000, 0x00000007d4e00000| Untracked 
|1359|0x00000007d4f00000, 0x00000007d4f00000, 0x00000007d5000000|  0%| F|  |TAMS 0x00000007d4f00000, 0x00000007d4f00000| Untracked 
|1360|0x00000007d5000000, 0x00000007d5000000, 0x00000007d5100000|  0%| F|  |TAMS 0x00000007d5000000, 0x00000007d5000000| Untracked 
|1361|0x00000007d5100000, 0x00000007d5100000, 0x00000007d5200000|  0%| F|  |TAMS 0x00000007d5100000, 0x00000007d5100000| Untracked 
|1362|0x00000007d5200000, 0x00000007d5200000, 0x00000007d5300000|  0%| F|  |TAMS 0x00000007d5200000, 0x00000007d5200000| Untracked 
|1363|0x00000007d5300000, 0x00000007d5300000, 0x00000007d5400000|  0%| F|  |TAMS 0x00000007d5300000, 0x00000007d5300000| Untracked 
|1364|0x00000007d5400000, 0x00000007d5400000, 0x00000007d5500000|  0%| F|  |TAMS 0x00000007d5400000, 0x00000007d5400000| Untracked 
|1365|0x00000007d5500000, 0x00000007d5500000, 0x00000007d5600000|  0%| F|  |TAMS 0x00000007d5500000, 0x00000007d5500000| Untracked 
|1366|0x00000007d5600000, 0x00000007d5600000, 0x00000007d5700000|  0%| F|  |TAMS 0x00000007d5600000, 0x00000007d5600000| Untracked 
|1367|0x00000007d5700000, 0x00000007d5700000, 0x00000007d5800000|  0%| F|  |TAMS 0x00000007d5700000, 0x00000007d5700000| Untracked 
|1368|0x00000007d5800000, 0x00000007d5800000, 0x00000007d5900000|  0%| F|  |TAMS 0x00000007d5800000, 0x00000007d5800000| Untracked 
|1369|0x00000007d5900000, 0x00000007d5900000, 0x00000007d5a00000|  0%| F|  |TAMS 0x00000007d5900000, 0x00000007d5900000| Untracked 
|1370|0x00000007d5a00000, 0x00000007d5a00000, 0x00000007d5b00000|  0%| F|  |TAMS 0x00000007d5a00000, 0x00000007d5a00000| Untracked 
|1371|0x00000007d5b00000, 0x00000007d5b00000, 0x00000007d5c00000|  0%| F|  |TAMS 0x00000007d5b00000, 0x00000007d5b00000| Untracked 
|1372|0x00000007d5c00000, 0x00000007d5c00000, 0x00000007d5d00000|  0%| F|  |TAMS 0x00000007d5c00000, 0x00000007d5c00000| Untracked 
|1373|0x00000007d5d00000, 0x00000007d5d00000, 0x00000007d5e00000|  0%| F|  |TAMS 0x00000007d5d00000, 0x00000007d5d00000| Untracked 
|1374|0x00000007d5e00000, 0x00000007d5e00000, 0x00000007d5f00000|  0%| F|  |TAMS 0x00000007d5e00000, 0x00000007d5e00000| Untracked 
|1375|0x00000007d5f00000, 0x00000007d5f00000, 0x00000007d6000000|  0%| F|  |TAMS 0x00000007d5f00000, 0x00000007d5f00000| Untracked 
|1376|0x00000007d6000000, 0x00000007d6000000, 0x00000007d6100000|  0%| F|  |TAMS 0x00000007d6000000, 0x00000007d6000000| Untracked 
|1377|0x00000007d6100000, 0x00000007d6100000, 0x00000007d6200000|  0%| F|  |TAMS 0x00000007d6100000, 0x00000007d6100000| Untracked 
|1378|0x00000007d6200000, 0x00000007d6200000, 0x00000007d6300000|  0%| F|  |TAMS 0x00000007d6200000, 0x00000007d6200000| Untracked 
|1379|0x00000007d6300000, 0x00000007d6300000, 0x00000007d6400000|  0%| F|  |TAMS 0x00000007d6300000, 0x00000007d6300000| Untracked 
|1380|0x00000007d6400000, 0x00000007d6400000, 0x00000007d6500000|  0%| F|  |TAMS 0x00000007d6400000, 0x00000007d6400000| Untracked 
|1381|0x00000007d6500000, 0x00000007d6500000, 0x00000007d6600000|  0%| F|  |TAMS 0x00000007d6500000, 0x00000007d6500000| Untracked 
|1382|0x00000007d6600000, 0x00000007d6600000, 0x00000007d6700000|  0%| F|  |TAMS 0x00000007d6600000, 0x00000007d6600000| Untracked 
|1383|0x00000007d6700000, 0x00000007d6700000, 0x00000007d6800000|  0%| F|  |TAMS 0x00000007d6700000, 0x00000007d6700000| Untracked 
|1384|0x00000007d6800000, 0x00000007d6800000, 0x00000007d6900000|  0%| F|  |TAMS 0x00000007d6800000, 0x00000007d6800000| Untracked 
|1385|0x00000007d6900000, 0x00000007d6900000, 0x00000007d6a00000|  0%| F|  |TAMS 0x00000007d6900000, 0x00000007d6900000| Untracked 
|1386|0x00000007d6a00000, 0x00000007d6a00000, 0x00000007d6b00000|  0%| F|  |TAMS 0x00000007d6a00000, 0x00000007d6a00000| Untracked 
|1387|0x00000007d6b00000, 0x00000007d6b00000, 0x00000007d6c00000|  0%| F|  |TAMS 0x00000007d6b00000, 0x00000007d6b00000| Untracked 
|1388|0x00000007d6c00000, 0x00000007d6c00000, 0x00000007d6d00000|  0%| F|  |TAMS 0x00000007d6c00000, 0x00000007d6c00000| Untracked 
|1389|0x00000007d6d00000, 0x00000007d6d00000, 0x00000007d6e00000|  0%| F|  |TAMS 0x00000007d6d00000, 0x00000007d6d00000| Untracked 
|1390|0x00000007d6e00000, 0x00000007d6e00000, 0x00000007d6f00000|  0%| F|  |TAMS 0x00000007d6e00000, 0x00000007d6e00000| Untracked 
|1391|0x00000007d6f00000, 0x00000007d6f00000, 0x00000007d7000000|  0%| F|  |TAMS 0x00000007d6f00000, 0x00000007d6f00000| Untracked 
|1392|0x00000007d7000000, 0x00000007d7000000, 0x00000007d7100000|  0%| F|  |TAMS 0x00000007d7000000, 0x00000007d7000000| Untracked 
|1393|0x00000007d7100000, 0x00000007d7100000, 0x00000007d7200000|  0%| F|  |TAMS 0x00000007d7100000, 0x00000007d7100000| Untracked 
|1394|0x00000007d7200000, 0x00000007d7200000, 0x00000007d7300000|  0%| F|  |TAMS 0x00000007d7200000, 0x00000007d7200000| Untracked 
|1395|0x00000007d7300000, 0x00000007d7300000, 0x00000007d7400000|  0%| F|  |TAMS 0x00000007d7300000, 0x00000007d7300000| Untracked 
|1396|0x00000007d7400000, 0x00000007d7400000, 0x00000007d7500000|  0%| F|  |TAMS 0x00000007d7400000, 0x00000007d7400000| Untracked 
|1397|0x00000007d7500000, 0x00000007d7500000, 0x00000007d7600000|  0%| F|  |TAMS 0x00000007d7500000, 0x00000007d7500000| Untracked 
|1398|0x00000007d7600000, 0x00000007d7600000, 0x00000007d7700000|  0%| F|  |TAMS 0x00000007d7600000, 0x00000007d7600000| Untracked 
|1399|0x00000007d7700000, 0x00000007d7700000, 0x00000007d7800000|  0%| F|  |TAMS 0x00000007d7700000, 0x00000007d7700000| Untracked 
|1400|0x00000007d7800000, 0x00000007d7900000, 0x00000007d7900000|100%| E|  |TAMS 0x00000007d7800000, 0x00000007d7800000| Complete 
|1401|0x00000007d7900000, 0x00000007d7a00000, 0x00000007d7a00000|100%| E|CS|TAMS 0x00000007d7900000, 0x00000007d7900000| Complete 
|1402|0x00000007d7a00000, 0x00000007d7b00000, 0x00000007d7b00000|100%| E|CS|TAMS 0x00000007d7a00000, 0x00000007d7a00000| Complete 
|1403|0x00000007d7b00000, 0x00000007d7c00000, 0x00000007d7c00000|100%| E|CS|TAMS 0x00000007d7b00000, 0x00000007d7b00000| Complete 
|1404|0x00000007d7c00000, 0x00000007d7d00000, 0x00000007d7d00000|100%| E|CS|TAMS 0x00000007d7c00000, 0x00000007d7c00000| Complete 
|1405|0x00000007d7d00000, 0x00000007d7e00000, 0x00000007d7e00000|100%| E|CS|TAMS 0x00000007d7d00000, 0x00000007d7d00000| Complete 
|1406|0x00000007d7e00000, 0x00000007d7f00000, 0x00000007d7f00000|100%| E|CS|TAMS 0x00000007d7e00000, 0x00000007d7e00000| Complete 
|1407|0x00000007d7f00000, 0x00000007d8000000, 0x00000007d8000000|100%| E|CS|TAMS 0x00000007d7f00000, 0x00000007d7f00000| Complete 
|1408|0x00000007d8000000, 0x00000007d8100000, 0x00000007d8100000|100%| E|CS|TAMS 0x00000007d8000000, 0x00000007d8000000| Complete 
|1409|0x00000007d8100000, 0x00000007d8200000, 0x00000007d8200000|100%| E|CS|TAMS 0x00000007d8100000, 0x00000007d8100000| Complete 
|1410|0x00000007d8200000, 0x00000007d8300000, 0x00000007d8300000|100%| E|CS|TAMS 0x00000007d8200000, 0x00000007d8200000| Complete 
|1411|0x00000007d8300000, 0x00000007d8400000, 0x00000007d8400000|100%| E|CS|TAMS 0x00000007d8300000, 0x00000007d8300000| Complete 
|1412|0x00000007d8400000, 0x00000007d8500000, 0x00000007d8500000|100%| E|CS|TAMS 0x00000007d8400000, 0x00000007d8400000| Complete 
|1413|0x00000007d8500000, 0x00000007d8600000, 0x00000007d8600000|100%| E|CS|TAMS 0x00000007d8500000, 0x00000007d8500000| Complete 
|1414|0x00000007d8600000, 0x00000007d8700000, 0x00000007d8700000|100%| E|CS|TAMS 0x00000007d8600000, 0x00000007d8600000| Complete 
|1415|0x00000007d8700000, 0x00000007d8800000, 0x00000007d8800000|100%| E|CS|TAMS 0x00000007d8700000, 0x00000007d8700000| Complete 
|1416|0x00000007d8800000, 0x00000007d8900000, 0x00000007d8900000|100%| E|CS|TAMS 0x00000007d8800000, 0x00000007d8800000| Complete 
|1417|0x00000007d8900000, 0x00000007d8a00000, 0x00000007d8a00000|100%| E|CS|TAMS 0x00000007d8900000, 0x00000007d8900000| Complete 
|1418|0x00000007d8a00000, 0x00000007d8b00000, 0x00000007d8b00000|100%| E|CS|TAMS 0x00000007d8a00000, 0x00000007d8a00000| Complete 
|1419|0x00000007d8b00000, 0x00000007d8c00000, 0x00000007d8c00000|100%| E|CS|TAMS 0x00000007d8b00000, 0x00000007d8b00000| Complete 
|1420|0x00000007d8c00000, 0x00000007d8d00000, 0x00000007d8d00000|100%| E|CS|TAMS 0x00000007d8c00000, 0x00000007d8c00000| Complete 
|1421|0x00000007d8d00000, 0x00000007d8e00000, 0x00000007d8e00000|100%| E|CS|TAMS 0x00000007d8d00000, 0x00000007d8d00000| Complete 
|1422|0x00000007d8e00000, 0x00000007d8f00000, 0x00000007d8f00000|100%| E|CS|TAMS 0x00000007d8e00000, 0x00000007d8e00000| Complete 
|1423|0x00000007d8f00000, 0x00000007d9000000, 0x00000007d9000000|100%| E|CS|TAMS 0x00000007d8f00000, 0x00000007d8f00000| Complete 
|1424|0x00000007d9000000, 0x00000007d9100000, 0x00000007d9100000|100%| E|CS|TAMS 0x00000007d9000000, 0x00000007d9000000| Complete 
|1425|0x00000007d9100000, 0x00000007d9200000, 0x00000007d9200000|100%| E|CS|TAMS 0x00000007d9100000, 0x00000007d9100000| Complete 
|1426|0x00000007d9200000, 0x00000007d9300000, 0x00000007d9300000|100%| E|CS|TAMS 0x00000007d9200000, 0x00000007d9200000| Complete 
|1427|0x00000007d9300000, 0x00000007d9400000, 0x00000007d9400000|100%| E|CS|TAMS 0x00000007d9300000, 0x00000007d9300000| Complete 
|1428|0x00000007d9400000, 0x00000007d9500000, 0x00000007d9500000|100%| E|CS|TAMS 0x00000007d9400000, 0x00000007d9400000| Complete 
|1429|0x00000007d9500000, 0x00000007d9600000, 0x00000007d9600000|100%| E|CS|TAMS 0x00000007d9500000, 0x00000007d9500000| Complete 
|1430|0x00000007d9600000, 0x00000007d9700000, 0x00000007d9700000|100%| E|CS|TAMS 0x00000007d9600000, 0x00000007d9600000| Complete 
|1431|0x00000007d9700000, 0x00000007d9800000, 0x00000007d9800000|100%| E|CS|TAMS 0x00000007d9700000, 0x00000007d9700000| Complete 
|1432|0x00000007d9800000, 0x00000007d9900000, 0x00000007d9900000|100%| E|CS|TAMS 0x00000007d9800000, 0x00000007d9800000| Complete 
|1433|0x00000007d9900000, 0x00000007d9a00000, 0x00000007d9a00000|100%| E|CS|TAMS 0x00000007d9900000, 0x00000007d9900000| Complete 
|1434|0x00000007d9a00000, 0x00000007d9b00000, 0x00000007d9b00000|100%| E|CS|TAMS 0x00000007d9a00000, 0x00000007d9a00000| Complete 
|1435|0x00000007d9b00000, 0x00000007d9c00000, 0x00000007d9c00000|100%| E|CS|TAMS 0x00000007d9b00000, 0x00000007d9b00000| Complete 
|1436|0x00000007d9c00000, 0x00000007d9d00000, 0x00000007d9d00000|100%| E|CS|TAMS 0x00000007d9c00000, 0x00000007d9c00000| Complete 
|1437|0x00000007d9d00000, 0x00000007d9e00000, 0x00000007d9e00000|100%| E|CS|TAMS 0x00000007d9d00000, 0x00000007d9d00000| Complete 
|1438|0x00000007d9e00000, 0x00000007d9f00000, 0x00000007d9f00000|100%| E|CS|TAMS 0x00000007d9e00000, 0x00000007d9e00000| Complete 
|1439|0x00000007d9f00000, 0x00000007da000000, 0x00000007da000000|100%| E|CS|TAMS 0x00000007d9f00000, 0x00000007d9f00000| Complete 
|1440|0x00000007da000000, 0x00000007da100000, 0x00000007da100000|100%| E|CS|TAMS 0x00000007da000000, 0x00000007da000000| Complete 
|1441|0x00000007da100000, 0x00000007da200000, 0x00000007da200000|100%| E|CS|TAMS 0x00000007da100000, 0x00000007da100000| Complete 
|1442|0x00000007da200000, 0x00000007da300000, 0x00000007da300000|100%| E|CS|TAMS 0x00000007da200000, 0x00000007da200000| Complete 
|1443|0x00000007da300000, 0x00000007da400000, 0x00000007da400000|100%| E|CS|TAMS 0x00000007da300000, 0x00000007da300000| Complete 
|1444|0x00000007da400000, 0x00000007da500000, 0x00000007da500000|100%| E|CS|TAMS 0x00000007da400000, 0x00000007da400000| Complete 
|1445|0x00000007da500000, 0x00000007da600000, 0x00000007da600000|100%| E|CS|TAMS 0x00000007da500000, 0x00000007da500000| Complete 
|1446|0x00000007da600000, 0x00000007da700000, 0x00000007da700000|100%| E|CS|TAMS 0x00000007da600000, 0x00000007da600000| Complete 
|1447|0x00000007da700000, 0x00000007da800000, 0x00000007da800000|100%| E|CS|TAMS 0x00000007da700000, 0x00000007da700000| Complete 
|1448|0x00000007da800000, 0x00000007da900000, 0x00000007da900000|100%| E|CS|TAMS 0x00000007da800000, 0x00000007da800000| Complete 
|1449|0x00000007da900000, 0x00000007daa00000, 0x00000007daa00000|100%| E|CS|TAMS 0x00000007da900000, 0x00000007da900000| Complete 
|1450|0x00000007daa00000, 0x00000007dab00000, 0x00000007dab00000|100%| E|CS|TAMS 0x00000007daa00000, 0x00000007daa00000| Complete 
|1451|0x00000007dab00000, 0x00000007dac00000, 0x00000007dac00000|100%| E|CS|TAMS 0x00000007dab00000, 0x00000007dab00000| Complete 
|1452|0x00000007dac00000, 0x00000007dad00000, 0x00000007dad00000|100%| E|CS|TAMS 0x00000007dac00000, 0x00000007dac00000| Complete 
|1453|0x00000007dad00000, 0x00000007dae00000, 0x00000007dae00000|100%| E|CS|TAMS 0x00000007dad00000, 0x00000007dad00000| Complete 
|1454|0x00000007dae00000, 0x00000007daf00000, 0x00000007daf00000|100%| E|CS|TAMS 0x00000007dae00000, 0x00000007dae00000| Complete 
|1455|0x00000007daf00000, 0x00000007db000000, 0x00000007db000000|100%| E|CS|TAMS 0x00000007daf00000, 0x00000007daf00000| Complete 
|1456|0x00000007db000000, 0x00000007db100000, 0x00000007db100000|100%| E|CS|TAMS 0x00000007db000000, 0x00000007db000000| Complete 
|1457|0x00000007db100000, 0x00000007db200000, 0x00000007db200000|100%| E|CS|TAMS 0x00000007db100000, 0x00000007db100000| Complete 
|1458|0x00000007db200000, 0x00000007db300000, 0x00000007db300000|100%| E|CS|TAMS 0x00000007db200000, 0x00000007db200000| Complete 
|1459|0x00000007db300000, 0x00000007db400000, 0x00000007db400000|100%| E|CS|TAMS 0x00000007db300000, 0x00000007db300000| Complete 
|1460|0x00000007db400000, 0x00000007db500000, 0x00000007db500000|100%| E|CS|TAMS 0x00000007db400000, 0x00000007db400000| Complete 
|1461|0x00000007db500000, 0x00000007db600000, 0x00000007db600000|100%| E|CS|TAMS 0x00000007db500000, 0x00000007db500000| Complete 
|1462|0x00000007db600000, 0x00000007db700000, 0x00000007db700000|100%| E|CS|TAMS 0x00000007db600000, 0x00000007db600000| Complete 
|1463|0x00000007db700000, 0x00000007db800000, 0x00000007db800000|100%| E|CS|TAMS 0x00000007db700000, 0x00000007db700000| Complete 
|1464|0x00000007db800000, 0x00000007db900000, 0x00000007db900000|100%| E|CS|TAMS 0x00000007db800000, 0x00000007db800000| Complete 
|1465|0x00000007db900000, 0x00000007dba00000, 0x00000007dba00000|100%| E|CS|TAMS 0x00000007db900000, 0x00000007db900000| Complete 
|1466|0x00000007dba00000, 0x00000007dbb00000, 0x00000007dbb00000|100%| E|CS|TAMS 0x00000007dba00000, 0x00000007dba00000| Complete 
|1467|0x00000007dbb00000, 0x00000007dbc00000, 0x00000007dbc00000|100%| E|CS|TAMS 0x00000007dbb00000, 0x00000007dbb00000| Complete 
|1468|0x00000007dbc00000, 0x00000007dbd00000, 0x00000007dbd00000|100%| E|CS|TAMS 0x00000007dbc00000, 0x00000007dbc00000| Complete 
|1469|0x00000007dbd00000, 0x00000007dbe00000, 0x00000007dbe00000|100%| E|CS|TAMS 0x00000007dbd00000, 0x00000007dbd00000| Complete 
|1470|0x00000007dbe00000, 0x00000007dbf00000, 0x00000007dbf00000|100%| E|CS|TAMS 0x00000007dbe00000, 0x00000007dbe00000| Complete 
|1471|0x00000007dbf00000, 0x00000007dc000000, 0x00000007dc000000|100%| E|CS|TAMS 0x00000007dbf00000, 0x00000007dbf00000| Complete 
|1472|0x00000007dc000000, 0x00000007dc100000, 0x00000007dc100000|100%| E|CS|TAMS 0x00000007dc000000, 0x00000007dc000000| Complete 
|1473|0x00000007dc100000, 0x00000007dc200000, 0x00000007dc200000|100%| E|CS|TAMS 0x00000007dc100000, 0x00000007dc100000| Complete 
|1474|0x00000007dc200000, 0x00000007dc300000, 0x00000007dc300000|100%| E|CS|TAMS 0x00000007dc200000, 0x00000007dc200000| Complete 
|1475|0x00000007dc300000, 0x00000007dc400000, 0x00000007dc400000|100%| E|CS|TAMS 0x00000007dc300000, 0x00000007dc300000| Complete 
|1476|0x00000007dc400000, 0x00000007dc500000, 0x00000007dc500000|100%| E|CS|TAMS 0x00000007dc400000, 0x00000007dc400000| Complete 
|1477|0x00000007dc500000, 0x00000007dc600000, 0x00000007dc600000|100%| E|CS|TAMS 0x00000007dc500000, 0x00000007dc500000| Complete 
|1478|0x00000007dc600000, 0x00000007dc700000, 0x00000007dc700000|100%| E|CS|TAMS 0x00000007dc600000, 0x00000007dc600000| Complete 
|1479|0x00000007dc700000, 0x00000007dc800000, 0x00000007dc800000|100%| E|CS|TAMS 0x00000007dc700000, 0x00000007dc700000| Complete 
|1480|0x00000007dc800000, 0x00000007dc900000, 0x00000007dc900000|100%| E|CS|TAMS 0x00000007dc800000, 0x00000007dc800000| Complete 
|1481|0x00000007dc900000, 0x00000007dca00000, 0x00000007dca00000|100%| E|CS|TAMS 0x00000007dc900000, 0x00000007dc900000| Complete 
|1482|0x00000007dca00000, 0x00000007dcb00000, 0x00000007dcb00000|100%| E|CS|TAMS 0x00000007dca00000, 0x00000007dca00000| Complete 
|1483|0x00000007dcb00000, 0x00000007dcc00000, 0x00000007dcc00000|100%| E|CS|TAMS 0x00000007dcb00000, 0x00000007dcb00000| Complete 
|1484|0x00000007dcc00000, 0x00000007dcd00000, 0x00000007dcd00000|100%| E|CS|TAMS 0x00000007dcc00000, 0x00000007dcc00000| Complete 
|1485|0x00000007dcd00000, 0x00000007dce00000, 0x00000007dce00000|100%| E|CS|TAMS 0x00000007dcd00000, 0x00000007dcd00000| Complete 
|1486|0x00000007dce00000, 0x00000007dcf00000, 0x00000007dcf00000|100%| E|CS|TAMS 0x00000007dce00000, 0x00000007dce00000| Complete 
|1487|0x00000007dcf00000, 0x00000007dd000000, 0x00000007dd000000|100%| E|CS|TAMS 0x00000007dcf00000, 0x00000007dcf00000| Complete 
|1488|0x00000007dd000000, 0x00000007dd100000, 0x00000007dd100000|100%| E|CS|TAMS 0x00000007dd000000, 0x00000007dd000000| Complete 
|1489|0x00000007dd100000, 0x00000007dd200000, 0x00000007dd200000|100%| E|CS|TAMS 0x00000007dd100000, 0x00000007dd100000| Complete 
|1490|0x00000007dd200000, 0x00000007dd300000, 0x00000007dd300000|100%| E|CS|TAMS 0x00000007dd200000, 0x00000007dd200000| Complete 
|1491|0x00000007dd300000, 0x00000007dd400000, 0x00000007dd400000|100%| E|CS|TAMS 0x00000007dd300000, 0x00000007dd300000| Complete 
|1492|0x00000007dd400000, 0x00000007dd500000, 0x00000007dd500000|100%| E|CS|TAMS 0x00000007dd400000, 0x00000007dd400000| Complete 
|1493|0x00000007dd500000, 0x00000007dd600000, 0x00000007dd600000|100%| E|CS|TAMS 0x00000007dd500000, 0x00000007dd500000| Complete 
|1494|0x00000007dd600000, 0x00000007dd700000, 0x00000007dd700000|100%| E|CS|TAMS 0x00000007dd600000, 0x00000007dd600000| Complete 
|1495|0x00000007dd700000, 0x00000007dd800000, 0x00000007dd800000|100%| E|CS|TAMS 0x00000007dd700000, 0x00000007dd700000| Complete 
|1496|0x00000007dd800000, 0x00000007dd900000, 0x00000007dd900000|100%| E|CS|TAMS 0x00000007dd800000, 0x00000007dd800000| Complete 
|1497|0x00000007dd900000, 0x00000007dda00000, 0x00000007dda00000|100%| E|CS|TAMS 0x00000007dd900000, 0x00000007dd900000| Complete 
|1498|0x00000007dda00000, 0x00000007ddb00000, 0x00000007ddb00000|100%| E|CS|TAMS 0x00000007dda00000, 0x00000007dda00000| Complete 
|1499|0x00000007ddb00000, 0x00000007ddc00000, 0x00000007ddc00000|100%| E|CS|TAMS 0x00000007ddb00000, 0x00000007ddb00000| Complete 
|1500|0x00000007ddc00000, 0x00000007ddd00000, 0x00000007ddd00000|100%| E|CS|TAMS 0x00000007ddc00000, 0x00000007ddc00000| Complete 
|1501|0x00000007ddd00000, 0x00000007dde00000, 0x00000007dde00000|100%| E|CS|TAMS 0x00000007ddd00000, 0x00000007ddd00000| Complete 
|1502|0x00000007dde00000, 0x00000007ddf00000, 0x00000007ddf00000|100%| E|CS|TAMS 0x00000007dde00000, 0x00000007dde00000| Complete 
|1503|0x00000007ddf00000, 0x00000007de000000, 0x00000007de000000|100%| E|CS|TAMS 0x00000007ddf00000, 0x00000007ddf00000| Complete 
|1504|0x00000007de000000, 0x00000007de100000, 0x00000007de100000|100%| E|CS|TAMS 0x00000007de000000, 0x00000007de000000| Complete 
|1505|0x00000007de100000, 0x00000007de200000, 0x00000007de200000|100%| E|CS|TAMS 0x00000007de100000, 0x00000007de100000| Complete 
|1506|0x00000007de200000, 0x00000007de300000, 0x00000007de300000|100%| E|CS|TAMS 0x00000007de200000, 0x00000007de200000| Complete 
|1507|0x00000007de300000, 0x00000007de400000, 0x00000007de400000|100%| E|CS|TAMS 0x00000007de300000, 0x00000007de300000| Complete 
|1508|0x00000007de400000, 0x00000007de500000, 0x00000007de500000|100%| E|CS|TAMS 0x00000007de400000, 0x00000007de400000| Complete 
|1509|0x00000007de500000, 0x00000007de600000, 0x00000007de600000|100%| E|CS|TAMS 0x00000007de500000, 0x00000007de500000| Complete 
|1510|0x00000007de600000, 0x00000007de700000, 0x00000007de700000|100%| E|CS|TAMS 0x00000007de600000, 0x00000007de600000| Complete 
|1511|0x00000007de700000, 0x00000007de800000, 0x00000007de800000|100%| E|CS|TAMS 0x00000007de700000, 0x00000007de700000| Complete 
|1512|0x00000007de800000, 0x00000007de900000, 0x00000007de900000|100%| E|CS|TAMS 0x00000007de800000, 0x00000007de800000| Complete 
|1513|0x00000007de900000, 0x00000007dea00000, 0x00000007dea00000|100%| E|CS|TAMS 0x00000007de900000, 0x00000007de900000| Complete 
|1514|0x00000007dea00000, 0x00000007deb00000, 0x00000007deb00000|100%| E|CS|TAMS 0x00000007dea00000, 0x00000007dea00000| Complete 
|1515|0x00000007deb00000, 0x00000007dec00000, 0x00000007dec00000|100%| E|CS|TAMS 0x00000007deb00000, 0x00000007deb00000| Complete 
|1516|0x00000007dec00000, 0x00000007ded00000, 0x00000007ded00000|100%| E|CS|TAMS 0x00000007dec00000, 0x00000007dec00000| Complete 
|1517|0x00000007ded00000, 0x00000007dee00000, 0x00000007dee00000|100%| E|CS|TAMS 0x00000007ded00000, 0x00000007ded00000| Complete 
|1518|0x00000007dee00000, 0x00000007def00000, 0x00000007def00000|100%| E|CS|TAMS 0x00000007dee00000, 0x00000007dee00000| Complete 
|1519|0x00000007def00000, 0x00000007df000000, 0x00000007df000000|100%| E|CS|TAMS 0x00000007def00000, 0x00000007def00000| Complete 
|1520|0x00000007df000000, 0x00000007df100000, 0x00000007df100000|100%| E|CS|TAMS 0x00000007df000000, 0x00000007df000000| Complete 
|1521|0x00000007df100000, 0x00000007df200000, 0x00000007df200000|100%| E|CS|TAMS 0x00000007df100000, 0x00000007df100000| Complete 
|1522|0x00000007df200000, 0x00000007df300000, 0x00000007df300000|100%| E|CS|TAMS 0x00000007df200000, 0x00000007df200000| Complete 
|1523|0x00000007df300000, 0x00000007df400000, 0x00000007df400000|100%| E|CS|TAMS 0x00000007df300000, 0x00000007df300000| Complete 
|1524|0x00000007df400000, 0x00000007df500000, 0x00000007df500000|100%| E|CS|TAMS 0x00000007df400000, 0x00000007df400000| Complete 
|1525|0x00000007df500000, 0x00000007df600000, 0x00000007df600000|100%| E|CS|TAMS 0x00000007df500000, 0x00000007df500000| Complete 
|1526|0x00000007df600000, 0x00000007df700000, 0x00000007df700000|100%| E|CS|TAMS 0x00000007df600000, 0x00000007df600000| Complete 
|1527|0x00000007df700000, 0x00000007df800000, 0x00000007df800000|100%| E|CS|TAMS 0x00000007df700000, 0x00000007df700000| Complete 
|1528|0x00000007df800000, 0x00000007df900000, 0x00000007df900000|100%| E|CS|TAMS 0x00000007df800000, 0x00000007df800000| Complete 
|1529|0x00000007df900000, 0x00000007dfa00000, 0x00000007dfa00000|100%| E|CS|TAMS 0x00000007df900000, 0x00000007df900000| Complete 
|1530|0x00000007dfa00000, 0x00000007dfb00000, 0x00000007dfb00000|100%| E|CS|TAMS 0x00000007dfa00000, 0x00000007dfa00000| Complete 
|1531|0x00000007dfb00000, 0x00000007dfc00000, 0x00000007dfc00000|100%| E|CS|TAMS 0x00000007dfb00000, 0x00000007dfb00000| Complete 
|1532|0x00000007dfc00000, 0x00000007dfd00000, 0x00000007dfd00000|100%| E|CS|TAMS 0x00000007dfc00000, 0x00000007dfc00000| Complete 
|1533|0x00000007dfd00000, 0x00000007dfe00000, 0x00000007dfe00000|100%| E|CS|TAMS 0x00000007dfd00000, 0x00000007dfd00000| Complete 
|1534|0x00000007dfe00000, 0x00000007dff00000, 0x00000007dff00000|100%| E|CS|TAMS 0x00000007dfe00000, 0x00000007dfe00000| Complete 
|1535|0x00000007dff00000, 0x00000007e0000000, 0x00000007e0000000|100%| E|CS|TAMS 0x00000007dff00000, 0x00000007dff00000| Complete 
|1536|0x00000007e0000000, 0x00000007e0100000, 0x00000007e0100000|100%| E|CS|TAMS 0x00000007e0000000, 0x00000007e0000000| Complete 
|1537|0x00000007e0100000, 0x00000007e0200000, 0x00000007e0200000|100%| E|CS|TAMS 0x00000007e0100000, 0x00000007e0100000| Complete 
|1538|0x00000007e0200000, 0x00000007e0300000, 0x00000007e0300000|100%| E|CS|TAMS 0x00000007e0200000, 0x00000007e0200000| Complete 
|1539|0x00000007e0300000, 0x00000007e0400000, 0x00000007e0400000|100%| E|CS|TAMS 0x00000007e0300000, 0x00000007e0300000| Complete 
|1540|0x00000007e0400000, 0x00000007e0500000, 0x00000007e0500000|100%| E|CS|TAMS 0x00000007e0400000, 0x00000007e0400000| Complete 
|1541|0x00000007e0500000, 0x00000007e0600000, 0x00000007e0600000|100%| E|CS|TAMS 0x00000007e0500000, 0x00000007e0500000| Complete 
|1542|0x00000007e0600000, 0x00000007e0700000, 0x00000007e0700000|100%| E|CS|TAMS 0x00000007e0600000, 0x00000007e0600000| Complete 
|1543|0x00000007e0700000, 0x00000007e0800000, 0x00000007e0800000|100%| E|CS|TAMS 0x00000007e0700000, 0x00000007e0700000| Complete 
|1544|0x00000007e0800000, 0x00000007e0900000, 0x00000007e0900000|100%| E|CS|TAMS 0x00000007e0800000, 0x00000007e0800000| Complete 
|1545|0x00000007e0900000, 0x00000007e0a00000, 0x00000007e0a00000|100%| E|CS|TAMS 0x00000007e0900000, 0x00000007e0900000| Complete 
|1546|0x00000007e0a00000, 0x00000007e0b00000, 0x00000007e0b00000|100%| E|CS|TAMS 0x00000007e0a00000, 0x00000007e0a00000| Complete 
|1547|0x00000007e0b00000, 0x00000007e0c00000, 0x00000007e0c00000|100%| E|CS|TAMS 0x00000007e0b00000, 0x00000007e0b00000| Complete 
|1548|0x00000007e0c00000, 0x00000007e0d00000, 0x00000007e0d00000|100%| E|CS|TAMS 0x00000007e0c00000, 0x00000007e0c00000| Complete 
|1549|0x00000007e0d00000, 0x00000007e0e00000, 0x00000007e0e00000|100%| E|CS|TAMS 0x00000007e0d00000, 0x00000007e0d00000| Complete 
|1550|0x00000007e0e00000, 0x00000007e0f00000, 0x00000007e0f00000|100%| E|CS|TAMS 0x00000007e0e00000, 0x00000007e0e00000| Complete 
|1551|0x00000007e0f00000, 0x00000007e1000000, 0x00000007e1000000|100%| E|CS|TAMS 0x00000007e0f00000, 0x00000007e0f00000| Complete 
|1552|0x00000007e1000000, 0x00000007e1100000, 0x00000007e1100000|100%| E|CS|TAMS 0x00000007e1000000, 0x00000007e1000000| Complete 
|1553|0x00000007e1100000, 0x00000007e1200000, 0x00000007e1200000|100%| E|CS|TAMS 0x00000007e1100000, 0x00000007e1100000| Complete 
|1554|0x00000007e1200000, 0x00000007e1300000, 0x00000007e1300000|100%| E|CS|TAMS 0x00000007e1200000, 0x00000007e1200000| Complete 
|1555|0x00000007e1300000, 0x00000007e1400000, 0x00000007e1400000|100%| E|CS|TAMS 0x00000007e1300000, 0x00000007e1300000| Complete 
|1556|0x00000007e1400000, 0x00000007e1500000, 0x00000007e1500000|100%| E|CS|TAMS 0x00000007e1400000, 0x00000007e1400000| Complete 
|1557|0x00000007e1500000, 0x00000007e1600000, 0x00000007e1600000|100%| E|CS|TAMS 0x00000007e1500000, 0x00000007e1500000| Complete 
|1558|0x00000007e1600000, 0x00000007e1700000, 0x00000007e1700000|100%| E|CS|TAMS 0x00000007e1600000, 0x00000007e1600000| Complete 
|1559|0x00000007e1700000, 0x00000007e1800000, 0x00000007e1800000|100%| E|CS|TAMS 0x00000007e1700000, 0x00000007e1700000| Complete 
|1560|0x00000007e1800000, 0x00000007e1900000, 0x00000007e1900000|100%| E|CS|TAMS 0x00000007e1800000, 0x00000007e1800000| Complete 
|1561|0x00000007e1900000, 0x00000007e1a00000, 0x00000007e1a00000|100%| E|CS|TAMS 0x00000007e1900000, 0x00000007e1900000| Complete 
|1562|0x00000007e1a00000, 0x00000007e1b00000, 0x00000007e1b00000|100%| E|CS|TAMS 0x00000007e1a00000, 0x00000007e1a00000| Complete 
|1563|0x00000007e1b00000, 0x00000007e1c00000, 0x00000007e1c00000|100%| E|CS|TAMS 0x00000007e1b00000, 0x00000007e1b00000| Complete 
|1564|0x00000007e1c00000, 0x00000007e1d00000, 0x00000007e1d00000|100%| E|CS|TAMS 0x00000007e1c00000, 0x00000007e1c00000| Complete 
|1565|0x00000007e1d00000, 0x00000007e1e00000, 0x00000007e1e00000|100%| E|CS|TAMS 0x00000007e1d00000, 0x00000007e1d00000| Complete 
|1566|0x00000007e1e00000, 0x00000007e1f00000, 0x00000007e1f00000|100%| E|CS|TAMS 0x00000007e1e00000, 0x00000007e1e00000| Complete 
|1567|0x00000007e1f00000, 0x00000007e2000000, 0x00000007e2000000|100%| E|CS|TAMS 0x00000007e1f00000, 0x00000007e1f00000| Complete 
|1568|0x00000007e2000000, 0x00000007e2100000, 0x00000007e2100000|100%| E|CS|TAMS 0x00000007e2000000, 0x00000007e2000000| Complete 
|1569|0x00000007e2100000, 0x00000007e2200000, 0x00000007e2200000|100%| E|CS|TAMS 0x00000007e2100000, 0x00000007e2100000| Complete 
|1570|0x00000007e2200000, 0x00000007e2300000, 0x00000007e2300000|100%| E|CS|TAMS 0x00000007e2200000, 0x00000007e2200000| Complete 
|1571|0x00000007e2300000, 0x00000007e2400000, 0x00000007e2400000|100%| E|CS|TAMS 0x00000007e2300000, 0x00000007e2300000| Complete 
|1572|0x00000007e2400000, 0x00000007e2500000, 0x00000007e2500000|100%| E|CS|TAMS 0x00000007e2400000, 0x00000007e2400000| Complete 
|1573|0x00000007e2500000, 0x00000007e2600000, 0x00000007e2600000|100%| E|CS|TAMS 0x00000007e2500000, 0x00000007e2500000| Complete 
|1574|0x00000007e2600000, 0x00000007e2700000, 0x00000007e2700000|100%| E|CS|TAMS 0x00000007e2600000, 0x00000007e2600000| Complete 
|1575|0x00000007e2700000, 0x00000007e2800000, 0x00000007e2800000|100%| E|CS|TAMS 0x00000007e2700000, 0x00000007e2700000| Complete 
|1576|0x00000007e2800000, 0x00000007e2900000, 0x00000007e2900000|100%| E|CS|TAMS 0x00000007e2800000, 0x00000007e2800000| Complete 
|1577|0x00000007e2900000, 0x00000007e2a00000, 0x00000007e2a00000|100%| E|CS|TAMS 0x00000007e2900000, 0x00000007e2900000| Complete 
|1578|0x00000007e2a00000, 0x00000007e2b00000, 0x00000007e2b00000|100%| E|CS|TAMS 0x00000007e2a00000, 0x00000007e2a00000| Complete 
|1579|0x00000007e2b00000, 0x00000007e2c00000, 0x00000007e2c00000|100%| E|CS|TAMS 0x00000007e2b00000, 0x00000007e2b00000| Complete 
|1580|0x00000007e2c00000, 0x00000007e2d00000, 0x00000007e2d00000|100%| E|CS|TAMS 0x00000007e2c00000, 0x00000007e2c00000| Complete 
|1581|0x00000007e2d00000, 0x00000007e2e00000, 0x00000007e2e00000|100%| E|CS|TAMS 0x00000007e2d00000, 0x00000007e2d00000| Complete 
|1582|0x00000007e2e00000, 0x00000007e2f00000, 0x00000007e2f00000|100%| E|CS|TAMS 0x00000007e2e00000, 0x00000007e2e00000| Complete 
|1583|0x00000007e2f00000, 0x00000007e3000000, 0x00000007e3000000|100%| E|CS|TAMS 0x00000007e2f00000, 0x00000007e2f00000| Complete 
|1584|0x00000007e3000000, 0x00000007e3100000, 0x00000007e3100000|100%| E|CS|TAMS 0x00000007e3000000, 0x00000007e3000000| Complete 
|1585|0x00000007e3100000, 0x00000007e3200000, 0x00000007e3200000|100%| E|CS|TAMS 0x00000007e3100000, 0x00000007e3100000| Complete 
|1586|0x00000007e3200000, 0x00000007e3300000, 0x00000007e3300000|100%| E|CS|TAMS 0x00000007e3200000, 0x00000007e3200000| Complete 
|1587|0x00000007e3300000, 0x00000007e3400000, 0x00000007e3400000|100%| E|CS|TAMS 0x00000007e3300000, 0x00000007e3300000| Complete 
|1588|0x00000007e3400000, 0x00000007e3500000, 0x00000007e3500000|100%| E|CS|TAMS 0x00000007e3400000, 0x00000007e3400000| Complete 
|1589|0x00000007e3500000, 0x00000007e3600000, 0x00000007e3600000|100%| E|CS|TAMS 0x00000007e3500000, 0x00000007e3500000| Complete 
|1590|0x00000007e3600000, 0x00000007e3700000, 0x00000007e3700000|100%| E|CS|TAMS 0x00000007e3600000, 0x00000007e3600000| Complete 
|1591|0x00000007e3700000, 0x00000007e3800000, 0x00000007e3800000|100%| E|CS|TAMS 0x00000007e3700000, 0x00000007e3700000| Complete 
|1592|0x00000007e3800000, 0x00000007e3900000, 0x00000007e3900000|100%| E|CS|TAMS 0x00000007e3800000, 0x00000007e3800000| Complete 
|1593|0x00000007e3900000, 0x00000007e3a00000, 0x00000007e3a00000|100%| E|CS|TAMS 0x00000007e3900000, 0x00000007e3900000| Complete 
|1594|0x00000007e3a00000, 0x00000007e3b00000, 0x00000007e3b00000|100%| E|CS|TAMS 0x00000007e3a00000, 0x00000007e3a00000| Complete 
|1595|0x00000007e3b00000, 0x00000007e3c00000, 0x00000007e3c00000|100%| E|CS|TAMS 0x00000007e3b00000, 0x00000007e3b00000| Complete 
|1596|0x00000007e3c00000, 0x00000007e3d00000, 0x00000007e3d00000|100%| E|CS|TAMS 0x00000007e3c00000, 0x00000007e3c00000| Complete 
|1597|0x00000007e3d00000, 0x00000007e3e00000, 0x00000007e3e00000|100%| E|CS|TAMS 0x00000007e3d00000, 0x00000007e3d00000| Complete 
|1598|0x00000007e3e00000, 0x00000007e3f00000, 0x00000007e3f00000|100%| E|CS|TAMS 0x00000007e3e00000, 0x00000007e3e00000| Complete 
|1599|0x00000007e3f00000, 0x00000007e4000000, 0x00000007e4000000|100%| E|CS|TAMS 0x00000007e3f00000, 0x00000007e3f00000| Complete 
|1600|0x00000007e4000000, 0x00000007e4100000, 0x00000007e4100000|100%| E|CS|TAMS 0x00000007e4000000, 0x00000007e4000000| Complete 
|1601|0x00000007e4100000, 0x00000007e4200000, 0x00000007e4200000|100%| E|CS|TAMS 0x00000007e4100000, 0x00000007e4100000| Complete 
|1602|0x00000007e4200000, 0x00000007e4300000, 0x00000007e4300000|100%| E|CS|TAMS 0x00000007e4200000, 0x00000007e4200000| Complete 
|1603|0x00000007e4300000, 0x00000007e4400000, 0x00000007e4400000|100%| E|CS|TAMS 0x00000007e4300000, 0x00000007e4300000| Complete 
|1604|0x00000007e4400000, 0x00000007e4500000, 0x00000007e4500000|100%| E|CS|TAMS 0x00000007e4400000, 0x00000007e4400000| Complete 
|1605|0x00000007e4500000, 0x00000007e4600000, 0x00000007e4600000|100%| E|CS|TAMS 0x00000007e4500000, 0x00000007e4500000| Complete 
|1606|0x00000007e4600000, 0x00000007e4700000, 0x00000007e4700000|100%| E|CS|TAMS 0x00000007e4600000, 0x00000007e4600000| Complete 
|1607|0x00000007e4700000, 0x00000007e4800000, 0x00000007e4800000|100%| E|CS|TAMS 0x00000007e4700000, 0x00000007e4700000| Complete 
|1608|0x00000007e4800000, 0x00000007e4900000, 0x00000007e4900000|100%| E|CS|TAMS 0x00000007e4800000, 0x00000007e4800000| Complete 
|1609|0x00000007e4900000, 0x00000007e4a00000, 0x00000007e4a00000|100%| E|CS|TAMS 0x00000007e4900000, 0x00000007e4900000| Complete 
|1610|0x00000007e4a00000, 0x00000007e4b00000, 0x00000007e4b00000|100%| E|CS|TAMS 0x00000007e4a00000, 0x00000007e4a00000| Complete 
|1611|0x00000007e4b00000, 0x00000007e4c00000, 0x00000007e4c00000|100%| E|CS|TAMS 0x00000007e4b00000, 0x00000007e4b00000| Complete 
|1612|0x00000007e4c00000, 0x00000007e4d00000, 0x00000007e4d00000|100%| E|CS|TAMS 0x00000007e4c00000, 0x00000007e4c00000| Complete 
|1613|0x00000007e4d00000, 0x00000007e4e00000, 0x00000007e4e00000|100%| E|CS|TAMS 0x00000007e4d00000, 0x00000007e4d00000| Complete 
|1614|0x00000007e4e00000, 0x00000007e4f00000, 0x00000007e4f00000|100%| E|CS|TAMS 0x00000007e4e00000, 0x00000007e4e00000| Complete 
|1615|0x00000007e4f00000, 0x00000007e5000000, 0x00000007e5000000|100%| E|CS|TAMS 0x00000007e4f00000, 0x00000007e4f00000| Complete 
|1616|0x00000007e5000000, 0x00000007e5100000, 0x00000007e5100000|100%| E|CS|TAMS 0x00000007e5000000, 0x00000007e5000000| Complete 
|1617|0x00000007e5100000, 0x00000007e5200000, 0x00000007e5200000|100%| E|CS|TAMS 0x00000007e5100000, 0x00000007e5100000| Complete 
|1618|0x00000007e5200000, 0x00000007e5300000, 0x00000007e5300000|100%| E|CS|TAMS 0x00000007e5200000, 0x00000007e5200000| Complete 
|1619|0x00000007e5300000, 0x00000007e5400000, 0x00000007e5400000|100%| E|CS|TAMS 0x00000007e5300000, 0x00000007e5300000| Complete 
|1620|0x00000007e5400000, 0x00000007e5500000, 0x00000007e5500000|100%| E|CS|TAMS 0x00000007e5400000, 0x00000007e5400000| Complete 
|1621|0x00000007e5500000, 0x00000007e5600000, 0x00000007e5600000|100%| E|CS|TAMS 0x00000007e5500000, 0x00000007e5500000| Complete 
|1622|0x00000007e5600000, 0x00000007e5700000, 0x00000007e5700000|100%| E|CS|TAMS 0x00000007e5600000, 0x00000007e5600000| Complete 
|1623|0x00000007e5700000, 0x00000007e5800000, 0x00000007e5800000|100%| E|CS|TAMS 0x00000007e5700000, 0x00000007e5700000| Complete 
|1624|0x00000007e5800000, 0x00000007e5900000, 0x00000007e5900000|100%| E|CS|TAMS 0x00000007e5800000, 0x00000007e5800000| Complete 
|1625|0x00000007e5900000, 0x00000007e5a00000, 0x00000007e5a00000|100%| E|CS|TAMS 0x00000007e5900000, 0x00000007e5900000| Complete 
|1626|0x00000007e5a00000, 0x00000007e5b00000, 0x00000007e5b00000|100%| E|CS|TAMS 0x00000007e5a00000, 0x00000007e5a00000| Complete 
|1627|0x00000007e5b00000, 0x00000007e5c00000, 0x00000007e5c00000|100%| E|CS|TAMS 0x00000007e5b00000, 0x00000007e5b00000| Complete 
|1628|0x00000007e5c00000, 0x00000007e5d00000, 0x00000007e5d00000|100%| E|CS|TAMS 0x00000007e5c00000, 0x00000007e5c00000| Complete 
|1629|0x00000007e5d00000, 0x00000007e5e00000, 0x00000007e5e00000|100%| E|CS|TAMS 0x00000007e5d00000, 0x00000007e5d00000| Complete 
|1630|0x00000007e5e00000, 0x00000007e5f00000, 0x00000007e5f00000|100%| E|CS|TAMS 0x00000007e5e00000, 0x00000007e5e00000| Complete 
|1631|0x00000007e5f00000, 0x00000007e6000000, 0x00000007e6000000|100%| E|CS|TAMS 0x00000007e5f00000, 0x00000007e5f00000| Complete 
|1632|0x00000007e6000000, 0x00000007e6100000, 0x00000007e6100000|100%| E|CS|TAMS 0x00000007e6000000, 0x00000007e6000000| Complete 
|1633|0x00000007e6100000, 0x00000007e6200000, 0x00000007e6200000|100%| E|CS|TAMS 0x00000007e6100000, 0x00000007e6100000| Complete 
|1634|0x00000007e6200000, 0x00000007e6300000, 0x00000007e6300000|100%| E|CS|TAMS 0x00000007e6200000, 0x00000007e6200000| Complete 
|1635|0x00000007e6300000, 0x00000007e6400000, 0x00000007e6400000|100%| E|CS|TAMS 0x00000007e6300000, 0x00000007e6300000| Complete 
|1636|0x00000007e6400000, 0x00000007e6500000, 0x00000007e6500000|100%| E|CS|TAMS 0x00000007e6400000, 0x00000007e6400000| Complete 
|1637|0x00000007e6500000, 0x00000007e6600000, 0x00000007e6600000|100%| E|CS|TAMS 0x00000007e6500000, 0x00000007e6500000| Complete 
|1638|0x00000007e6600000, 0x00000007e6700000, 0x00000007e6700000|100%| E|CS|TAMS 0x00000007e6600000, 0x00000007e6600000| Complete 
|1639|0x00000007e6700000, 0x00000007e6800000, 0x00000007e6800000|100%| E|CS|TAMS 0x00000007e6700000, 0x00000007e6700000| Complete 
|1640|0x00000007e6800000, 0x00000007e6900000, 0x00000007e6900000|100%| E|CS|TAMS 0x00000007e6800000, 0x00000007e6800000| Complete 
|1641|0x00000007e6900000, 0x00000007e6a00000, 0x00000007e6a00000|100%| E|CS|TAMS 0x00000007e6900000, 0x00000007e6900000| Complete 
|1642|0x00000007e6a00000, 0x00000007e6b00000, 0x00000007e6b00000|100%| E|CS|TAMS 0x00000007e6a00000, 0x00000007e6a00000| Complete 
|1643|0x00000007e6b00000, 0x00000007e6c00000, 0x00000007e6c00000|100%| E|CS|TAMS 0x00000007e6b00000, 0x00000007e6b00000| Complete 
|1644|0x00000007e6c00000, 0x00000007e6d00000, 0x00000007e6d00000|100%| E|CS|TAMS 0x00000007e6c00000, 0x00000007e6c00000| Complete 
|1645|0x00000007e6d00000, 0x00000007e6e00000, 0x00000007e6e00000|100%| E|CS|TAMS 0x00000007e6d00000, 0x00000007e6d00000| Complete 
|1646|0x00000007e6e00000, 0x00000007e6f00000, 0x00000007e6f00000|100%| E|CS|TAMS 0x00000007e6e00000, 0x00000007e6e00000| Complete 
|1647|0x00000007e6f00000, 0x00000007e7000000, 0x00000007e7000000|100%| E|CS|TAMS 0x00000007e6f00000, 0x00000007e6f00000| Complete 
|1648|0x00000007e7000000, 0x00000007e7100000, 0x00000007e7100000|100%| E|CS|TAMS 0x00000007e7000000, 0x00000007e7000000| Complete 
|1649|0x00000007e7100000, 0x00000007e7200000, 0x00000007e7200000|100%| E|CS|TAMS 0x00000007e7100000, 0x00000007e7100000| Complete 
|1650|0x00000007e7200000, 0x00000007e7300000, 0x00000007e7300000|100%| E|CS|TAMS 0x00000007e7200000, 0x00000007e7200000| Complete 
|1651|0x00000007e7300000, 0x00000007e7400000, 0x00000007e7400000|100%| E|CS|TAMS 0x00000007e7300000, 0x00000007e7300000| Complete 
|1652|0x00000007e7400000, 0x00000007e7500000, 0x00000007e7500000|100%| E|CS|TAMS 0x00000007e7400000, 0x00000007e7400000| Complete 
|1653|0x00000007e7500000, 0x00000007e7600000, 0x00000007e7600000|100%| E|CS|TAMS 0x00000007e7500000, 0x00000007e7500000| Complete 
|1654|0x00000007e7600000, 0x00000007e7700000, 0x00000007e7700000|100%| E|CS|TAMS 0x00000007e7600000, 0x00000007e7600000| Complete 
|1655|0x00000007e7700000, 0x00000007e7800000, 0x00000007e7800000|100%| E|CS|TAMS 0x00000007e7700000, 0x00000007e7700000| Complete 
|1656|0x00000007e7800000, 0x00000007e7900000, 0x00000007e7900000|100%| E|CS|TAMS 0x00000007e7800000, 0x00000007e7800000| Complete 
|1657|0x00000007e7900000, 0x00000007e7a00000, 0x00000007e7a00000|100%| E|CS|TAMS 0x00000007e7900000, 0x00000007e7900000| Complete 
|1658|0x00000007e7a00000, 0x00000007e7b00000, 0x00000007e7b00000|100%| E|CS|TAMS 0x00000007e7a00000, 0x00000007e7a00000| Complete 
|1659|0x00000007e7b00000, 0x00000007e7c00000, 0x00000007e7c00000|100%| E|CS|TAMS 0x00000007e7b00000, 0x00000007e7b00000| Complete 
|1660|0x00000007e7c00000, 0x00000007e7d00000, 0x00000007e7d00000|100%| E|CS|TAMS 0x00000007e7c00000, 0x00000007e7c00000| Complete 
|1661|0x00000007e7d00000, 0x00000007e7e00000, 0x00000007e7e00000|100%| E|CS|TAMS 0x00000007e7d00000, 0x00000007e7d00000| Complete 
|1662|0x00000007e7e00000, 0x00000007e7f00000, 0x00000007e7f00000|100%| E|CS|TAMS 0x00000007e7e00000, 0x00000007e7e00000| Complete 
|1663|0x00000007e7f00000, 0x00000007e8000000, 0x00000007e8000000|100%| E|CS|TAMS 0x00000007e7f00000, 0x00000007e7f00000| Complete 
|1664|0x00000007e8000000, 0x00000007e8100000, 0x00000007e8100000|100%| E|CS|TAMS 0x00000007e8000000, 0x00000007e8000000| Complete 
|1665|0x00000007e8100000, 0x00000007e8200000, 0x00000007e8200000|100%| E|CS|TAMS 0x00000007e8100000, 0x00000007e8100000| Complete 
|1666|0x00000007e8200000, 0x00000007e8300000, 0x00000007e8300000|100%| E|CS|TAMS 0x00000007e8200000, 0x00000007e8200000| Complete 
|1667|0x00000007e8300000, 0x00000007e8400000, 0x00000007e8400000|100%| E|CS|TAMS 0x00000007e8300000, 0x00000007e8300000| Complete 
|1668|0x00000007e8400000, 0x00000007e8500000, 0x00000007e8500000|100%| E|CS|TAMS 0x00000007e8400000, 0x00000007e8400000| Complete 
|1669|0x00000007e8500000, 0x00000007e8600000, 0x00000007e8600000|100%| E|CS|TAMS 0x00000007e8500000, 0x00000007e8500000| Complete 
|1670|0x00000007e8600000, 0x00000007e8700000, 0x00000007e8700000|100%| E|CS|TAMS 0x00000007e8600000, 0x00000007e8600000| Complete 
|1671|0x00000007e8700000, 0x00000007e8800000, 0x00000007e8800000|100%| E|CS|TAMS 0x00000007e8700000, 0x00000007e8700000| Complete 
|1672|0x00000007e8800000, 0x00000007e8900000, 0x00000007e8900000|100%| E|CS|TAMS 0x00000007e8800000, 0x00000007e8800000| Complete 
|1673|0x00000007e8900000, 0x00000007e8a00000, 0x00000007e8a00000|100%| E|CS|TAMS 0x00000007e8900000, 0x00000007e8900000| Complete 
|1674|0x00000007e8a00000, 0x00000007e8b00000, 0x00000007e8b00000|100%| E|CS|TAMS 0x00000007e8a00000, 0x00000007e8a00000| Complete 
|1675|0x00000007e8b00000, 0x00000007e8c00000, 0x00000007e8c00000|100%| E|CS|TAMS 0x00000007e8b00000, 0x00000007e8b00000| Complete 
|1676|0x00000007e8c00000, 0x00000007e8d00000, 0x00000007e8d00000|100%| E|CS|TAMS 0x00000007e8c00000, 0x00000007e8c00000| Complete 
|1677|0x00000007e8d00000, 0x00000007e8e00000, 0x00000007e8e00000|100%| E|CS|TAMS 0x00000007e8d00000, 0x00000007e8d00000| Complete 
|1678|0x00000007e8e00000, 0x00000007e8f00000, 0x00000007e8f00000|100%| E|CS|TAMS 0x00000007e8e00000, 0x00000007e8e00000| Complete 
|1679|0x00000007e8f00000, 0x00000007e9000000, 0x00000007e9000000|100%| E|CS|TAMS 0x00000007e8f00000, 0x00000007e8f00000| Complete 
|1680|0x00000007e9000000, 0x00000007e9100000, 0x00000007e9100000|100%| E|CS|TAMS 0x00000007e9000000, 0x00000007e9000000| Complete 
|1681|0x00000007e9100000, 0x00000007e9200000, 0x00000007e9200000|100%| E|CS|TAMS 0x00000007e9100000, 0x00000007e9100000| Complete 
|1682|0x00000007e9200000, 0x00000007e9300000, 0x00000007e9300000|100%| E|CS|TAMS 0x00000007e9200000, 0x00000007e9200000| Complete 
|1683|0x00000007e9300000, 0x00000007e9400000, 0x00000007e9400000|100%| E|CS|TAMS 0x00000007e9300000, 0x00000007e9300000| Complete 
|1684|0x00000007e9400000, 0x00000007e9500000, 0x00000007e9500000|100%| E|CS|TAMS 0x00000007e9400000, 0x00000007e9400000| Complete 
|1685|0x00000007e9500000, 0x00000007e9600000, 0x00000007e9600000|100%| E|CS|TAMS 0x00000007e9500000, 0x00000007e9500000| Complete 
|1686|0x00000007e9600000, 0x00000007e9700000, 0x00000007e9700000|100%| E|CS|TAMS 0x00000007e9600000, 0x00000007e9600000| Complete 
|1687|0x00000007e9700000, 0x00000007e9800000, 0x00000007e9800000|100%| E|CS|TAMS 0x00000007e9700000, 0x00000007e9700000| Complete 
|1688|0x00000007e9800000, 0x00000007e9900000, 0x00000007e9900000|100%| E|CS|TAMS 0x00000007e9800000, 0x00000007e9800000| Complete 
|1689|0x00000007e9900000, 0x00000007e9a00000, 0x00000007e9a00000|100%| E|CS|TAMS 0x00000007e9900000, 0x00000007e9900000| Complete 
|1690|0x00000007e9a00000, 0x00000007e9b00000, 0x00000007e9b00000|100%| E|CS|TAMS 0x00000007e9a00000, 0x00000007e9a00000| Complete 
|1691|0x00000007e9b00000, 0x00000007e9c00000, 0x00000007e9c00000|100%| E|CS|TAMS 0x00000007e9b00000, 0x00000007e9b00000| Complete 
|1692|0x00000007e9c00000, 0x00000007e9d00000, 0x00000007e9d00000|100%| E|CS|TAMS 0x00000007e9c00000, 0x00000007e9c00000| Complete 
|1693|0x00000007e9d00000, 0x00000007e9e00000, 0x00000007e9e00000|100%| E|CS|TAMS 0x00000007e9d00000, 0x00000007e9d00000| Complete 
|1694|0x00000007e9e00000, 0x00000007e9f00000, 0x00000007e9f00000|100%| E|CS|TAMS 0x00000007e9e00000, 0x00000007e9e00000| Complete 
|1695|0x00000007e9f00000, 0x00000007ea000000, 0x00000007ea000000|100%| E|CS|TAMS 0x00000007e9f00000, 0x00000007e9f00000| Complete 
|1696|0x00000007ea000000, 0x00000007ea100000, 0x00000007ea100000|100%| E|CS|TAMS 0x00000007ea000000, 0x00000007ea000000| Complete 
|1697|0x00000007ea100000, 0x00000007ea200000, 0x00000007ea200000|100%| E|CS|TAMS 0x00000007ea100000, 0x00000007ea100000| Complete 
|1698|0x00000007ea200000, 0x00000007ea300000, 0x00000007ea300000|100%| E|CS|TAMS 0x00000007ea200000, 0x00000007ea200000| Complete 
|1699|0x00000007ea300000, 0x00000007ea400000, 0x00000007ea400000|100%| E|CS|TAMS 0x00000007ea300000, 0x00000007ea300000| Complete 
|1700|0x00000007ea400000, 0x00000007ea500000, 0x00000007ea500000|100%| E|CS|TAMS 0x00000007ea400000, 0x00000007ea400000| Complete 
|1701|0x00000007ea500000, 0x00000007ea600000, 0x00000007ea600000|100%| E|CS|TAMS 0x00000007ea500000, 0x00000007ea500000| Complete 
|1702|0x00000007ea600000, 0x00000007ea700000, 0x00000007ea700000|100%| E|CS|TAMS 0x00000007ea600000, 0x00000007ea600000| Complete 
|1703|0x00000007ea700000, 0x00000007ea800000, 0x00000007ea800000|100%| E|CS|TAMS 0x00000007ea700000, 0x00000007ea700000| Complete 
|1704|0x00000007ea800000, 0x00000007ea900000, 0x00000007ea900000|100%| E|CS|TAMS 0x00000007ea800000, 0x00000007ea800000| Complete 
|1705|0x00000007ea900000, 0x00000007eaa00000, 0x00000007eaa00000|100%| E|CS|TAMS 0x00000007ea900000, 0x00000007ea900000| Complete 
|1706|0x00000007eaa00000, 0x00000007eab00000, 0x00000007eab00000|100%| E|CS|TAMS 0x00000007eaa00000, 0x00000007eaa00000| Complete 
|1707|0x00000007eab00000, 0x00000007eac00000, 0x00000007eac00000|100%| E|CS|TAMS 0x00000007eab00000, 0x00000007eab00000| Complete 
|1708|0x00000007eac00000, 0x00000007ead00000, 0x00000007ead00000|100%| E|CS|TAMS 0x00000007eac00000, 0x00000007eac00000| Complete 
|1709|0x00000007ead00000, 0x00000007eae00000, 0x00000007eae00000|100%| E|CS|TAMS 0x00000007ead00000, 0x00000007ead00000| Complete 
|1710|0x00000007eae00000, 0x00000007eaf00000, 0x00000007eaf00000|100%| E|CS|TAMS 0x00000007eae00000, 0x00000007eae00000| Complete 
|1711|0x00000007eaf00000, 0x00000007eb000000, 0x00000007eb000000|100%| E|CS|TAMS 0x00000007eaf00000, 0x00000007eaf00000| Complete 
|1712|0x00000007eb000000, 0x00000007eb100000, 0x00000007eb100000|100%| E|CS|TAMS 0x00000007eb000000, 0x00000007eb000000| Complete 
|1713|0x00000007eb100000, 0x00000007eb200000, 0x00000007eb200000|100%| E|CS|TAMS 0x00000007eb100000, 0x00000007eb100000| Complete 
|1714|0x00000007eb200000, 0x00000007eb300000, 0x00000007eb300000|100%| E|CS|TAMS 0x00000007eb200000, 0x00000007eb200000| Complete 
|1715|0x00000007eb300000, 0x00000007eb400000, 0x00000007eb400000|100%| E|CS|TAMS 0x00000007eb300000, 0x00000007eb300000| Complete 
|1716|0x00000007eb400000, 0x00000007eb500000, 0x00000007eb500000|100%| E|CS|TAMS 0x00000007eb400000, 0x00000007eb400000| Complete 
|1717|0x00000007eb500000, 0x00000007eb600000, 0x00000007eb600000|100%| E|CS|TAMS 0x00000007eb500000, 0x00000007eb500000| Complete 
|1718|0x00000007eb600000, 0x00000007eb700000, 0x00000007eb700000|100%| E|CS|TAMS 0x00000007eb600000, 0x00000007eb600000| Complete 
|1719|0x00000007eb700000, 0x00000007eb800000, 0x00000007eb800000|100%| E|CS|TAMS 0x00000007eb700000, 0x00000007eb700000| Complete 
|1720|0x00000007eb800000, 0x00000007eb900000, 0x00000007eb900000|100%| E|CS|TAMS 0x00000007eb800000, 0x00000007eb800000| Complete 
|1721|0x00000007eb900000, 0x00000007eba00000, 0x00000007eba00000|100%| E|CS|TAMS 0x00000007eb900000, 0x00000007eb900000| Complete 
|1722|0x00000007eba00000, 0x00000007ebb00000, 0x00000007ebb00000|100%| E|CS|TAMS 0x00000007eba00000, 0x00000007eba00000| Complete 
|1723|0x00000007ebb00000, 0x00000007ebc00000, 0x00000007ebc00000|100%| E|CS|TAMS 0x00000007ebb00000, 0x00000007ebb00000| Complete 
|1724|0x00000007ebc00000, 0x00000007ebd00000, 0x00000007ebd00000|100%| E|CS|TAMS 0x00000007ebc00000, 0x00000007ebc00000| Complete 
|1725|0x00000007ebd00000, 0x00000007ebe00000, 0x00000007ebe00000|100%| E|CS|TAMS 0x00000007ebd00000, 0x00000007ebd00000| Complete 
|1726|0x00000007ebe00000, 0x00000007ebf00000, 0x00000007ebf00000|100%| E|CS|TAMS 0x00000007ebe00000, 0x00000007ebe00000| Complete 
|1727|0x00000007ebf00000, 0x00000007ec000000, 0x00000007ec000000|100%| E|CS|TAMS 0x00000007ebf00000, 0x00000007ebf00000| Complete 
|1728|0x00000007ec000000, 0x00000007ec100000, 0x00000007ec100000|100%| E|CS|TAMS 0x00000007ec000000, 0x00000007ec000000| Complete 
|1729|0x00000007ec100000, 0x00000007ec200000, 0x00000007ec200000|100%| E|CS|TAMS 0x00000007ec100000, 0x00000007ec100000| Complete 
|1730|0x00000007ec200000, 0x00000007ec300000, 0x00000007ec300000|100%| E|CS|TAMS 0x00000007ec200000, 0x00000007ec200000| Complete 
|1731|0x00000007ec300000, 0x00000007ec400000, 0x00000007ec400000|100%| E|CS|TAMS 0x00000007ec300000, 0x00000007ec300000| Complete 
|1732|0x00000007ec400000, 0x00000007ec500000, 0x00000007ec500000|100%| E|CS|TAMS 0x00000007ec400000, 0x00000007ec400000| Complete 
|1733|0x00000007ec500000, 0x00000007ec600000, 0x00000007ec600000|100%| E|CS|TAMS 0x00000007ec500000, 0x00000007ec500000| Complete 
|1734|0x00000007ec600000, 0x00000007ec700000, 0x00000007ec700000|100%| E|CS|TAMS 0x00000007ec600000, 0x00000007ec600000| Complete 
|1735|0x00000007ec700000, 0x00000007ec800000, 0x00000007ec800000|100%| E|CS|TAMS 0x00000007ec700000, 0x00000007ec700000| Complete 
|1736|0x00000007ec800000, 0x00000007ec900000, 0x00000007ec900000|100%| E|CS|TAMS 0x00000007ec800000, 0x00000007ec800000| Complete 
|1737|0x00000007ec900000, 0x00000007eca00000, 0x00000007eca00000|100%| E|CS|TAMS 0x00000007ec900000, 0x00000007ec900000| Complete 
|1738|0x00000007eca00000, 0x00000007ecb00000, 0x00000007ecb00000|100%| E|CS|TAMS 0x00000007eca00000, 0x00000007eca00000| Complete 
|1739|0x00000007ecb00000, 0x00000007ecc00000, 0x00000007ecc00000|100%| E|CS|TAMS 0x00000007ecb00000, 0x00000007ecb00000| Complete 
|1740|0x00000007ecc00000, 0x00000007ecd00000, 0x00000007ecd00000|100%| E|CS|TAMS 0x00000007ecc00000, 0x00000007ecc00000| Complete 
|1741|0x00000007ecd00000, 0x00000007ece00000, 0x00000007ece00000|100%| E|CS|TAMS 0x00000007ecd00000, 0x00000007ecd00000| Complete 
|1742|0x00000007ece00000, 0x00000007ecf00000, 0x00000007ecf00000|100%| E|CS|TAMS 0x00000007ece00000, 0x00000007ece00000| Complete 
|1743|0x00000007ecf00000, 0x00000007ed000000, 0x00000007ed000000|100%| E|CS|TAMS 0x00000007ecf00000, 0x00000007ecf00000| Complete 
|1744|0x00000007ed000000, 0x00000007ed100000, 0x00000007ed100000|100%| E|CS|TAMS 0x00000007ed000000, 0x00000007ed000000| Complete 
|1745|0x00000007ed100000, 0x00000007ed200000, 0x00000007ed200000|100%| E|CS|TAMS 0x00000007ed100000, 0x00000007ed100000| Complete 
|1746|0x00000007ed200000, 0x00000007ed300000, 0x00000007ed300000|100%| E|CS|TAMS 0x00000007ed200000, 0x00000007ed200000| Complete 
|1747|0x00000007ed300000, 0x00000007ed400000, 0x00000007ed400000|100%| E|CS|TAMS 0x00000007ed300000, 0x00000007ed300000| Complete 
|1748|0x00000007ed400000, 0x00000007ed500000, 0x00000007ed500000|100%| E|CS|TAMS 0x00000007ed400000, 0x00000007ed400000| Complete 
|1749|0x00000007ed500000, 0x00000007ed600000, 0x00000007ed600000|100%| E|CS|TAMS 0x00000007ed500000, 0x00000007ed500000| Complete 
|1750|0x00000007ed600000, 0x00000007ed700000, 0x00000007ed700000|100%| E|CS|TAMS 0x00000007ed600000, 0x00000007ed600000| Complete 
|1751|0x00000007ed700000, 0x00000007ed800000, 0x00000007ed800000|100%| E|CS|TAMS 0x00000007ed700000, 0x00000007ed700000| Complete 
|1752|0x00000007ed800000, 0x00000007ed900000, 0x00000007ed900000|100%| E|CS|TAMS 0x00000007ed800000, 0x00000007ed800000| Complete 
|1753|0x00000007ed900000, 0x00000007eda00000, 0x00000007eda00000|100%| E|CS|TAMS 0x00000007ed900000, 0x00000007ed900000| Complete 
|1754|0x00000007eda00000, 0x00000007edb00000, 0x00000007edb00000|100%| E|CS|TAMS 0x00000007eda00000, 0x00000007eda00000| Complete 
|1755|0x00000007edb00000, 0x00000007edc00000, 0x00000007edc00000|100%| E|CS|TAMS 0x00000007edb00000, 0x00000007edb00000| Complete 
|1756|0x00000007edc00000, 0x00000007edd00000, 0x00000007edd00000|100%| E|CS|TAMS 0x00000007edc00000, 0x00000007edc00000| Complete 
|1757|0x00000007edd00000, 0x00000007ede00000, 0x00000007ede00000|100%| E|CS|TAMS 0x00000007edd00000, 0x00000007edd00000| Complete 
|1758|0x00000007ede00000, 0x00000007edf00000, 0x00000007edf00000|100%| E|CS|TAMS 0x00000007ede00000, 0x00000007ede00000| Complete 
|1759|0x00000007edf00000, 0x00000007ee000000, 0x00000007ee000000|100%| E|CS|TAMS 0x00000007edf00000, 0x00000007edf00000| Complete 
|1760|0x00000007ee000000, 0x00000007ee100000, 0x00000007ee100000|100%| E|CS|TAMS 0x00000007ee000000, 0x00000007ee000000| Complete 
|1761|0x00000007ee100000, 0x00000007ee200000, 0x00000007ee200000|100%| E|CS|TAMS 0x00000007ee100000, 0x00000007ee100000| Complete 
|1762|0x00000007ee200000, 0x00000007ee300000, 0x00000007ee300000|100%| E|CS|TAMS 0x00000007ee200000, 0x00000007ee200000| Complete 
|1763|0x00000007ee300000, 0x00000007ee400000, 0x00000007ee400000|100%| E|CS|TAMS 0x00000007ee300000, 0x00000007ee300000| Complete 
|1764|0x00000007ee400000, 0x00000007ee500000, 0x00000007ee500000|100%| E|CS|TAMS 0x00000007ee400000, 0x00000007ee400000| Complete 
|1765|0x00000007ee500000, 0x00000007ee600000, 0x00000007ee600000|100%| E|CS|TAMS 0x00000007ee500000, 0x00000007ee500000| Complete 
|1766|0x00000007ee600000, 0x00000007ee700000, 0x00000007ee700000|100%| E|CS|TAMS 0x00000007ee600000, 0x00000007ee600000| Complete 
|1767|0x00000007ee700000, 0x00000007ee800000, 0x00000007ee800000|100%| E|CS|TAMS 0x00000007ee700000, 0x00000007ee700000| Complete 
|1768|0x00000007ee800000, 0x00000007ee900000, 0x00000007ee900000|100%| E|CS|TAMS 0x00000007ee800000, 0x00000007ee800000| Complete 
|1769|0x00000007ee900000, 0x00000007eea00000, 0x00000007eea00000|100%| E|CS|TAMS 0x00000007ee900000, 0x00000007ee900000| Complete 
|1770|0x00000007eea00000, 0x00000007eeb00000, 0x00000007eeb00000|100%| E|CS|TAMS 0x00000007eea00000, 0x00000007eea00000| Complete 
|1771|0x00000007eeb00000, 0x00000007eec00000, 0x00000007eec00000|100%| E|CS|TAMS 0x00000007eeb00000, 0x00000007eeb00000| Complete 
|1772|0x00000007eec00000, 0x00000007eed00000, 0x00000007eed00000|100%| E|CS|TAMS 0x00000007eec00000, 0x00000007eec00000| Complete 
|1773|0x00000007eed00000, 0x00000007eee00000, 0x00000007eee00000|100%| E|CS|TAMS 0x00000007eed00000, 0x00000007eed00000| Complete 
|1774|0x00000007eee00000, 0x00000007eef00000, 0x00000007eef00000|100%| E|CS|TAMS 0x00000007eee00000, 0x00000007eee00000| Complete 
|1775|0x00000007eef00000, 0x00000007ef000000, 0x00000007ef000000|100%| E|CS|TAMS 0x00000007eef00000, 0x00000007eef00000| Complete 
|1776|0x00000007ef000000, 0x00000007ef100000, 0x00000007ef100000|100%| E|CS|TAMS 0x00000007ef000000, 0x00000007ef000000| Complete 
|1777|0x00000007ef100000, 0x00000007ef200000, 0x00000007ef200000|100%| E|CS|TAMS 0x00000007ef100000, 0x00000007ef100000| Complete 
|1778|0x00000007ef200000, 0x00000007ef300000, 0x00000007ef300000|100%| E|CS|TAMS 0x00000007ef200000, 0x00000007ef200000| Complete 
|1779|0x00000007ef300000, 0x00000007ef400000, 0x00000007ef400000|100%| E|CS|TAMS 0x00000007ef300000, 0x00000007ef300000| Complete 
|1780|0x00000007ef400000, 0x00000007ef500000, 0x00000007ef500000|100%| E|CS|TAMS 0x00000007ef400000, 0x00000007ef400000| Complete 
|1781|0x00000007ef500000, 0x00000007ef600000, 0x00000007ef600000|100%| E|CS|TAMS 0x00000007ef500000, 0x00000007ef500000| Complete 
|1782|0x00000007ef600000, 0x00000007ef700000, 0x00000007ef700000|100%| E|CS|TAMS 0x00000007ef600000, 0x00000007ef600000| Complete 
|1783|0x00000007ef700000, 0x00000007ef800000, 0x00000007ef800000|100%| E|CS|TAMS 0x00000007ef700000, 0x00000007ef700000| Complete 
|1784|0x00000007ef800000, 0x00000007ef900000, 0x00000007ef900000|100%| E|CS|TAMS 0x00000007ef800000, 0x00000007ef800000| Complete 
|1785|0x00000007ef900000, 0x00000007efa00000, 0x00000007efa00000|100%| E|CS|TAMS 0x00000007ef900000, 0x00000007ef900000| Complete 
|1786|0x00000007efa00000, 0x00000007efb00000, 0x00000007efb00000|100%| E|CS|TAMS 0x00000007efa00000, 0x00000007efa00000| Complete 
|1787|0x00000007efb00000, 0x00000007efc00000, 0x00000007efc00000|100%| E|CS|TAMS 0x00000007efb00000, 0x00000007efb00000| Complete 
|1788|0x00000007efc00000, 0x00000007efd00000, 0x00000007efd00000|100%| E|CS|TAMS 0x00000007efc00000, 0x00000007efc00000| Complete 
|1789|0x00000007efd00000, 0x00000007efe00000, 0x00000007efe00000|100%| E|CS|TAMS 0x00000007efd00000, 0x00000007efd00000| Complete 
|1790|0x00000007efe00000, 0x00000007eff00000, 0x00000007eff00000|100%| E|CS|TAMS 0x00000007efe00000, 0x00000007efe00000| Complete 
|1791|0x00000007eff00000, 0x00000007f0000000, 0x00000007f0000000|100%| E|CS|TAMS 0x00000007eff00000, 0x00000007eff00000| Complete 
|1792|0x00000007f0000000, 0x00000007f0100000, 0x00000007f0100000|100%| E|CS|TAMS 0x00000007f0000000, 0x00000007f0000000| Complete 
|1793|0x00000007f0100000, 0x00000007f0200000, 0x00000007f0200000|100%| E|CS|TAMS 0x00000007f0100000, 0x00000007f0100000| Complete 
|1794|0x00000007f0200000, 0x00000007f0300000, 0x00000007f0300000|100%| E|CS|TAMS 0x00000007f0200000, 0x00000007f0200000| Complete 
|1795|0x00000007f0300000, 0x00000007f0400000, 0x00000007f0400000|100%| E|CS|TAMS 0x00000007f0300000, 0x00000007f0300000| Complete 
|1796|0x00000007f0400000, 0x00000007f0500000, 0x00000007f0500000|100%| E|CS|TAMS 0x00000007f0400000, 0x00000007f0400000| Complete 
|1797|0x00000007f0500000, 0x00000007f0600000, 0x00000007f0600000|100%| E|CS|TAMS 0x00000007f0500000, 0x00000007f0500000| Complete 
|1798|0x00000007f0600000, 0x00000007f0700000, 0x00000007f0700000|100%| E|CS|TAMS 0x00000007f0600000, 0x00000007f0600000| Complete 
|1799|0x00000007f0700000, 0x00000007f0800000, 0x00000007f0800000|100%| E|CS|TAMS 0x00000007f0700000, 0x00000007f0700000| Complete 
|1800|0x00000007f0800000, 0x00000007f0900000, 0x00000007f0900000|100%| E|CS|TAMS 0x00000007f0800000, 0x00000007f0800000| Complete 
|1801|0x00000007f0900000, 0x00000007f0a00000, 0x00000007f0a00000|100%| E|CS|TAMS 0x00000007f0900000, 0x00000007f0900000| Complete 
|1802|0x00000007f0a00000, 0x00000007f0b00000, 0x00000007f0b00000|100%| E|CS|TAMS 0x00000007f0a00000, 0x00000007f0a00000| Complete 
|1803|0x00000007f0b00000, 0x00000007f0c00000, 0x00000007f0c00000|100%| E|CS|TAMS 0x00000007f0b00000, 0x00000007f0b00000| Complete 
|1804|0x00000007f0c00000, 0x00000007f0d00000, 0x00000007f0d00000|100%| E|CS|TAMS 0x00000007f0c00000, 0x00000007f0c00000| Complete 
|1805|0x00000007f0d00000, 0x00000007f0e00000, 0x00000007f0e00000|100%| E|CS|TAMS 0x00000007f0d00000, 0x00000007f0d00000| Complete 
|1806|0x00000007f0e00000, 0x00000007f0f00000, 0x00000007f0f00000|100%| E|CS|TAMS 0x00000007f0e00000, 0x00000007f0e00000| Complete 
|1807|0x00000007f0f00000, 0x00000007f1000000, 0x00000007f1000000|100%| E|CS|TAMS 0x00000007f0f00000, 0x00000007f0f00000| Complete 
|1808|0x00000007f1000000, 0x00000007f1100000, 0x00000007f1100000|100%| E|CS|TAMS 0x00000007f1000000, 0x00000007f1000000| Complete 
|1809|0x00000007f1100000, 0x00000007f1200000, 0x00000007f1200000|100%| E|CS|TAMS 0x00000007f1100000, 0x00000007f1100000| Complete 
|1810|0x00000007f1200000, 0x00000007f1300000, 0x00000007f1300000|100%| E|CS|TAMS 0x00000007f1200000, 0x00000007f1200000| Complete 
|1811|0x00000007f1300000, 0x00000007f1400000, 0x00000007f1400000|100%| E|CS|TAMS 0x00000007f1300000, 0x00000007f1300000| Complete 
|1812|0x00000007f1400000, 0x00000007f1500000, 0x00000007f1500000|100%| E|CS|TAMS 0x00000007f1400000, 0x00000007f1400000| Complete 
|1813|0x00000007f1500000, 0x00000007f1600000, 0x00000007f1600000|100%| E|CS|TAMS 0x00000007f1500000, 0x00000007f1500000| Complete 
|1814|0x00000007f1600000, 0x00000007f1700000, 0x00000007f1700000|100%| E|CS|TAMS 0x00000007f1600000, 0x00000007f1600000| Complete 
|1815|0x00000007f1700000, 0x00000007f1800000, 0x00000007f1800000|100%| E|CS|TAMS 0x00000007f1700000, 0x00000007f1700000| Complete 
|1816|0x00000007f1800000, 0x00000007f1900000, 0x00000007f1900000|100%| E|CS|TAMS 0x00000007f1800000, 0x00000007f1800000| Complete 
|1817|0x00000007f1900000, 0x00000007f1a00000, 0x00000007f1a00000|100%| E|CS|TAMS 0x00000007f1900000, 0x00000007f1900000| Complete 
|1818|0x00000007f1a00000, 0x00000007f1b00000, 0x00000007f1b00000|100%| E|CS|TAMS 0x00000007f1a00000, 0x00000007f1a00000| Complete 
|1819|0x00000007f1b00000, 0x00000007f1c00000, 0x00000007f1c00000|100%| E|CS|TAMS 0x00000007f1b00000, 0x00000007f1b00000| Complete 
|1820|0x00000007f1c00000, 0x00000007f1d00000, 0x00000007f1d00000|100%| E|CS|TAMS 0x00000007f1c00000, 0x00000007f1c00000| Complete 
|1821|0x00000007f1d00000, 0x00000007f1e00000, 0x00000007f1e00000|100%| E|CS|TAMS 0x00000007f1d00000, 0x00000007f1d00000| Complete 
|1822|0x00000007f1e00000, 0x00000007f1f00000, 0x00000007f1f00000|100%| E|CS|TAMS 0x00000007f1e00000, 0x00000007f1e00000| Complete 
|1823|0x00000007f1f00000, 0x00000007f2000000, 0x00000007f2000000|100%| E|CS|TAMS 0x00000007f1f00000, 0x00000007f1f00000| Complete 
|1824|0x00000007f2000000, 0x00000007f2100000, 0x00000007f2100000|100%| E|CS|TAMS 0x00000007f2000000, 0x00000007f2000000| Complete 
|1825|0x00000007f2100000, 0x00000007f2200000, 0x00000007f2200000|100%| E|CS|TAMS 0x00000007f2100000, 0x00000007f2100000| Complete 
|1826|0x00000007f2200000, 0x00000007f2300000, 0x00000007f2300000|100%| E|CS|TAMS 0x00000007f2200000, 0x00000007f2200000| Complete 
|1827|0x00000007f2300000, 0x00000007f2400000, 0x00000007f2400000|100%| E|CS|TAMS 0x00000007f2300000, 0x00000007f2300000| Complete 
|1828|0x00000007f2400000, 0x00000007f2500000, 0x00000007f2500000|100%| E|CS|TAMS 0x00000007f2400000, 0x00000007f2400000| Complete 
|1829|0x00000007f2500000, 0x00000007f2600000, 0x00000007f2600000|100%| E|CS|TAMS 0x00000007f2500000, 0x00000007f2500000| Complete 
|1830|0x00000007f2600000, 0x00000007f2700000, 0x00000007f2700000|100%| E|CS|TAMS 0x00000007f2600000, 0x00000007f2600000| Complete 
|1831|0x00000007f2700000, 0x00000007f2800000, 0x00000007f2800000|100%| E|CS|TAMS 0x00000007f2700000, 0x00000007f2700000| Complete 
|1832|0x00000007f2800000, 0x00000007f2900000, 0x00000007f2900000|100%| E|CS|TAMS 0x00000007f2800000, 0x00000007f2800000| Complete 
|1833|0x00000007f2900000, 0x00000007f2a00000, 0x00000007f2a00000|100%| E|CS|TAMS 0x00000007f2900000, 0x00000007f2900000| Complete 
|1834|0x00000007f2a00000, 0x00000007f2b00000, 0x00000007f2b00000|100%| S|CS|TAMS 0x00000007f2a00000, 0x00000007f2a00000| Complete 
|1835|0x00000007f2b00000, 0x00000007f2c00000, 0x00000007f2c00000|100%| S|CS|TAMS 0x00000007f2b00000, 0x00000007f2b00000| Complete 
|1836|0x00000007f2c00000, 0x00000007f2d00000, 0x00000007f2d00000|100%| S|CS|TAMS 0x00000007f2c00000, 0x00000007f2c00000| Complete 
|1837|0x00000007f2d00000, 0x00000007f2e00000, 0x00000007f2e00000|100%| S|CS|TAMS 0x00000007f2d00000, 0x00000007f2d00000| Complete 
|1838|0x00000007f2e00000, 0x00000007f2f00000, 0x00000007f2f00000|100%| S|CS|TAMS 0x00000007f2e00000, 0x00000007f2e00000| Complete 
|1839|0x00000007f2f00000, 0x00000007f3000000, 0x00000007f3000000|100%| S|CS|TAMS 0x00000007f2f00000, 0x00000007f2f00000| Complete 
|1840|0x00000007f3000000, 0x00000007f3100000, 0x00000007f3100000|100%| E|CS|TAMS 0x00000007f3000000, 0x00000007f3000000| Complete 
|1841|0x00000007f3100000, 0x00000007f3200000, 0x00000007f3200000|100%| E|CS|TAMS 0x00000007f3100000, 0x00000007f3100000| Complete 
|1842|0x00000007f3200000, 0x00000007f3300000, 0x00000007f3300000|100%| E|CS|TAMS 0x00000007f3200000, 0x00000007f3200000| Complete 
|1843|0x00000007f3300000, 0x00000007f3400000, 0x00000007f3400000|100%| E|CS|TAMS 0x00000007f3300000, 0x00000007f3300000| Complete 
|1844|0x00000007f3400000, 0x00000007f3500000, 0x00000007f3500000|100%| E|CS|TAMS 0x00000007f3400000, 0x00000007f3400000| Complete 
|1845|0x00000007f3500000, 0x00000007f3600000, 0x00000007f3600000|100%| E|CS|TAMS 0x00000007f3500000, 0x00000007f3500000| Complete 
|1846|0x00000007f3600000, 0x00000007f3700000, 0x00000007f3700000|100%| E|CS|TAMS 0x00000007f3600000, 0x00000007f3600000| Complete 
|1847|0x00000007f3700000, 0x00000007f3800000, 0x00000007f3800000|100%| E|CS|TAMS 0x00000007f3700000, 0x00000007f3700000| Complete 
|1848|0x00000007f3800000, 0x00000007f3900000, 0x00000007f3900000|100%| E|CS|TAMS 0x00000007f3800000, 0x00000007f3800000| Complete 
|1849|0x00000007f3900000, 0x00000007f3a00000, 0x00000007f3a00000|100%| E|CS|TAMS 0x00000007f3900000, 0x00000007f3900000| Complete 
|1850|0x00000007f3a00000, 0x00000007f3b00000, 0x00000007f3b00000|100%| E|CS|TAMS 0x00000007f3a00000, 0x00000007f3a00000| Complete 
|1851|0x00000007f3b00000, 0x00000007f3c00000, 0x00000007f3c00000|100%| E|CS|TAMS 0x00000007f3b00000, 0x00000007f3b00000| Complete 
|1852|0x00000007f3c00000, 0x00000007f3d00000, 0x00000007f3d00000|100%| E|CS|TAMS 0x00000007f3c00000, 0x00000007f3c00000| Complete 
|1853|0x00000007f3d00000, 0x00000007f3e00000, 0x00000007f3e00000|100%| E|CS|TAMS 0x00000007f3d00000, 0x00000007f3d00000| Complete 
|1854|0x00000007f3e00000, 0x00000007f3f00000, 0x00000007f3f00000|100%| E|CS|TAMS 0x00000007f3e00000, 0x00000007f3e00000| Complete 
|1855|0x00000007f3f00000, 0x00000007f4000000, 0x00000007f4000000|100%| E|CS|TAMS 0x00000007f3f00000, 0x00000007f3f00000| Complete 
|1856|0x00000007f4000000, 0x00000007f4100000, 0x00000007f4100000|100%| E|CS|TAMS 0x00000007f4000000, 0x00000007f4000000| Complete 
|1857|0x00000007f4100000, 0x00000007f4200000, 0x00000007f4200000|100%| E|CS|TAMS 0x00000007f4100000, 0x00000007f4100000| Complete 
|1858|0x00000007f4200000, 0x00000007f4300000, 0x00000007f4300000|100%| E|CS|TAMS 0x00000007f4200000, 0x00000007f4200000| Complete 
|1859|0x00000007f4300000, 0x00000007f4400000, 0x00000007f4400000|100%| E|CS|TAMS 0x00000007f4300000, 0x00000007f4300000| Complete 
|1860|0x00000007f4400000, 0x00000007f4500000, 0x00000007f4500000|100%| E|CS|TAMS 0x00000007f4400000, 0x00000007f4400000| Complete 
|1861|0x00000007f4500000, 0x00000007f4600000, 0x00000007f4600000|100%| E|CS|TAMS 0x00000007f4500000, 0x00000007f4500000| Complete 
|1862|0x00000007f4600000, 0x00000007f4700000, 0x00000007f4700000|100%| E|CS|TAMS 0x00000007f4600000, 0x00000007f4600000| Complete 
|1863|0x00000007f4700000, 0x00000007f4800000, 0x00000007f4800000|100%| E|CS|TAMS 0x00000007f4700000, 0x00000007f4700000| Complete 

Card table byte_map: [0x00000001051cc000,0x00000001055cc000] _byte_map_base: 0x00000001015cc000

Marking Bits (Prev, Next): (CMBitMap*) 0x0000000147808810, (CMBitMap*) 0x0000000147808850
 Prev Bits: [0x00000001194f8000, 0x000000011b4f8000)
 Next Bits: [0x000000011b4f8000, 0x000000011d4f8000)

Polling page: 0x00000001049f0000

Metaspace:

Usage:
  Non-class:    306.04 MB used.
      Class:     44.01 MB used.
       Both:    350.05 MB used.

Virtual space:
  Non-class space:      320.00 MB reserved,     307.12 MB ( 96%) committed,  5 nodes.
      Class space:        1.00 GB reserved,      44.88 MB (  4%) committed,  1 nodes.
             Both:        1.31 GB reserved,     352.00 MB ( 26%) committed. 

Chunk freelists:
   Non-Class:  12.76 MB
       Class:  3.09 MB
        Both:  15.86 MB

MaxMetaspaceSize: unlimited
CompressedClassSpaceSize: 1.00 GB
Initial GC threshold: 21.00 MB
Current GC threshold: 564.50 MB
CDS: off
MetaspaceReclaimPolicy: balanced
 - commit_granule_bytes: 65536.
 - commit_granule_words: 8192.
 - virtual_space_node_default_size: 8388608.
 - enlarge_chunks_in_place: 1.
 - new_chunks_are_fully_committed: 0.
 - uncommit_free_chunks: 1.
 - use_allocation_guard: 0.
 - handle_deallocations: 1.


Internal statistics:

num_allocs_failed_limit: 14.
num_arena_births: 3596.
num_arena_deaths: 822.
num_vsnodes_births: 6.
num_vsnodes_deaths: 0.
num_space_committed: 5621.
num_space_uncommitted: 0.
num_chunks_returned_to_freelist: 1062.
num_chunks_taken_from_freelist: 18058.
num_chunk_merges: 374.
num_chunk_splits: 12642.
num_chunks_enlarged: 9384.
num_inconsistent_stats: 0.

CodeHeap 'non-profiled nmethods': size=120032Kb used=20777Kb max_used=20777Kb free=99254Kb
 bounds [0x0000000111fc0000, 0x0000000113410000, 0x00000001194f8000]
CodeHeap 'profiled nmethods': size=120016Kb used=101821Kb max_used=101821Kb free=18194Kb
 bounds [0x000000010a4f8000, 0x0000000110868000, 0x0000000111a2c000]
CodeHeap 'non-nmethods': size=5712Kb used=2018Kb max_used=2143Kb free=3693Kb
 bounds [0x0000000111a2c000, 0x0000000111c9c000, 0x0000000111fc0000]
 total_blobs=49274 nmethods=47894 adapters=1292
 compilation: enabled
              stopped_count=0, restarted_count=0
 full_count=0

Compilation events (20 events):
Event: 3130.276 Thread 0x000000014783fa00 nmethod 62748 0x000000011085bb90 code [0x000000011085be80, 0x000000011085c5e8]
Event: 3130.276 Thread 0x000000014783fa00 62750 %     3       org.jetbrains.kotlin.fir.types.ConeInferenceContext::typeDepth @ 86 (157 bytes)
Event: 3130.277 Thread 0x000000014783fa00 nmethod 62750% 0x000000011085ca90 code [0x000000011085cf00, 0x000000011085e908]
Event: 3130.285 Thread 0x000000014783fa00 62752       3       org.jetbrains.kotlin.fir.types.ConeInferenceContext::typeDepth (157 bytes)
Event: 3130.285 Thread 0x000000014783fa00 nmethod 62752 0x000000011085f190 code [0x000000011085f600, 0x0000000110860f48]
Event: 3130.289 Thread 0x00000001260bf000 nmethod 62745 0x00000001133f9310 code [0x00000001133f9d80, 0x00000001133fc9e0]
Event: 3130.289 Thread 0x00000001260bf000 62751       4       org.jetbrains.kotlin.analysis.api.fir.types.qualifiers.UsualClassTypeQualifierBuilder::buildQualifiers (900 bytes)
Event: 3130.290 Thread 0x000000014783fa00 62754 %     3       com.android.tools.lint.client.api.UElementVisitor$DispatchUastVisitor::visitCallExpression @ 46 (118 bytes)
Event: 3130.290 Thread 0x000000014783fa00 nmethod 62754% 0x0000000110861790 code [0x0000000110861c00, 0x0000000110863528]
Event: 3130.294 Thread 0x000000014783fa00 62756       2       com.android.tools.lint.client.api.AnnotationHandler::checkContextAnnotations (355 bytes)
Event: 3130.294 Thread 0x000000014783fa00 nmethod 62756 0x0000000110863c90 code [0x0000000110864200, 0x0000000110865978]
Event: 3130.294 Thread 0x000000014783fa00 62757       2       com.intellij.util.containers.UnmodifiableHashMap::insert (46 bytes)
Event: 3130.295 Thread 0x000000014783fa00 nmethod 62757 0x0000000110866690 code [0x0000000110866840, 0x0000000110866b08]
Event: 3130.302 Thread 0x000000014783fa00 62758       2       java.lang.ref.Finalizer::register (10 bytes)
Event: 3130.302 Thread 0x000000014783fa00 nmethod 62758 0x0000000110866c90 code [0x0000000110866e40, 0x0000000110866f88]
Event: 3130.302 Thread 0x000000014783fa00 62759   !   2       java.lang.ref.Finalizer::<init> (49 bytes)
Event: 3130.302 Thread 0x000000014783fa00 nmethod 62759 0x0000000110867090 code [0x0000000110867240, 0x0000000110867618]
Event: 3130.302 Thread 0x000000014783fa00 62760       1       sun.security.ssl.SSLCipher$SSLWriteCipher::isNullCipher (2 bytes)
Event: 3130.302 Thread 0x000000014783fa00 nmethod 62760 0x00000001133ff590 code [0x00000001133ff700, 0x00000001133ff7d8]
Event: 3130.304 Thread 0x000000014783fa00 62761 % !   3       org.jetbrains.uast.kotlin.FirKotlinUastResolveProviderService::getArgumentForParameter @ 2427 (2876 bytes)

GC Heap History (20 events):
Event: 3124.601 GC heap before
{Heap before GC invocations=110 (full 0):
 garbage-first heap   total 1908736K, used 858990K [0x0000000780000000, 0x0000000800000000)
  region size 1024K, 93 young (95232K), 78 survivors (79872K)
 Metaspace       used 284708K, committed 286144K, reserved 1310720K
  class space    used 36431K, committed 37120K, reserved 1048576K
}
Event: 3124.627 GC heap after
{Heap after GC invocations=111 (full 0):
 garbage-first heap   total 1908736K, used 815533K [0x0000000780000000, 0x0000000800000000)
  region size 1024K, 5 young (5120K), 5 survivors (5120K)
 Metaspace       used 284708K, committed 286144K, reserved 1310720K
  class space    used 36431K, committed 37120K, reserved 1048576K
}
Event: 3125.193 GC heap before
{Heap before GC invocations=111 (full 0):
 garbage-first heap   total 1908736K, used 1278381K [0x0000000780000000, 0x0000000800000000)
  region size 1024K, 338 young (346112K), 5 survivors (5120K)
 Metaspace       used 290073K, committed 291968K, reserved 1310720K
  class space    used 37202K, committed 38080K, reserved 1048576K
}
Event: 3125.196 GC heap after
{Heap after GC invocations=112 (full 0):
 garbage-first heap   total 1908736K, used 815958K [0x0000000780000000, 0x0000000800000000)
  region size 1024K, 5 young (5120K), 5 survivors (5120K)
 Metaspace       used 290073K, committed 291968K, reserved 1310720K
  class space    used 37202K, committed 38080K, reserved 1048576K
}
Event: 3125.777 GC heap before
{Heap before GC invocations=112 (full 0):
 garbage-first heap   total 1908736K, used 1365846K [0x0000000780000000, 0x0000000800000000)
  region size 1024K, 538 young (550912K), 5 survivors (5120K)
 Metaspace       used 305907K, committed 307776K, reserved 1376256K
  class space    used 39052K, committed 39872K, reserved 1048576K
}
Event: 3125.785 GC heap after
{Heap after GC invocations=113 (full 0):
 garbage-first heap   total 1908736K, used 850597K [0x0000000780000000, 0x0000000800000000)
  region size 1024K, 33 young (33792K), 33 survivors (33792K)
 Metaspace       used 305907K, committed 307776K, reserved 1376256K
  class space    used 39052K, committed 39872K, reserved 1048576K
}
Event: 3126.642 GC heap before
{Heap before GC invocations=114 (full 0):
 garbage-first heap   total 1908736K, used 1427109K [0x0000000780000000, 0x0000000800000000)
  region size 1024K, 707 young (723968K), 33 survivors (33792K)
 Metaspace       used 327034K, committed 329024K, reserved 1376256K
  class space    used 41834K, committed 42752K, reserved 1048576K
}
Event: 3126.657 GC heap after
{Heap after GC invocations=115 (full 0):
 garbage-first heap   total 1908736K, used 783532K [0x0000000780000000, 0x0000000800000000)
  region size 1024K, 89 young (91136K), 89 survivors (91136K)
 Metaspace       used 327034K, committed 329024K, reserved 1376256K
  class space    used 41834K, committed 42752K, reserved 1048576K
}
Event: 3126.680 GC heap before
{Heap before GC invocations=115 (full 0):
 garbage-first heap   total 1908736K, used 787628K [0x0000000780000000, 0x0000000800000000)
  region size 1024K, 93 young (95232K), 89 survivors (91136K)
 Metaspace       used 327273K, committed 329280K, reserved 1376256K
  class space    used 41857K, committed 42752K, reserved 1048576K
}
Event: 3126.707 GC heap after
{Heap after GC invocations=116 (full 0):
 garbage-first heap   total 1908736K, used 614749K [0x0000000780000000, 0x0000000800000000)
  region size 1024K, 5 young (5120K), 5 survivors (5120K)
 Metaspace       used 327273K, committed 329280K, reserved 1376256K
  class space    used 41857K, committed 42752K, reserved 1048576K
}
Event: 3126.808 GC heap before
{Heap before GC invocations=116 (full 0):
 garbage-first heap   total 1908736K, used 713053K [0x0000000780000000, 0x0000000800000000)
  region size 1024K, 93 young (95232K), 5 survivors (5120K)
 Metaspace       used 328530K, committed 330496K, reserved 1376256K
  class space    used 41983K, committed 42880K, reserved 1048576K
}
Event: 3126.823 GC heap after
{Heap after GC invocations=117 (full 0):
 garbage-first heap   total 1908736K, used 572416K [0x0000000780000000, 0x0000000800000000)
  region size 1024K, 12 young (12288K), 12 survivors (12288K)
 Metaspace       used 328530K, committed 330496K, reserved 1376256K
  class space    used 41983K, committed 42880K, reserved 1048576K
}
Event: 3127.876 GC heap before
{Heap before GC invocations=117 (full 0):
 garbage-first heap   total 1908736K, used 1467392K [0x0000000780000000, 0x0000000800000000)
  region size 1024K, 877 young (898048K), 12 survivors (12288K)
 Metaspace       used 342962K, committed 345088K, reserved 1376256K
  class space    used 43200K, committed 44160K, reserved 1048576K
}
Event: 3127.903 GC heap after
{Heap after GC invocations=118 (full 0):
 garbage-first heap   total 1908736K, used 717312K [0x0000000780000000, 0x0000000800000000)
  region size 1024K, 110 young (112640K), 110 survivors (112640K)
 Metaspace       used 342962K, committed 345088K, reserved 1376256K
  class space    used 43200K, committed 44160K, reserved 1048576K
}
Event: 3128.281 GC heap before
{Heap before GC invocations=118 (full 0):
 garbage-first heap   total 1908736K, used 1044992K [0x0000000780000000, 0x0000000800000000)
  region size 1024K, 431 young (441344K), 110 survivors (112640K)
 Metaspace       used 344418K, committed 346496K, reserved 1376256K
  class space    used 43285K, committed 44224K, reserved 1048576K
}
Event: 3128.308 GC heap after
{Heap after GC invocations=119 (full 0):
 garbage-first heap   total 1908736K, used 768512K [0x0000000780000000, 0x0000000800000000)
  region size 1024K, 49 young (50176K), 49 survivors (50176K)
 Metaspace       used 344418K, committed 346496K, reserved 1376256K
  class space    used 43285K, committed 44224K, reserved 1048576K
}
Event: 3129.629 GC heap before
{Heap before GC invocations=120 (full 0):
 garbage-first heap   total 1908736K, used 1398272K [0x0000000780000000, 0x0000000800000000)
  region size 1024K, 689 young (705536K), 49 survivors (50176K)
 Metaspace       used 357800K, committed 359872K, reserved 1376256K
  class space    used 45038K, committed 45952K, reserved 1048576K
}
Event: 3129.652 GC heap after
{Heap after GC invocations=121 (full 0):
 garbage-first heap   total 1908736K, used 803840K [0x0000000780000000, 0x0000000800000000)
  region size 1024K, 69 young (70656K), 69 survivors (70656K)
 Metaspace       used 357800K, committed 359872K, reserved 1376256K
  class space    used 45038K, committed 45952K, reserved 1048576K
}
Event: 3129.707 GC heap before
{Heap before GC invocations=121 (full 0):
 garbage-first heap   total 1908736K, used 830464K [0x0000000780000000, 0x0000000800000000)
  region size 1024K, 93 young (95232K), 69 survivors (70656K)
 Metaspace       used 357940K, committed 360000K, reserved 1376256K
  class space    used 45039K, committed 45952K, reserved 1048576K
}
Event: 3129.728 GC heap after
{Heap after GC invocations=122 (full 0):
 garbage-first heap   total 1908736K, used 781312K [0x0000000780000000, 0x0000000800000000)
  region size 1024K, 6 young (6144K), 6 survivors (6144K)
 Metaspace       used 357940K, committed 360000K, reserved 1376256K
  class space    used 45039K, committed 45952K, reserved 1048576K
}

Dll operation events (17 events):
Event: 0.005 Loaded shared library /Users/gianfrancoscapin/Library/Java/JavaVirtualMachines/jbr-17.0.9/Contents/Home/lib/libjava.dylib
Event: 0.063 Loaded shared library /Users/gianfrancoscapin/Library/Java/JavaVirtualMachines/jbr-17.0.9/Contents/Home/lib/libzip.dylib
Event: 0.064 Loaded shared library /Users/gianfrancoscapin/Library/Java/JavaVirtualMachines/jbr-17.0.9/Contents/Home/lib/libinstrument.dylib
Event: 0.067 Loaded shared library /Users/gianfrancoscapin/Library/Java/JavaVirtualMachines/jbr-17.0.9/Contents/Home/lib/libnio.dylib
Event: 0.071 Loaded shared library /Users/gianfrancoscapin/Library/Java/JavaVirtualMachines/jbr-17.0.9/Contents/Home/lib/libzip.dylib
Event: 0.134 Loaded shared library /Users/gianfrancoscapin/Library/Java/JavaVirtualMachines/jbr-17.0.9/Contents/Home/lib/libjimage.dylib
Event: 0.174 Loaded shared library /Users/gianfrancoscapin/Library/Java/JavaVirtualMachines/jbr-17.0.9/Contents/Home/lib/libverify.dylib
Event: 0.195 Loaded shared library /Users/gianfrancoscapin/Library/Java/JavaVirtualMachines/jbr-17.0.9/Contents/Home/lib/libnet.dylib
Event: 0.199 Loaded shared library /Users/gianfrancoscapin/.gradle/native/1def1411415f61bf3af743bc5b6707747c0891f09f0c88961ee8f79bc544acac/osx-aarch64/libnative-platform.dylib
Event: 0.202 Loaded shared library /Users/gianfrancoscapin/.gradle/native/0.2.7/aarch64-macos/libgradle-fileevents.dylib
Event: 0.482 Loaded shared library /Users/gianfrancoscapin/Library/Java/JavaVirtualMachines/jbr-17.0.9/Contents/Home/lib/libmanagement.dylib
Event: 0.482 Loaded shared library /Users/gianfrancoscapin/Library/Java/JavaVirtualMachines/jbr-17.0.9/Contents/Home/lib/libmanagement_ext.dylib
Event: 0.515 Loaded shared library /Users/gianfrancoscapin/Library/Java/JavaVirtualMachines/jbr-17.0.9/Contents/Home/lib/libextnet.dylib
Event: 12.201 Loaded shared library /Users/gianfrancoscapin/Library/Java/JavaVirtualMachines/jbr-17.0.9/Contents/Home/lib/librmi.dylib
Event: 3122.750 Loaded shared library /Users/gianfrancoscapin/Library/Java/JavaVirtualMachines/jbr-17.0.9/Contents/Home/lib/libawt.dylib
Event: 3122.845 Loaded shared library /Users/gianfrancoscapin/Library/Java/JavaVirtualMachines/jbr-17.0.9/Contents/Home/lib/libawt_lwawt.dylib
Event: 3122.990 Loaded shared library /Users/gianfrancoscapin/Library/Java/JavaVirtualMachines/jbr-17.0.9/Contents/Home/lib/libfontmanager.dylib

Deoptimization events (20 events):
Event: 3130.178 Thread 0x00000001667acc00 DEOPT UNPACKING pc=0x0000000111a7391c sp=0x000000030a8e6680 mode 2
Event: 3130.178 Thread 0x0000000127524a00 DEOPT UNPACKING pc=0x0000000111a7377c sp=0x000000030d1d6f30 mode 0
Event: 3130.184 Thread 0x00000001443be200 DEOPT PACKING pc=0x000000010db4ff00 sp=0x000000017684e700
Event: 3130.184 Thread 0x00000001443be200 DEOPT UNPACKING pc=0x0000000111a7377c sp=0x000000017684e440 mode 0
Event: 3130.202 Thread 0x00000001667acc00 Uncommon trap: trap_request=0xffffffde fr.pc=0x00000001132a4be0 relative=0x00000000000027a0
Event: 3130.202 Thread 0x00000001667acc00 Uncommon trap: reason=class_check action=maybe_recompile pc=0x00000001132a4be0 method=org.jetbrains.uast.kotlin.internal.FirKotlinInternalUastUtilsKt.toPsiMethod(Lorg/jetbrains/kotlin/analysis/api/KaSession;Lorg/jetbrains/kotlin/analysis/api/symbols/KaFun
Event: 3130.202 Thread 0x00000001667acc00 DEOPT PACKING pc=0x00000001132a4be0 sp=0x000000030a8e6120
Event: 3130.202 Thread 0x00000001667acc00 DEOPT UNPACKING pc=0x0000000111a7391c sp=0x000000030a8e6080 mode 2
Event: 3130.202 Thread 0x00000001667acc00 Uncommon trap: trap_request=0xffffffde fr.pc=0x00000001132a4be0 relative=0x00000000000027a0
Event: 3130.202 Thread 0x00000001667acc00 Uncommon trap: reason=class_check action=maybe_recompile pc=0x00000001132a4be0 method=org.jetbrains.uast.kotlin.internal.FirKotlinInternalUastUtilsKt.toPsiMethod(Lorg/jetbrains/kotlin/analysis/api/KaSession;Lorg/jetbrains/kotlin/analysis/api/symbols/KaFun
Event: 3130.202 Thread 0x00000001667acc00 DEOPT PACKING pc=0x00000001132a4be0 sp=0x000000030a8e61a0
Event: 3130.202 Thread 0x00000001667acc00 DEOPT UNPACKING pc=0x0000000111a7391c sp=0x000000030a8e6100 mode 2
Event: 3130.202 Thread 0x00000001667acc00 Uncommon trap: trap_request=0xffffffde fr.pc=0x00000001132a4be0 relative=0x00000000000027a0
Event: 3130.202 Thread 0x00000001667acc00 Uncommon trap: reason=class_check action=maybe_recompile pc=0x00000001132a4be0 method=org.jetbrains.uast.kotlin.internal.FirKotlinInternalUastUtilsKt.toPsiMethod(Lorg/jetbrains/kotlin/analysis/api/KaSession;Lorg/jetbrains/kotlin/analysis/api/symbols/KaFun
Event: 3130.202 Thread 0x00000001667acc00 DEOPT PACKING pc=0x00000001132a4be0 sp=0x000000030a8e6070
Event: 3130.202 Thread 0x00000001667acc00 DEOPT UNPACKING pc=0x0000000111a7391c sp=0x000000030a8e5fd0 mode 2
Event: 3130.202 Thread 0x00000001667acc00 Uncommon trap: trap_request=0xffffffde fr.pc=0x00000001132a4be0 relative=0x00000000000027a0
Event: 3130.202 Thread 0x00000001667acc00 Uncommon trap: reason=class_check action=maybe_recompile pc=0x00000001132a4be0 method=org.jetbrains.uast.kotlin.internal.FirKotlinInternalUastUtilsKt.toPsiMethod(Lorg/jetbrains/kotlin/analysis/api/KaSession;Lorg/jetbrains/kotlin/analysis/api/symbols/KaFun
Event: 3130.202 Thread 0x00000001667acc00 DEOPT PACKING pc=0x00000001132a4be0 sp=0x000000030a8e5fd0
Event: 3130.202 Thread 0x00000001667acc00 DEOPT UNPACKING pc=0x0000000111a7391c sp=0x000000030a8e5f30 mode 2

Classes unloaded (20 events):
Event: 3119.178 Thread 0x0000000147008c60 Unloading class 0x0000000801e92c00 'jdk/internal/reflect/GeneratedConstructorAccessor190'
Event: 3119.178 Thread 0x0000000147008c60 Unloading class 0x0000000801dfa800 'jdk/internal/reflect/GeneratedMethodAccessor99'
Event: 3119.178 Thread 0x0000000147008c60 Unloading class 0x0000000801df9000 'jdk/internal/reflect/GeneratedMethodAccessor97'
Event: 3119.178 Thread 0x0000000147008c60 Unloading class 0x0000000801df8800 'jdk/internal/reflect/GeneratedMethodAccessor95'
Event: 3119.178 Thread 0x0000000147008c60 Unloading class 0x0000000801de5400 'java/lang/invoke/LambdaForm$MH+0x0000000801de5400'
Event: 3119.178 Thread 0x0000000147008c60 Unloading class 0x0000000801de5000 'java/lang/invoke/LambdaForm$MH+0x0000000801de5000'
Event: 3119.178 Thread 0x0000000147008c60 Unloading class 0x0000000801de4c00 'java/lang/invoke/LambdaForm$MH+0x0000000801de4c00'
Event: 3119.178 Thread 0x0000000147008c60 Unloading class 0x0000000801de4800 'java/lang/invoke/LambdaForm$MH+0x0000000801de4800'
Event: 3119.178 Thread 0x0000000147008c60 Unloading class 0x0000000801de4400 'java/lang/invoke/LambdaForm$MH+0x0000000801de4400'
Event: 3119.178 Thread 0x0000000147008c60 Unloading class 0x0000000801be0800 'jdk/internal/reflect/GeneratedSerializationConstructorAccessor200'
Event: 3119.178 Thread 0x0000000147008c60 Unloading class 0x0000000801c9cc00 'jdk/internal/reflect/GeneratedSerializationConstructorAccessor199'
Event: 3122.860 Thread 0x0000000147008c60 Unloading class 0x0000000801f1dc00 'jdk/internal/reflect/GeneratedSerializationConstructorAccessor267'
Event: 3125.937 Thread 0x0000000147008c60 Unloading class 0x00000008023dc800 'java/lang/invoke/LambdaForm$DMH+0x00000008023dc800'
Event: 3125.937 Thread 0x0000000147008c60 Unloading class 0x00000008023dc400 'java/lang/invoke/LambdaForm$DMH+0x00000008023dc400'
Event: 3128.449 Thread 0x0000000147008c60 Unloading class 0x00000008029a1c00 'java/lang/invoke/LambdaForm$MH+0x00000008029a1c00'
Event: 3128.449 Thread 0x0000000147008c60 Unloading class 0x00000008029a1400 'java/lang/invoke/LambdaForm$DMH+0x00000008029a1400'
Event: 3128.449 Thread 0x0000000147008c60 Unloading class 0x00000008029a0c00 'java/lang/invoke/LambdaForm$DMH+0x00000008029a0c00'
Event: 3128.449 Thread 0x0000000147008c60 Unloading class 0x00000008029a0400 'java/lang/invoke/LambdaForm$DMH+0x00000008029a0400'
Event: 3128.449 Thread 0x0000000147008c60 Unloading class 0x0000000802940000 'java/lang/invoke/LambdaForm$DMH+0x0000000802940000'
Event: 3128.449 Thread 0x0000000147008c60 Unloading class 0x0000000802920400 'java/lang/invoke/LambdaForm$DMH+0x0000000802920400'

Classes redefined (0 events):
No events

Internal exceptions (20 events):
Event: 3129.046 Thread 0x0000000127524a00 Exception <a 'sun/nio/fs/UnixException'{0x00000007d6351878}> (0x00000007d6351878) 
thrown [src/hotspot/share/prims/jni.cpp, line 517]
Event: 3129.218 Thread 0x00000001667acc00 Implicit null exception at 0x0000000113358268 to 0x00000001133584c0
Event: 3129.229 Thread 0x00000001667acc00 Implicit null exception at 0x000000011335b7d4 to 0x000000011335c108
Event: 3129.304 Thread 0x0000000127524a00 Exception <a 'sun/nio/fs/UnixException'{0x00000007d0ea9260}> (0x00000007d0ea9260) 
thrown [src/hotspot/share/prims/jni.cpp, line 517]
Event: 3129.338 Thread 0x0000000127524a00 Exception <a 'sun/nio/fs/UnixException'{0x00000007cfb6ba28}> (0x00000007cfb6ba28) 
thrown [src/hotspot/share/prims/jni.cpp, line 517]
Event: 3129.435 Thread 0x00000001667acc00 Implicit null exception at 0x000000011318a260 to 0x000000011318a40c
Event: 3129.489 Thread 0x0000000127524a00 Exception <a 'sun/nio/fs/UnixException'{0x00000007cda4d7e8}> (0x00000007cda4d7e8) 
thrown [src/hotspot/share/prims/jni.cpp, line 517]
Event: 3129.491 Thread 0x0000000127524a00 Exception <a 'sun/nio/fs/UnixException'{0x00000007cda79e10}> (0x00000007cda79e10) 
thrown [src/hotspot/share/prims/jni.cpp, line 517]
Event: 3129.597 Thread 0x0000000127524a00 Exception <a 'sun/nio/fs/UnixException'{0x00000007ca82a640}> (0x00000007ca82a640) 
thrown [src/hotspot/share/prims/jni.cpp, line 517]
Event: 3129.597 Thread 0x0000000127524a00 Exception <a 'sun/nio/fs/UnixException'{0x00000007ca82b060}> (0x00000007ca82b060) 
thrown [src/hotspot/share/prims/jni.cpp, line 517]
Event: 3129.626 Thread 0x0000000127524a00 Exception <a 'sun/nio/fs/UnixException'{0x00000007c98c7af0}> (0x00000007c98c7af0) 
thrown [src/hotspot/share/prims/jni.cpp, line 517]
Event: 3129.761 Thread 0x0000000127524a00 Exception <a 'sun/nio/fs/UnixException'{0x00000007f4734e40}> (0x00000007f4734e40) 
thrown [src/hotspot/share/prims/jni.cpp, line 517]
Event: 3129.761 Thread 0x0000000127524a00 Exception <a 'sun/nio/fs/UnixException'{0x00000007f4735868}> (0x00000007f4735868) 
thrown [src/hotspot/share/prims/jni.cpp, line 517]
Event: 3129.762 Thread 0x0000000127524a00 Exception <a 'sun/nio/fs/UnixException'{0x00000007f476cb38}> (0x00000007f476cb38) 
thrown [src/hotspot/share/prims/jni.cpp, line 517]
Event: 3129.829 Thread 0x00000001667acc00 Implicit null exception at 0x0000000112872130 to 0x00000001128724e8
Event: 3129.875 Thread 0x0000000127524a00 Exception <a 'sun/nio/fs/UnixException'{0x00000007ec1defd8}> (0x00000007ec1defd8) 
thrown [src/hotspot/share/prims/jni.cpp, line 517]
Event: 3130.020 Thread 0x0000000127524a00 Exception <a 'sun/nio/fs/UnixException'{0x00000007e3334468}> (0x00000007e3334468) 
thrown [src/hotspot/share/prims/jni.cpp, line 517]
Event: 3130.127 Thread 0x0000000127524a00 Exception <a 'sun/nio/fs/UnixException'{0x00000007df436200}> (0x00000007df436200) 
thrown [src/hotspot/share/prims/jni.cpp, line 517]
Event: 3130.178 Thread 0x00000001667acc00 Implicit null exception at 0x00000001133dc8e0 to 0x00000001133de5c4
Event: 3130.243 Thread 0x0000000127524a00 Exception <a 'sun/nio/fs/UnixException'{0x00000007dc617a58}> (0x00000007dc617a58) 
thrown [src/hotspot/share/prims/jni.cpp, line 517]

VM Operations (20 events):
Event: 3129.706 Executing VM operation: G1CollectForAllocation
Event: 3129.728 Executing VM operation: G1CollectForAllocation done
Event: 3129.860 Executing VM operation: ICBufferFull
Event: 3129.860 Executing VM operation: ICBufferFull done
Event: 3129.865 Executing VM operation: ICBufferFull
Event: 3129.865 Executing VM operation: ICBufferFull done
Event: 3129.873 Executing VM operation: ICBufferFull
Event: 3129.873 Executing VM operation: ICBufferFull done
Event: 3130.004 Executing VM operation: ICBufferFull
Event: 3130.004 Executing VM operation: ICBufferFull done
Event: 3130.070 Executing VM operation: ICBufferFull
Event: 3130.070 Executing VM operation: ICBufferFull done
Event: 3130.086 Executing VM operation: ICBufferFull
Event: 3130.087 Executing VM operation: ICBufferFull done
Event: 3130.108 Executing VM operation: ICBufferFull
Event: 3130.108 Executing VM operation: ICBufferFull done
Event: 3130.147 Executing VM operation: ICBufferFull
Event: 3130.147 Executing VM operation: ICBufferFull done
Event: 3130.296 Executing VM operation: ICBufferFull
Event: 3130.296 Executing VM operation: ICBufferFull done

Events (20 events):
Event: 3130.053 Thread 0x0000000125466600 Thread added: 0x0000000125466600
Event: 3130.053 Protecting memory [0x0000000349830000,0x000000034983c000] with protection modes 0
Event: 3130.053 Protecting memory [0x0000000349830000,0x000000034983c000] with protection modes 3
Event: 3130.053 Thread 0x0000000125466600 Thread exited: 0x0000000125466600
Event: 3130.094 Thread 0x0000000166631e00 Thread added: 0x0000000166631e00
Event: 3130.094 Protecting memory [0x0000000349830000,0x000000034983c000] with protection modes 0
Event: 3130.094 Protecting memory [0x0000000349830000,0x000000034983c000] with protection modes 3
Event: 3130.094 Thread 0x0000000166631e00 Thread exited: 0x0000000166631e00
Event: 3130.172 Thread 0x0000000126b1a200 Thread added: 0x0000000126b1a200
Event: 3130.172 Protecting memory [0x0000000349830000,0x000000034983c000] with protection modes 0
Event: 3130.172 Protecting memory [0x0000000349830000,0x000000034983c000] with protection modes 3
Event: 3130.172 Thread 0x0000000126b1a200 Thread exited: 0x0000000126b1a200
Event: 3130.212 Thread 0x0000000166632400 Thread added: 0x0000000166632400
Event: 3130.212 Protecting memory [0x0000000349830000,0x000000034983c000] with protection modes 0
Event: 3130.212 Protecting memory [0x0000000349830000,0x000000034983c000] with protection modes 3
Event: 3130.212 Thread 0x0000000166632400 Thread exited: 0x0000000166632400
Event: 3130.276 Thread 0x000000011fc79800 Thread added: 0x000000011fc79800
Event: 3130.276 Protecting memory [0x0000000349830000,0x000000034983c000] with protection modes 0
Event: 3130.276 Protecting memory [0x0000000349830000,0x000000034983c000] with protection modes 3
Event: 3130.276 Thread 0x000000011fc79800 Thread exited: 0x000000011fc79800


Dynamic libraries:
0x000000010499c000 	/Users/gianfrancoscapin/Library/Java/JavaVirtualMachines/jbr-17.0.9/Contents/Home/lib/libjli.dylib
0x00000001aea67000 	/System/Library/Frameworks/Cocoa.framework/Versions/A/Cocoa
0x00000001940a6000 	/System/Library/Frameworks/AppKit.framework/Versions/C/AppKit
0x00000001976e0000 	/System/Library/Frameworks/CoreData.framework/Versions/A/CoreData
0x00000001914a7000 	/System/Library/Frameworks/Foundation.framework/Versions/C/Foundation
0x000000019f5ef000 	/usr/lib/libSystem.B.dylib
0x00000001957d3000 	/System/Library/PrivateFrameworks/UIFoundation.framework/Versions/A/UIFoundation
0x000000024521b000 	/System/Library/PrivateFrameworks/CollectionViewCore.framework/Versions/A/CollectionViewCore
0x000000019c9cf000 	/System/Library/PrivateFrameworks/XCTTargetBootstrap.framework/Versions/A/XCTTargetBootstrap
0x00000001a1f67000 	/System/Library/PrivateFrameworks/InternationalSupport.framework/Versions/A/InternationalSupport
0x00000001a22c1000 	/System/Library/PrivateFrameworks/UserActivity.framework/Versions/A/UserActivity
0x0000000197d70000 	/System/Library/PrivateFrameworks/BaseBoard.framework/Versions/A/BaseBoard
0x000000024d917000 	/System/Library/PrivateFrameworks/FrontBoard.framework/Versions/A/FrontBoard
0x00000001a98fd000 	/System/Library/PrivateFrameworks/FrontBoardServices.framework/Versions/A/FrontBoardServices
0x0000000288c83000 	/usr/lib/libRosetta.dylib
0x000000027c653000 	/System/Library/PrivateFrameworks/UIIntelligenceSupport.framework/Versions/A/UIIntelligenceSupport
0x000000023a283000 	/System/Library/Frameworks/SwiftUICore.framework/Versions/A/SwiftUICore
0x0000000282b05000 	/System/Library/PrivateFrameworks/WritingTools.framework/Versions/A/WritingTools
0x0000000281958000 	/System/Library/PrivateFrameworks/WindowManagement.framework/Versions/A/WindowManagement
0x0000000191107000 	/System/Library/Frameworks/SystemConfiguration.framework/Versions/A/SystemConfiguration
0x00000001a1289000 	/usr/lib/libspindump.dylib
0x000000019598e000 	/System/Library/Frameworks/UniformTypeIdentifiers.framework/Versions/A/UniformTypeIdentifiers
0x000000019e8ac000 	/usr/lib/libbsm.0.dylib
0x000000019a0f5000 	/usr/lib/libapp_launch_measurement.dylib
0x00000001993fc000 	/System/Library/PrivateFrameworks/CoreAnalytics.framework/Versions/A/CoreAnalytics
0x000000019a0f9000 	/System/Library/PrivateFrameworks/CoreAutoLayout.framework/Versions/A/CoreAutoLayout
0x000000019bf1c000 	/System/Library/Frameworks/Metal.framework/Versions/A/Metal
0x000000019d318000 	/usr/lib/liblangid.dylib
0x000000019c9d5000 	/System/Library/PrivateFrameworks/CoreSVG.framework/Versions/A/CoreSVG
0x00000001963ea000 	/System/Library/PrivateFrameworks/SkyLight.framework/Versions/A/SkyLight
0x000000024d650000 	/System/Library/PrivateFrameworks/FocusEngine.framework/Versions/A/FocusEngine
0x0000000196981000 	/System/Library/Frameworks/CoreGraphics.framework/Versions/A/CoreGraphics
0x000000024b304000 	/System/Library/PrivateFrameworks/DesignLibrary.framework/Versions/A/DesignLibrary
0x00000001a7bf4000 	/System/Library/Frameworks/Accelerate.framework/Versions/A/Accelerate
0x00000001a107f000 	/System/Library/PrivateFrameworks/IconServices.framework/Versions/A/IconServices
0x000000019bef4000 	/System/Library/Frameworks/IOSurface.framework/Versions/A/IOSurface
0x000000019942c000 	/usr/lib/libDiagnosticMessagesClient.dylib
0x000000019f538000 	/usr/lib/libz.1.dylib
0x00000001abecf000 	/System/Library/Frameworks/ApplicationServices.framework/Versions/A/ApplicationServices
0x000000019c9ba000 	/System/Library/PrivateFrameworks/DFRFoundation.framework/Versions/A/DFRFoundation
0x00000001938f5000 	/usr/lib/libicucore.A.dylib
0x00000001a34f7000 	/System/Library/Frameworks/AudioToolbox.framework/Versions/A/AudioToolbox
0x00000001a226f000 	/System/Library/PrivateFrameworks/DataDetectorsCore.framework/Versions/A/DataDetectorsCore
0x000000027d1ff000 	/System/Library/PrivateFrameworks/UpdateCycle.framework/Versions/A/UpdateCycle
0x00000001bfcf3000 	/System/Library/PrivateFrameworks/TextInput.framework/Versions/A/TextInput
0x000000019632c000 	/usr/lib/libMobileGestalt.dylib
0x000000019c6b7000 	/System/Library/Frameworks/Carbon.framework/Versions/A/Frameworks/HIToolbox.framework/Versions/A/HIToolbox
0x0000000199961000 	/System/Library/Frameworks/QuartzCore.framework/Versions/A/QuartzCore
0x00000001934d1000 	/System/Library/Frameworks/Security.framework/Versions/A/Security
0x00000001a7575000 	/System/Library/Frameworks/Carbon.framework/Versions/A/Frameworks/SpeechRecognition.framework/Versions/A/SpeechRecognition
0x0000000199dc4000 	/System/Library/PrivateFrameworks/CoreUI.framework/Versions/A/CoreUI
0x0000000192d24000 	/System/Library/Frameworks/CoreAudio.framework/Versions/A/CoreAudio
0x0000000199520000 	/System/Library/Frameworks/DiskArbitration.framework/Versions/A/DiskArbitration
0x00000001a1741000 	/System/Library/PrivateFrameworks/MultitouchSupport.framework/Versions/A/MultitouchSupport
0x000000019632a000 	/usr/lib/libenergytrace.dylib
0x00000001b35c0000 	/System/Library/PrivateFrameworks/RenderBox.framework/Versions/A/RenderBox
0x0000000193f4d000 	/System/Library/Frameworks/IOKit.framework/Versions/A/IOKit
0x00000001a797d000 	/System/Library/Frameworks/CoreServices.framework/Versions/A/CoreServices
0x000000019a086000 	/System/Library/PrivateFrameworks/PerformanceAnalysis.framework/Versions/A/PerformanceAnalysis
0x00000001f5201000 	/System/Library/Frameworks/OpenGL.framework/Versions/A/OpenGL
0x000000019a143000 	/usr/lib/libxml2.2.dylib
0x000000019e78d000 	/System/Library/PrivateFrameworks/MobileKeyBag.framework/Versions/A/MobileKeyBag
0x000000018f7c8000 	/usr/lib/libobjc.A.dylib
0x000000018fb2c000 	/usr/lib/libc++.1.dylib
0x00000001a78fa000 	/System/Library/Frameworks/Accessibility.framework/Versions/A/Accessibility
0x00000001970d6000 	/System/Library/Frameworks/ColorSync.framework/Versions/A/ColorSync
0x000000018fc5d000 	/System/Library/Frameworks/CoreFoundation.framework/Versions/A/CoreFoundation
0x000000019cd5a000 	/System/Library/Frameworks/CoreImage.framework/Versions/A/CoreImage
0x0000000192af7000 	/System/Library/Frameworks/CoreText.framework/Versions/A/CoreText
0x00000002348b2000 	/System/Library/Frameworks/CoreTransferable.framework/Versions/A/CoreTransferable
0x0000000234df0000 	/System/Library/Frameworks/DataDetection.framework/Versions/A/DataDetection
0x0000000234e05000 	/System/Library/Frameworks/DeveloperToolsSupport.framework/Versions/A/DeveloperToolsSupport
0x000000019ca13000 	/System/Library/Frameworks/ImageIO.framework/Versions/A/ImageIO
0x000000023b1f5000 	/System/Library/Frameworks/Symbols.framework/Versions/A/Symbols
0x00000001c4e85000 	/System/Library/PrivateFrameworks/AttributeGraph.framework/Versions/A/AttributeGraph
0x00000001a99dc000 	/System/Library/PrivateFrameworks/BoardServices.framework/Versions/A/BoardServices
0x00000001e8e17000 	/System/Library/PrivateFrameworks/FeatureFlags.framework/Versions/A/FeatureFlags
0x000000025675f000 	/System/Library/PrivateFrameworks/Gestures.framework/Versions/A/Gestures
0x000000019f5f4000 	/System/Library/PrivateFrameworks/SoftLinking.framework/Versions/A/SoftLinking
0x00000001d35bb000 	/usr/lib/swift/libswiftAccelerate.dylib
0x00000001c9b2d000 	/usr/lib/swift/libswiftCompression.dylib
0x00000001a2e5f000 	/usr/lib/swift/libswiftCore.dylib
0x00000001bc04f000 	/usr/lib/swift/libswiftCoreFoundation.dylib
0x00000001bc0a8000 	/usr/lib/swift/libswiftCoreImage.dylib
0x00000001a9679000 	/usr/lib/swift/libswiftDispatch.dylib
0x00000001bc0a9000 	/usr/lib/swift/libswiftIOKit.dylib
0x00000001c9b20000 	/usr/lib/swift/libswiftMetal.dylib
0x00000001d8caa000 	/usr/lib/swift/libswiftOSLog.dylib
0x00000001ac51d000 	/usr/lib/swift/libswiftObjectiveC.dylib
0x0000000289ed9000 	/usr/lib/swift/libswiftObservation.dylib
0x00000001ced63000 	/usr/lib/swift/libswiftQuartzCore.dylib
0x000000028a018000 	/usr/lib/swift/libswiftSynchronization.dylib
0x00000001d35ac000 	/usr/lib/swift/libswiftUniformTypeIdentifiers.dylib
0x00000001bc061000 	/usr/lib/swift/libswiftXPC.dylib
0x000000028a052000 	/usr/lib/swift/libswift_Builtin_float.dylib
0x000000028a055000 	/usr/lib/swift/libswift_Concurrency.dylib
0x00000001ac521000 	/usr/lib/swift/libswiftos.dylib
0x00000001bfa8b000 	/usr/lib/swift/libswiftsimd.dylib
0x000000019f81b000 	/usr/lib/libcompression.dylib
0x00000001a1ec7000 	/System/Library/PrivateFrameworks/TextureIO.framework/Versions/A/TextureIO
0x0000000197282000 	/System/Library/Frameworks/ApplicationServices.framework/Versions/A/Frameworks/HIServices.framework/Versions/A/HIServices
0x00000001a0d08000 	/usr/lib/libate.dylib
0x000000019f5e9000 	/usr/lib/system/libcache.dylib
0x000000019f5a4000 	/usr/lib/system/libcommonCrypto.dylib
0x000000019f5cf000 	/usr/lib/system/libcompiler_rt.dylib
0x000000019f5c4000 	/usr/lib/system/libcopyfile.dylib
0x000000018f966000 	/usr/lib/system/libcorecrypto.dylib
0x000000018fa5f000 	/usr/lib/system/libdispatch.dylib
0x000000018f81c000 	/usr/lib/system/libdyld.dylib
0x000000019f5df000 	/usr/lib/system/libkeymgr.dylib
0x000000019f587000 	/usr/lib/system/libmacho.dylib
0x000000019e884000 	/usr/lib/system/libquarantine.dylib
0x000000019f5dc000 	/usr/lib/system/libremovefile.dylib
0x00000001963ad000 	/usr/lib/system/libsystem_asl.dylib
0x000000018f8ec000 	/usr/lib/system/libsystem_blocks.dylib
0x000000018faa9000 	/usr/lib/system/libsystem_c.dylib
0x000000019f5d3000 	/usr/lib/system/libsystem_collections.dylib
0x000000019d305000 	/usr/lib/system/libsystem_configuration.dylib
0x000000019bebb000 	/usr/lib/system/libsystem_containermanager.dylib
0x000000019f007000 	/usr/lib/system/libsystem_coreservices.dylib
0x0000000193bc7000 	/usr/lib/system/libsystem_darwin.dylib
0x000000028a3a8000 	/usr/lib/system/libsystem_darwindirectory.dylib
0x000000019f5e0000 	/usr/lib/system/libsystem_dnssd.dylib
0x000000028a3ac000 	/usr/lib/system/libsystem_eligibility.dylib
0x000000018faa6000 	/usr/lib/system/libsystem_featureflags.dylib
0x000000018fc2d000 	/usr/lib/system/libsystem_info.dylib
0x000000019f548000 	/usr/lib/system/libsystem_m.dylib
0x000000018fa13000 	/usr/lib/system/libsystem_malloc.dylib
0x000000019630f000 	/usr/lib/system/libsystem_networkextension.dylib
0x0000000194038000 	/usr/lib/system/libsystem_notify.dylib
0x000000019d30a000 	/usr/lib/system/libsystem_sandbox.dylib
0x000000028a3b4000 	/usr/lib/system/libsystem_sanitizers.dylib
0x000000019f5d8000 	/usr/lib/system/libsystem_secinit.dylib
0x000000018fbda000 	/usr/lib/system/libsystem_kernel.dylib
0x000000018fc24000 	/usr/lib/system/libsystem_platform.dylib
0x000000018fc17000 	/usr/lib/system/libsystem_pthread.dylib
0x0000000197f53000 	/usr/lib/system/libsystem_symptoms.dylib
0x000000018f945000 	/usr/lib/system/libsystem_trace.dylib
0x000000028a3bc000 	/usr/lib/system/libsystem_trial.dylib
0x000000019f5b2000 	/usr/lib/system/libunwind.dylib
0x000000018f8f0000 	/usr/lib/system/libxpc.dylib
0x000000018fbbf000 	/usr/lib/libc++abi.dylib
0x0000000289c59000 	/usr/lib/libswiftPrespecialized.dylib
0x000000019f5f1000 	/usr/lib/libfakelink.dylib
0x0000000195f54000 	/System/Library/Frameworks/CFNetwork.framework/Versions/A/CFNetwork
0x000000019f645000 	/usr/lib/libarchive.2.dylib
0x00000001a5687000 	/System/Library/Frameworks/Combine.framework/Versions/A/Combine
0x0000000245240000 	/System/Library/PrivateFrameworks/CollectionsInternal.framework/Versions/A/CollectionsInternal
0x000000026baba000 	/System/Library/PrivateFrameworks/ReflectionInternal.framework/Versions/A/ReflectionInternal
0x000000026c943000 	/System/Library/PrivateFrameworks/RuntimeInternal.framework/Versions/A/RuntimeInternal
0x00000001b8ff2000 	/usr/lib/swift/libswiftDarwin.dylib
0x000000028a020000 	/usr/lib/swift/libswiftSystem.dylib
0x000000028a0df000 	/usr/lib/swift/libswift_DarwinFoundation1.dylib
0x000000028a1c0000 	/usr/lib/swift/libswift_StringProcessing.dylib
0x0000000193ecc000 	/System/Library/PrivateFrameworks/CoreServicesInternal.framework/Versions/A/CoreServicesInternal
0x000000019f5bc000 	/usr/lib/liboah.dylib
0x00000001ab971000 	/System/Library/PrivateFrameworks/DiskImages.framework/Versions/A/DiskImages
0x00000001b8ab5000 	/System/Library/Frameworks/NetFS.framework/Versions/A/NetFS
0x000000019a0bd000 	/System/Library/Frameworks/CoreServices.framework/Versions/A/Frameworks/FSEvents.framework/Versions/A/FSEvents
0x0000000193bd2000 	/System/Library/Frameworks/CoreServices.framework/Versions/A/Frameworks/CarbonCore.framework/Versions/A/CarbonCore
0x0000000199494000 	/System/Library/Frameworks/CoreServices.framework/Versions/A/Frameworks/Metadata.framework/Versions/A/Metadata
0x000000019f00e000 	/System/Library/Frameworks/CoreServices.framework/Versions/A/Frameworks/OSServices.framework/Versions/A/OSServices
0x000000019f73d000 	/System/Library/Frameworks/CoreServices.framework/Versions/A/Frameworks/SearchKit.framework/Versions/A/SearchKit
0x0000000197ecd000 	/System/Library/Frameworks/CoreServices.framework/Versions/A/Frameworks/AE.framework/Versions/A/AE
0x00000001901a4000 	/System/Library/Frameworks/CoreServices.framework/Versions/A/Frameworks/LaunchServices.framework/Versions/A/LaunchServices
0x00000001a0b5e000 	/System/Library/Frameworks/CoreServices.framework/Versions/A/Frameworks/DictionaryServices.framework/Versions/A/DictionaryServices
0x000000019a0cb000 	/System/Library/Frameworks/CoreServices.framework/Versions/A/Frameworks/SharedFileList.framework/Versions/A/SharedFileList
0x000000019f7d2000 	/usr/lib/libapple_nghttp2.dylib
0x0000000197ae7000 	/usr/lib/libsqlite3.dylib
0x00000001abbb9000 	/System/Library/PrivateFrameworks/AppSupport.framework/Versions/A/AppSupport
0x00000001a3b8f000 	/System/Library/Frameworks/GSS.framework/Versions/A/GSS
0x0000000197e61000 	/System/Library/PrivateFrameworks/RunningBoardServices.framework/Versions/A/RunningBoardServices
0x00000001ac4ab000 	/System/Library/PrivateFrameworks/StreamingZip.framework/Versions/A/StreamingZip
0x0000000197f5c000 	/System/Library/Frameworks/Network.framework/Versions/A/Network
0x000000019f58b000 	/usr/lib/system/libkxld.dylib
0x0000000240b7c000 	/System/Library/PrivateFrameworks/AppleKeyStore.framework/Versions/A/AppleKeyStore
0x0000000288967000 	/usr/lib/libCoreEntitlements.dylib
0x0000000261a39000 	/System/Library/PrivateFrameworks/MessageSecurity.framework/Versions/A/MessageSecurity
0x0000000197acb000 	/System/Library/PrivateFrameworks/ProtocolBuffer.framework/Versions/A/ProtocolBuffer
0x00000001a8a8a000 	/System/Library/PrivateFrameworks/SymptomDiagnosticReporter.framework/Versions/A/SymptomDiagnosticReporter
0x00000001a0da2000 	/System/Library/PrivateFrameworks/CrashReporterSupport.framework/Versions/A/CrashReporterSupport
0x000000019efee000 	/System/Library/PrivateFrameworks/AppleFSCompression.framework/Versions/A/AppleFSCompression
0x000000019e894000 	/usr/lib/libcoretls.dylib
0x00000001a0bd5000 	/usr/lib/libcoretls_cfhelpers.dylib
0x000000019f814000 	/usr/lib/libpam.2.dylib
0x00000001a0c47000 	/usr/lib/libxar.1.dylib
0x00000001a0bd7000 	/System/Library/PrivateFrameworks/APFS.framework/Versions/A/APFS
0x000000027722e000 	/System/Library/PrivateFrameworks/SwiftASN1Internal.framework/Versions/A/SwiftASN1Internal
0x00000001a0c56000 	/usr/lib/libutil.dylib
0x000000019d313000 	/System/Library/PrivateFrameworks/AppleSystemInfo.framework/Versions/A/AppleSystemInfo
0x000000019e57c000 	/System/Library/PrivateFrameworks/IOMobileFramebuffer.framework/Versions/A/IOMobileFramebuffer
0x00000001bbf15000 	/System/Library/PrivateFrameworks/LoggingSupport.framework/Versions/A/LoggingSupport
0x00000001a3bf2000 	/System/Library/PrivateFrameworks/MobileAsset.framework/Versions/A/MobileAsset
0x00000001a8a9a000 	/System/Library/PrivateFrameworks/PowerLog.framework/Versions/A/PowerLog
0x000000023a122000 	/System/Library/Frameworks/SwiftData.framework/Versions/A/SwiftData
0x000000019a2ef000 	/System/Library/PrivateFrameworks/UserManagement.framework/Versions/A/UserManagement
0x0000000195e80000 	/usr/lib/libboringssl.dylib
0x0000000197f41000 	/usr/lib/libdns_services.dylib
0x00000001baf1f000 	/usr/lib/libquic.dylib
0x00000001a2def000 	/usr/lib/libusrtcp.dylib
0x0000000241900000 	/System/Library/PrivateFrameworks/AtomicsInternal.framework/Versions/A/AtomicsInternal
0x00000001e1160000 	/System/Library/PrivateFrameworks/InternalSwiftProtobuf.framework/Versions/A/InternalSwiftProtobuf
0x0000000289eb0000 	/usr/lib/swift/libswiftDistributed.dylib
0x000000019d311000 	/System/Library/PrivateFrameworks/AggregateDictionary.framework/Versions/A/AggregateDictionary
0x0000000242086000 	/System/Library/PrivateFrameworks/BiomeLibrary.framework/Versions/A/BiomeLibrary
0x00000001caab0000 	/System/Library/PrivateFrameworks/BiomeStreams.framework/Versions/A/BiomeStreams
0x00000001c6d43000 	/System/Library/PrivateFrameworks/BiomeFoundation.framework/Versions/A/BiomeFoundation
0x00000001d0b1c000 	/System/Library/PrivateFrameworks/BiomePubSub.framework/Versions/A/BiomePubSub
0x00000001ad4cf000 	/System/Library/PrivateFrameworks/ProactiveSupport.framework/Versions/A/ProactiveSupport
0x00000001a0bb6000 	/usr/lib/liblzma.5.dylib
0x00000001abed0000 	/System/Library/PrivateFrameworks/InternationalTextSearch.framework/Versions/A/InternationalTextSearch
0x00000001c328a000 	/System/Library/PrivateFrameworks/SoftwareUpdateCoreSupport.framework/Versions/A/SoftwareUpdateCoreSupport
0x00000001cb51b000 	/System/Library/PrivateFrameworks/SoftwareUpdateCoreConnect.framework/Versions/A/SoftwareUpdateCoreConnect
0x00000001aba6f000 	/System/Library/PrivateFrameworks/RemoteServiceDiscovery.framework/Versions/A/RemoteServiceDiscovery
0x00000001c2e86000 	/System/Library/PrivateFrameworks/MSUDataAccessor.framework/Versions/A/MSUDataAccessor
0x00000001be038000 	/usr/lib/libbootpolicy.dylib
0x00000001aba86000 	/System/Library/PrivateFrameworks/RemoteXPC.framework/Versions/A/RemoteXPC
0x00000001ca97c000 	/usr/lib/libFDR.dylib
0x00000001d073e000 	/usr/lib/libamsupport.dylib
0x0000000288c7b000 	/usr/lib/libReverseProxyDevice.dylib
0x00000002404d6000 	/System/Library/PrivateFrameworks/AppleDeviceQuerySupport.framework/Versions/A/AppleDeviceQuerySupport
0x00000001d37bf000 	/usr/lib/libpartition2_dynamic.dylib
0x000000019f7ae000 	/System/Library/PrivateFrameworks/AppleSauce.framework/Versions/A/AppleSauce
0x0000000288808000 	/usr/lib/libAppleArchive.dylib
0x000000019effa000 	/usr/lib/libbz2.1.0.dylib
0x000000019952a000 	/System/Library/Frameworks/Accelerate.framework/Versions/A/Frameworks/vImage.framework/Versions/A/vImage
0x00000001a7957000 	/System/Library/Frameworks/Accelerate.framework/Versions/A/Frameworks/vecLib.framework/Versions/A/vecLib
0x00000001a0c8d000 	/System/Library/Frameworks/Accelerate.framework/Versions/A/Frameworks/vecLib.framework/Versions/A/libvMisc.dylib
0x00000001906a1000 	/System/Library/Frameworks/Accelerate.framework/Versions/A/Frameworks/vecLib.framework/Versions/A/libBLAS.dylib
0x000000019a22a000 	/System/Library/Frameworks/CoreVideo.framework/Versions/A/CoreVideo
0x00000001a3797000 	/System/Library/Frameworks/ApplicationServices.framework/Versions/A/Frameworks/ATS.framework/Versions/A/ATS
0x00000001a1e50000 	/System/Library/Frameworks/ApplicationServices.framework/Versions/A/Frameworks/PrintCore.framework/Versions/A/PrintCore
0x00000001a3b58000 	/System/Library/Frameworks/ApplicationServices.framework/Versions/A/Frameworks/QD.framework/Versions/A/QD
0x00000001a3b53000 	/System/Library/Frameworks/ApplicationServices.framework/Versions/A/Frameworks/ColorSyncLegacy.framework/Versions/A/ColorSyncLegacy
0x00000001a3769000 	/System/Library/Frameworks/ApplicationServices.framework/Versions/A/Frameworks/SpeechSynthesis.framework/Versions/A/SpeechSynthesis
0x000000019c3e5000 	/System/Library/PrivateFrameworks/FontServices.framework/libFontParser.dylib
0x00000001ab795000 	/System/Library/PrivateFrameworks/BackBoardServices.framework/Versions/A/BackBoardServices
0x0000000241fa1000 	/System/Library/PrivateFrameworks/BackBoardHIDEventFoundation.framework/Versions/A/BackBoardHIDEventFoundation
0x0000000192609000 	/System/Library/Frameworks/CoreDisplay.framework/Versions/A/CoreDisplay
0x00000001a1787000 	/System/Library/Frameworks/VideoToolbox.framework/Versions/A/VideoToolbox
0x000000019f812000 	/System/Library/Frameworks/MetalPerformanceShaders.framework/Versions/A/MetalPerformanceShaders
0x000000026abec000 	/System/Library/PrivateFrameworks/ProDisplayLibrary.framework/Versions/A/ProDisplayLibrary
0x00000001af4da000 	/System/Library/PrivateFrameworks/IOSurfaceAccelerator.framework/Versions/A/IOSurfaceAccelerator
0x000000019bf11000 	/System/Library/PrivateFrameworks/IOAccelerator.framework/Versions/A/IOAccelerator
0x000000019c229000 	/System/Library/Frameworks/CoreMedia.framework/Versions/A/CoreMedia
0x00000001963c5000 	/System/Library/PrivateFrameworks/TCC.framework/Versions/A/TCC
0x00000001a173f000 	/System/Library/PrivateFrameworks/WatchdogClient.framework/Versions/A/WatchdogClient
0x00000001d0b7a000 	/System/Library/PrivateFrameworks/BiomeStorage.framework/Versions/A/BiomeStorage
0x000000025c6c3000 	/System/Library/PrivateFrameworks/IntelligencePlatformLibrary.framework/Versions/A/IntelligencePlatformLibrary
0x0000000269f21000 	/System/Library/PrivateFrameworks/PoirotSchematizer.framework/Versions/A/PoirotSchematizer
0x00000002428c9000 	/System/Library/PrivateFrameworks/BiomeSync.framework/Versions/A/BiomeSync
0x000000024206c000 	/System/Library/PrivateFrameworks/BiomeDSL.framework/Versions/A/BiomeDSL
0x0000000269f8b000 	/System/Library/PrivateFrameworks/PoirotUDFs.framework/Versions/A/PoirotUDFs
0x0000000269ef0000 	/System/Library/PrivateFrameworks/PoirotSQLite.framework/Versions/A/PoirotSQLite
0x00000001a9ef8000 	/System/Library/PrivateFrameworks/CoreTime.framework/Versions/A/CoreTime
0x000000019f62a000 	/usr/lib/libiconv.2.dylib
0x000000019f586000 	/usr/lib/libcharset.1.dylib
0x000000028a120000 	/usr/lib/swift/libswift_RegexParser.dylib
0x0000000243ece000 	/System/Library/PrivateFrameworks/CascadeSets.framework/Versions/A/CascadeSets
0x00000001a3d5f000 	/System/Library/PrivateFrameworks/CorePhoneNumbers.framework/Versions/A/CorePhoneNumbers
0x00000001a1609000 	/System/Library/PrivateFrameworks/AppleJPEG.framework/Versions/A/AppleJPEG
0x00000001a0ffa000 	/usr/lib/libexpat.1.dylib
0x00000001a1d23000 	/System/Library/Frameworks/ImageIO.framework/Versions/A/Resources/libPng.dylib
0x00000001a1d4f000 	/System/Library/Frameworks/ImageIO.framework/Versions/A/Resources/libTIFF.dylib
0x00000001a1e39000 	/System/Library/Frameworks/ImageIO.framework/Versions/A/Resources/libGIF.dylib
0x00000001a164e000 	/System/Library/Frameworks/ImageIO.framework/Versions/A/Resources/libJP2.dylib
0x00000001a1ddf000 	/System/Library/Frameworks/ImageIO.framework/Versions/A/Resources/libJPEG.dylib
0x00000001a1dd6000 	/System/Library/Frameworks/ImageIO.framework/Versions/A/Resources/libRadiance.dylib
0x0000000252ffe000 	/System/Library/PrivateFrameworks/GPUCompiler.framework/Versions/32023/Libraries/libllvm-flatbuffers.dylib
0x000000024d90a000 	/System/Library/PrivateFrameworks/FramePacing.framework/Versions/A/FramePacing
0x00000001f51f3000 	/System/Library/Frameworks/OpenGL.framework/Versions/A/Libraries/libCoreFSCache.dylib
0x000000024ea4b000 	/System/Library/PrivateFrameworks/GPUCompiler.framework/Versions/32023/Libraries/libGPUCompilerUtils.dylib
0x00000001a9aa9000 	/System/Library/PrivateFrameworks/GraphicsServices.framework/Versions/A/GraphicsServices
0x00000001ad65b000 	/System/Library/PrivateFrameworks/ASEProcessing.framework/Versions/A/ASEProcessing
0x00000001dca8e000 	/System/Library/PrivateFrameworks/Symbolication.framework/Versions/A/Symbolication
0x0000000269b12000 	/System/Library/PrivateFrameworks/PhotosensitivityProcessing.framework/Versions/A/PhotosensitivityProcessing
0x00000001a122b000 	/System/Library/PrivateFrameworks/GraphVisualizer.framework/Versions/A/GraphVisualizer
0x00000001f5252000 	/System/Library/Frameworks/OpenGL.framework/Versions/A/Libraries/libGLU.dylib
0x00000001f5215000 	/System/Library/Frameworks/OpenGL.framework/Versions/A/Libraries/libGFXShared.dylib
0x00000001f53e1000 	/System/Library/Frameworks/OpenGL.framework/Versions/A/Libraries/libGL.dylib
0x00000001f521e000 	/System/Library/Frameworks/OpenGL.framework/Versions/A/Libraries/libGLImage.dylib
0x00000001f5212000 	/System/Library/Frameworks/OpenGL.framework/Versions/A/Libraries/libCVMSPluginSupport.dylib
0x00000001f51fb000 	/System/Library/Frameworks/OpenGL.framework/Versions/A/Libraries/libCoreVMClient.dylib
0x000000024d815000 	/System/Library/PrivateFrameworks/FontServices.framework/Versions/A/FontServices
0x00000001a123b000 	/System/Library/PrivateFrameworks/OTSVG.framework/Versions/A/OTSVG
0x0000000199d71000 	/System/Library/Frameworks/ApplicationServices.framework/Versions/A/Frameworks/ATS.framework/Versions/A/Resources/libFontRegistry.dylib
0x000000028921b000 	/usr/lib/libhvf.dylib
0x0000000266991000 	/System/Library/PrivateFrameworks/ParsingInternal.framework/Versions/A/ParsingInternal
0x000000024d819000 	/System/Library/PrivateFrameworks/FontServices.framework/libXTFontStaticRegistryData.dylib
0x000000019d252000 	/System/Library/Frameworks/MetalPerformanceShaders.framework/Versions/A/Frameworks/MPSCore.framework/Versions/A/MPSCore
0x000000019ef59000 	/System/Library/Frameworks/MetalPerformanceShaders.framework/Versions/A/Frameworks/MPSImage.framework/Versions/A/MPSImage
0x000000019e937000 	/System/Library/Frameworks/MetalPerformanceShaders.framework/Versions/A/Frameworks/MPSNeuralNetwork.framework/Versions/A/MPSNeuralNetwork
0x000000019ed6f000 	/System/Library/Frameworks/MetalPerformanceShaders.framework/Versions/A/Frameworks/MPSMatrix.framework/Versions/A/MPSMatrix
0x000000019eb84000 	/System/Library/Frameworks/MetalPerformanceShaders.framework/Versions/A/Frameworks/MPSRayIntersector.framework/Versions/A/MPSRayIntersector
0x000000019eda1000 	/System/Library/Frameworks/MetalPerformanceShaders.framework/Versions/A/Frameworks/MPSNDArray.framework/Versions/A/MPSNDArray
0x0000000237107000 	/System/Library/Frameworks/MetalPerformanceShaders.framework/Versions/A/Frameworks/MPSFunctions.framework/Versions/A/MPSFunctions
0x00000002370e8000 	/System/Library/Frameworks/MetalPerformanceShaders.framework/Versions/A/Frameworks/MPSBenchmarkLoop.framework/Versions/A/MPSBenchmarkLoop
0x00000001904bd000 	/System/Library/PrivateFrameworks/MetalTools.framework/Versions/A/MetalTools
0x00000001c111c000 	/System/Library/PrivateFrameworks/IOAccelMemoryInfo.framework/Versions/A/IOAccelMemoryInfo
0x00000001cf158000 	/System/Library/PrivateFrameworks/kperf.framework/Versions/A/kperf
0x00000001bc02b000 	/System/Library/PrivateFrameworks/GPURawCounter.framework/Versions/A/GPURawCounter
0x00000001a9de1000 	/System/Library/PrivateFrameworks/CoreSymbolication.framework/Versions/A/CoreSymbolication
0x00000001bbfa2000 	/System/Library/PrivateFrameworks/MallocStackLogging.framework/Versions/A/MallocStackLogging
0x00000001a9dbe000 	/System/Library/PrivateFrameworks/DebugSymbols.framework/Versions/A/DebugSymbols
0x00000001cd9c6000 	/System/Library/PrivateFrameworks/OSAnalytics.framework/Versions/A/OSAnalytics
0x000000024b793000 	/System/Library/PrivateFrameworks/DeviceRecovery.framework/Versions/A/DeviceRecovery
0x0000000234f4a000 	/System/Library/Frameworks/ExtensionFoundation.framework/Versions/A/ExtensionFoundation
0x00000001a127c000 	/System/Library/PrivateFrameworks/AppServerSupport.framework/Versions/A/AppServerSupport
0x00000001a0ef9000 	/System/Library/PrivateFrameworks/PlugInKit.framework/Versions/A/PlugInKit
0x000000019e7a5000 	/System/Library/PrivateFrameworks/AssertionServices.framework/Versions/A/AssertionServices
0x00000001a101f000 	/System/Library/PrivateFrameworks/IconFoundation.framework/Versions/A/IconFoundation
0x00000002595be000 	/System/Library/PrivateFrameworks/IconRendering.framework/Versions/A/IconRendering
0x000000026caf4000 	/System/Library/PrivateFrameworks/SFSymbols.framework/Versions/A/SFSymbols
0x000000019272d000 	/System/Library/PrivateFrameworks/AudioToolboxCore.framework/Versions/A/AudioToolboxCore
0x00000001a36d1000 	/System/Library/PrivateFrameworks/AudioSession.framework/Versions/A/AudioSession
0x00000001ae87a000 	/System/Library/Frameworks/CoreMIDI.framework/Versions/A/CoreMIDI
0x00000001a3750000 	/usr/lib/libAudioStatistics.dylib
0x000000019c200000 	/System/Library/PrivateFrameworks/caulk.framework/Versions/A/caulk
0x00000001a1cfd000 	/usr/lib/libAudioToolboxUtility.dylib
0x00000001bc02f000 	/usr/lib/swift/libswiftCoreAudio.dylib
0x00000001c26f3000 	/usr/lib/swift/libswiftCoreMIDI.dylib
0x00000001a3b61000 	/System/Library/PrivateFrameworks/perfdata.framework/Versions/A/perfdata
0x00000001bb01d000 	/System/Library/PrivateFrameworks/SystemPolicy.framework/Versions/A/SystemPolicy
0x00000001a3a06000 	/usr/lib/libSMC.dylib
0x00000001a3b6f000 	/usr/lib/libperfcheck.dylib
0x00000002419c0000 	/System/Library/PrivateFrameworks/AudioAnalytics.framework/Versions/A/AudioAnalytics
0x000000028a0e3000 	/usr/lib/swift/libswift_DarwinFoundation2.dylib
0x000000028a0e4000 	/usr/lib/swift/libswift_DarwinFoundation3.dylib
0x00000001e0e70000 	/System/Library/Frameworks/OSLog.framework/Versions/A/OSLog
0x00000001bbfd4000 	/usr/lib/libmis.dylib
0x00000001a113c000 	/System/Library/PrivateFrameworks/MediaExperience.framework/Versions/A/MediaExperience
0x00000001a34a0000 	/System/Library/PrivateFrameworks/AudioSession.framework/libSessionUtility.dylib
0x00000001a1e3f000 	/System/Library/PrivateFrameworks/CMCaptureCore.framework/Versions/A/CMCaptureCore
0x00000001a8979000 	/System/Library/Frameworks/CoreBluetooth.framework/Versions/A/CoreBluetooth
0x000000019e611000 	/System/Library/PrivateFrameworks/CoreUtils.framework/Versions/A/CoreUtils
0x00000001b42e1000 	/System/Library/PrivateFrameworks/HID.framework/Versions/A/HID
0x000000024abb8000 	/System/Library/PrivateFrameworks/CoreUtilsExtras.framework/Versions/A/CoreUtilsExtras
0x0000000259520000 	/System/Library/PrivateFrameworks/IO80211.framework/Versions/A/IO80211
0x00000001a53de000 	/System/Library/Frameworks/IOBluetooth.framework/Versions/A/IOBluetooth
0x00000002415e0000 	/System/Library/PrivateFrameworks/ArgumentParserInternal.framework/Versions/A/ArgumentParserInternal
0x00000001a0d99000 	/usr/lib/libIOReport.dylib
0x000000019e7b4000 	/System/Library/Frameworks/SecurityFoundation.framework/Versions/A/SecurityFoundation
0x0000000190e80000 	/System/Library/PrivateFrameworks/Lexicon.framework/Versions/A/Lexicon
0x000000019e91f000 	/usr/lib/libgermantok.dylib
0x000000019d43c000 	/System/Library/PrivateFrameworks/LinguisticData.framework/Versions/A/LinguisticData
0x00000001a8b8c000 	/System/Library/PrivateFrameworks/MediaKit.framework/Versions/A/MediaKit
0x00000001a8ad7000 	/System/Library/Frameworks/DiscRecording.framework/Versions/A/DiscRecording
0x00000001a1015000 	/usr/lib/libheimdal-asn1.dylib
0x00000001ac481000 	/System/Library/Frameworks/AudioUnit.framework/Versions/A/AudioUnit
0x000000019a090000 	/System/Library/Frameworks/OpenDirectory.framework/Versions/A/OpenDirectory
0x000000019a09e000 	/System/Library/Frameworks/OpenDirectory.framework/Versions/A/Frameworks/CFOpenDirectory.framework/Versions/A/CFOpenDirectory
0x00000001f5765000 	/System/Library/Frameworks/AVFAudio.framework/Versions/A/AVFAudio
0x00000001b529f000 	/usr/lib/libAccessibility.dylib
0x000000025d257000 	/System/Library/PrivateFrameworks/IsolatedCoreAudioClient.framework/Versions/A/IsolatedCoreAudioClient
0x00000001d750c000 	/usr/lib/swift/libswiftCoreMedia.dylib
0x000000027a701000 	/System/Library/PrivateFrameworks/Tightbeam.framework/Versions/A/Tightbeam
0x0000000246acf000 	/System/Library/PrivateFrameworks/CoreAudioOrchestration.framework/Versions/A/CoreAudioOrchestration
0x00000001d3d08000 	/System/Library/PrivateFrameworks/AFKUser.framework/Versions/A/AFKUser
0x00000001a7c44000 	/System/Library/Frameworks/MediaAccessibility.framework/Versions/A/MediaAccessibility
0x000000027e89f000 	/System/Library/PrivateFrameworks/VideoToolboxParavirtualizationSupport.framework/Versions/A/VideoToolboxParavirtualizationSupport
0x00000001a0fb1000 	/System/Library/PrivateFrameworks/AppleVA.framework/Versions/A/AppleVA
0x00000001a1dd1000 	/System/Library/PrivateFrameworks/GPUWrangler.framework/Versions/A/GPUWrangler
0x00000001a1db1000 	/System/Library/PrivateFrameworks/IOPresentment.framework/Versions/A/IOPresentment
0x00000001a1dd9000 	/System/Library/PrivateFrameworks/DSExternalDisplay.framework/Versions/A/DSExternalDisplay
0x0000000241437000 	/System/Library/PrivateFrameworks/AppleMobileFileIntegrity.framework/Versions/A/AppleMobileFileIntegrity
0x0000000288d0c000 	/usr/lib/libTLE.dylib
0x00000001f1f88000 	/System/Library/PrivateFrameworks/ConfigProfileHelper.framework/Versions/A/ConfigProfileHelper
0x00000001e6d71000 	/usr/lib/libedit.3.dylib
0x000000025e705000 	/System/Library/PrivateFrameworks/MIL.framework/Versions/A/MIL
0x00000001c10df000 	/usr/lib/libncurses.5.4.dylib
0x000000019e546000 	/System/Library/PrivateFrameworks/CoreEmoji.framework/Versions/A/CoreEmoji
0x000000019119b000 	/usr/lib/libCRFSuite.dylib
0x000000019d31a000 	/System/Library/PrivateFrameworks/CoreNLP.framework/Versions/A/CoreNLP
0x000000019e8be000 	/usr/lib/libmecab.dylib
0x000000019f7a5000 	/usr/lib/libThaiTokenizer.dylib
0x00000001e1321000 	/System/Library/PrivateFrameworks/HIDDisplay.framework/Versions/A/HIDDisplay
0x00000001a1e0b000 	/System/Library/Frameworks/ApplicationServices.framework/Versions/A/Frameworks/ATSUI.framework/Versions/A/ATSUI
0x00000001a3ae7000 	/usr/lib/libcups.2.dylib
0x00000001a3b7d000 	/System/Library/Frameworks/Kerberos.framework/Versions/A/Kerberos
0x00000001a37df000 	/usr/lib/libresolv.9.dylib
0x00000001a1290000 	/System/Library/PrivateFrameworks/Heimdal.framework/Versions/A/Heimdal
0x00000001ac480000 	/System/Library/Frameworks/Kerberos.framework/Versions/A/Libraries/libHeimdalProxy.dylib
0x00000001a3be1000 	/System/Library/PrivateFrameworks/CommonAuth.framework/Versions/A/CommonAuth
0x00000001b519d000 	/System/Library/PrivateFrameworks/AXCoreUtilities.framework/Versions/A/AXCoreUtilities
0x0000000288722000 	/usr/lib/libAXSafeCategoryBundle.dylib
0x000000019e42b000 	/System/Library/Frameworks/Accelerate.framework/Versions/A/Frameworks/vecLib.framework/Versions/A/libvDSP.dylib
0x000000019f8f2000 	/System/Library/Frameworks/Accelerate.framework/Versions/A/Frameworks/vecLib.framework/Versions/A/libLAPACK.dylib
0x000000019e922000 	/System/Library/Frameworks/Accelerate.framework/Versions/A/Frameworks/vecLib.framework/Versions/A/libLinearAlgebra.dylib
0x000000019f7eb000 	/System/Library/Frameworks/Accelerate.framework/Versions/A/Frameworks/vecLib.framework/Versions/A/libSparseBLAS.dylib
0x000000019f8ed000 	/System/Library/Frameworks/Accelerate.framework/Versions/A/Frameworks/vecLib.framework/Versions/A/libQuadrature.dylib
0x000000019d443000 	/System/Library/Frameworks/Accelerate.framework/Versions/A/Frameworks/vecLib.framework/Versions/A/libBNNS.dylib
0x0000000190f94000 	/System/Library/Frameworks/Accelerate.framework/Versions/A/Frameworks/vecLib.framework/Versions/A/libSparse.dylib
0x00000001a3b46000 	/System/Library/PrivateFrameworks/NetAuth.framework/Versions/A/NetAuth
0x000000019a2ae000 	/System/Library/PrivateFrameworks/login.framework/Versions/A/Frameworks/loginsupport.framework/Versions/A/loginsupport
0x000000019e888000 	/usr/lib/libCheckFix.dylib
0x000000019942e000 	/System/Library/PrivateFrameworks/MetadataUtilities.framework/Versions/A/MetadataUtilities
0x0000000259fcd000 	/System/Library/PrivateFrameworks/InstalledContentLibrary.framework/Versions/A/InstalledContentLibrary
0x0000000193f0d000 	/System/Library/PrivateFrameworks/CoreServicesStore.framework/Versions/A/CoreServicesStore
0x00000001cf25f000 	/System/Library/PrivateFrameworks/MobileSystemServices.framework/Versions/A/MobileSystemServices
0x00000001a0c5a000 	/usr/lib/libxslt.1.dylib
0x000000019e847000 	/System/Library/PrivateFrameworks/BackgroundTaskManagement.framework/Versions/A/BackgroundTaskManagement
0x00000001abb31000 	/usr/lib/libcurl.4.dylib
0x0000000288f45000 	/usr/lib/libcrypto.46.dylib
0x0000000289be6000 	/usr/lib/libssl.48.dylib
0x00000001ab807000 	/System/Library/Frameworks/LDAP.framework/Versions/A/LDAP
0x00000001ab843000 	/System/Library/PrivateFrameworks/TrustEvaluationAgent.framework/Versions/A/TrustEvaluationAgent
0x00000001a37fc000 	/usr/lib/libsasl2.2.dylib
0x00000001b8ff1000 	/usr/lib/swift/libswiftCoreGraphics.dylib
0x00000001a8340000 	/usr/lib/swift/libswiftFoundation.dylib
0x00000001f1946000 	/usr/lib/swift/libswiftSwiftOnoneSupport.dylib
0x000000028a255000 	/usr/lib/swift/libswiftsys_time.dylib
0x00000001dd248000 	/System/Library/PrivateFrameworks/CoreMaterial.framework/Versions/A/CoreMaterial
0x0000000289f9b000 	/usr/lib/swift/libswiftSpatial.dylib
0x0000000288d09000 	/usr/lib/libSpatial.dylib
0x0000000288640000 	/System/Library/SubFrameworks/UIUtilities.framework/Versions/A/UIUtilities
0x0000000105d00000 	/Users/gianfrancoscapin/Library/Java/JavaVirtualMachines/jbr-17.0.9/Contents/Home/lib/server/libjvm.dylib
0x0000000104a04000 	/Users/gianfrancoscapin/Library/Java/JavaVirtualMachines/jbr-17.0.9/Contents/Home/lib/libjimage.dylib
0x0000000104a30000 	/Users/gianfrancoscapin/Library/Java/JavaVirtualMachines/jbr-17.0.9/Contents/Home/lib/libinstrument.dylib
0x0000000104a7c000 	/Users/gianfrancoscapin/Library/Java/JavaVirtualMachines/jbr-17.0.9/Contents/Home/lib/libjava.dylib
0x00000001059cc000 	/Users/gianfrancoscapin/Library/Java/JavaVirtualMachines/jbr-17.0.9/Contents/Home/lib/libzip.dylib
0x0000000105a14000 	/Users/gianfrancoscapin/Library/Java/JavaVirtualMachines/jbr-17.0.9/Contents/Home/lib/libnio.dylib
0x0000000105a58000 	/Users/gianfrancoscapin/Library/Java/JavaVirtualMachines/jbr-17.0.9/Contents/Home/lib/libnet.dylib
0x00000001059f4000 	/Users/gianfrancoscapin/Library/Java/JavaVirtualMachines/jbr-17.0.9/Contents/Home/lib/libverify.dylib
0x0000000105a34000 	/Users/gianfrancoscapin/.gradle/native/1def1411415f61bf3af743bc5b6707747c0891f09f0c88961ee8f79bc544acac/osx-aarch64/libnative-platform.dylib
0x0000000105c00000 	/Users/gianfrancoscapin/.gradle/native/0.2.7/aarch64-macos/libgradle-fileevents.dylib
0x0000000105a44000 	/Users/gianfrancoscapin/Library/Java/JavaVirtualMachines/jbr-17.0.9/Contents/Home/lib/libmanagement.dylib
0x0000000105a7c000 	/Users/gianfrancoscapin/Library/Java/JavaVirtualMachines/jbr-17.0.9/Contents/Home/lib/libmanagement_ext.dylib
0x0000000105a90000 	/Users/gianfrancoscapin/Library/Java/JavaVirtualMachines/jbr-17.0.9/Contents/Home/lib/libextnet.dylib
0x0000000105aa4000 	/Users/gianfrancoscapin/Library/Java/JavaVirtualMachines/jbr-17.0.9/Contents/Home/lib/librmi.dylib
0x0000000125984000 	/Users/gianfrancoscapin/Library/Java/JavaVirtualMachines/jbr-17.0.9/Contents/Home/lib/libawt.dylib
0x0000000125900000 	/Users/gianfrancoscapin/Library/Java/JavaVirtualMachines/jbr-17.0.9/Contents/Home/lib/libmlib_image.dylib
0x000000023629a000 	/System/Library/Frameworks/JavaRuntimeSupport.framework/Versions/A/JavaRuntimeSupport
0x00000001ba9ed000 	/System/Library/Frameworks/Carbon.framework/Versions/A/Carbon
0x00000001b0fdb000 	/System/Library/Frameworks/Carbon.framework/Versions/A/Frameworks/CommonPanels.framework/Versions/A/CommonPanels
0x00000001abb1c000 	/System/Library/Frameworks/Carbon.framework/Versions/A/Frameworks/Help.framework/Versions/A/Help
0x00000001b0fdf000 	/System/Library/Frameworks/Carbon.framework/Versions/A/Frameworks/ImageCapture.framework/Versions/A/ImageCapture
0x00000001b0fba000 	/System/Library/Frameworks/Carbon.framework/Versions/A/Frameworks/OpenScripting.framework/Versions/A/OpenScripting
0x00000001b0fda000 	/System/Library/Frameworks/Carbon.framework/Versions/A/Frameworks/Ink.framework/Versions/A/Ink
0x00000001b0fd7000 	/System/Library/Frameworks/Carbon.framework/Versions/A/Frameworks/SecurityHI.framework/Versions/A/SecurityHI
0x0000000288b63000 	/usr/lib/libInterpreterSecurity.dylib
0x00000001d0e87000 	/System/Library/PrivateFrameworks/XprotectFramework.framework/Versions/A/XprotectFramework
0x00000001b45f6000 	/System/Library/PrivateFrameworks/yara.framework/Versions/A/yara
0x0000000288ae0000 	/usr/lib/libEndpointSecuritySystem.dylib
0x0000000125bac000 	/Users/gianfrancoscapin/Library/Java/JavaVirtualMachines/jbr-17.0.9/Contents/Home/lib/libawt_lwawt.dylib
0x0000000105c84000 	/Users/gianfrancoscapin/Library/Java/JavaVirtualMachines/jbr-17.0.9/Contents/Home/lib/libosxapp.dylib
0x00000001b9058000 	/System/Library/Frameworks/ExceptionHandling.framework/Versions/A/ExceptionHandling
0x0000000142288000 	/Users/gianfrancoscapin/Library/Java/JavaVirtualMachines/jbr-17.0.9/Contents/Home/lib/libfontmanager.dylib
0x0000000125ad0000 	/Users/gianfrancoscapin/Library/Java/JavaVirtualMachines/jbr-17.0.9/Contents/Home/lib/libfreetype.dylib


VM Arguments:
jvm_args: --add-opens=java.base/java.lang=ALL-UNNAMED --add-opens=java.base/java.lang.invoke=ALL-UNNAMED --add-opens=java.base/java.util=ALL-UNNAMED --add-opens=java.prefs/java.util.prefs=ALL-UNNAMED --add-exports=jdk.compiler/com.sun.tools.javac.api=ALL-UNNAMED --add-exports=jdk.compiler/com.sun.tools.javac.util=ALL-UNNAMED --add-opens=java.base/java.util=ALL-UNNAMED --add-opens=java.prefs/java.util.prefs=ALL-UNNAMED --add-opens=java.base/java.nio.charset=ALL-UNNAMED --add-opens=java.base/java.net=ALL-UNNAMED --add-opens=java.base/java.util.concurrent.atomic=ALL-UNNAMED --add-opens=java.xml/javax.xml.namespace=ALL-UNNAMED -Xmx2048m -Dfile.encoding=UTF-8 -Duser.country=AR -Duser.language=en -Duser.variant -javaagent:/Users/gianfrancoscapin/.gradle/wrapper/dists/gradle-8.13-bin/5xuhj0ry160q40clulazy9h7d/gradle-8.13/lib/agents/gradle-instrumentation-agent-8.13.jar 
java_command: org.gradle.launcher.daemon.bootstrap.GradleDaemon 8.13
java_class_path (initial): /Users/gianfrancoscapin/.gradle/wrapper/dists/gradle-8.13-bin/5xuhj0ry160q40clulazy9h7d/gradle-8.13/lib/gradle-daemon-main-8.13.jar
Launcher Type: SUN_STANDARD

[Global flags]
     intx CICompilerCount                          = 4                                         {product} {ergonomic}
     uint ConcGCThreads                            = 2                                         {product} {ergonomic}
     uint G1ConcRefinementThreads                  = 9                                         {product} {ergonomic}
   size_t G1HeapRegionSize                         = 1048576                                   {product} {ergonomic}
    uintx GCDrainStackTargetSize                   = 64                                        {product} {ergonomic}
   size_t InitialHeapSize                          = 301989888                                 {product} {ergonomic}
   size_t MarkStackSize                            = 4194304                                   {product} {ergonomic}
   size_t MaxHeapSize                              = 2147483648                                {product} {command line}
   size_t MaxNewSize                               = 1287651328                                {product} {ergonomic}
   size_t MinHeapDeltaBytes                        = 1048576                                   {product} {ergonomic}
   size_t MinHeapSize                              = 8388608                                   {product} {ergonomic}
    uintx NonNMethodCodeHeapSize                   = 5839564                                {pd product} {ergonomic}
    uintx NonProfiledCodeHeapSize                  = 122909338                              {pd product} {ergonomic}
    uintx ProfiledCodeHeapSize                     = 122909338                              {pd product} {ergonomic}
    uintx ReservedCodeCacheSize                    = 251658240                              {pd product} {ergonomic}
     bool SegmentedCodeCache                       = true                                      {product} {ergonomic}
   size_t SoftMaxHeapSize                          = 2147483648                             {manageable} {ergonomic}
     bool UseCompressedClassPointers               = true                           {product lp64_product} {ergonomic}
     bool UseCompressedOops                        = true                           {product lp64_product} {ergonomic}
     bool UseG1GC                                  = true                                      {product} {ergonomic}
     bool UseNUMA                                  = false                                     {product} {ergonomic}
     bool UseNUMAInterleaving                      = false                                     {product} {ergonomic}

Logging:
Log output configuration:
 #0: stdout all=warning uptime,level,tags
 #1: stderr all=off uptime,level,tags

Environment Variables:
JAVA_HOME=/Users/gianfrancoscapin/Library/Java/JavaVirtualMachines/jbr-17.0.9/Contents/Home
PATH=/opt/homebrew/opt/ruby/bin:/Library/Frameworks/Python.framework/Versions/3.12/bin:/opt/homebrew/bin:/opt/homebrew/sbin:/Applications/rar:/usr/local/bin:/usr/bin:/bin:/usr/sbin:/sbin:/var/run/com.apple.security.cryptexd/codex.system/bootstrap/usr/local/bin:/var/run/com.apple.security.cryptexd/codex.system/bootstrap/usr/bin:/var/run/com.apple.security.cryptexd/codex.system/bootstrap/usr/appleinternal/bin:/opt/pmk/env/global/bin:/Library/Apple/usr/bin:/Users/gianfrancoscapin/Library/Application Support/JetBrains/Toolbox/scripts:/Users/gianfrancoscapin/Library/Android/sdk/emulator:/Users/gianfrancoscapin/Library/Android/sdk/platform-tools
SHELL=/bin/zsh
LANG=en_US.UTF-8
LC_ALL=en_US.UTF-8
LC_CTYPE=UTF-8
TERM=xterm-256color
TMPDIR=/var/folders/hj/5jdxdp6x2wz4dcrcgnq7wg3m0000gn/T/

Active Locale:
LC_ALL=en_US.UTF-8
LC_COLLATE=en_US.UTF-8
LC_CTYPE=en_US.UTF-8
LC_MESSAGES=en_US.UTF-8
LC_MONETARY=en_US.UTF-8
LC_NUMERIC=en_US.UTF-8
LC_TIME=en_US.UTF-8

Signal Handlers:
   SIGSEGV: crash_handler in libjvm.dylib, mask=11100110000111110111111111111111, flags=SA_RESTART|SA_SIGINFO, unblocked
    SIGBUS: crash_handler in libjvm.dylib, mask=11100110000111110111111111111111, flags=SA_RESTART|SA_SIGINFO, unblocked
    SIGFPE: crash_handler in libjvm.dylib, mask=11100110000111110111111111111111, flags=SA_RESTART|SA_SIGINFO, unblocked
   SIGPIPE: javaSignalHandler in libjvm.dylib, mask=11100110000111110111111111111111, flags=SA_RESTART|SA_SIGINFO, unblocked
   SIGXFSZ: javaSignalHandler in libjvm.dylib, mask=11100110000111110111111111111111, flags=SA_RESTART|SA_SIGINFO, unblocked
    SIGILL: crash_handler in libjvm.dylib, mask=11100110000111110111111111111111, flags=SA_RESTART|SA_SIGINFO, unblocked
   SIGUSR2: SR_handler in libjvm.dylib, mask=00100000000000000000000000000000, flags=SA_RESTART|SA_SIGINFO, unblocked
    SIGHUP: UserHandler in libjvm.dylib, mask=11100110000111110111111111111111, flags=SA_RESTART|SA_SIGINFO, unblocked
    SIGINT: UserHandler in libjvm.dylib, mask=11100110000111110111111111111111, flags=SA_RESTART|SA_SIGINFO, unblocked
   SIGTERM: UserHandler in libjvm.dylib, mask=11100110000111110111111111111111, flags=SA_RESTART|SA_SIGINFO, unblocked
   SIGQUIT: UserHandler in libjvm.dylib, mask=11100110000111110111111111111111, flags=SA_RESTART|SA_SIGINFO, blocked
   SIGTRAP: crash_handler in libjvm.dylib, mask=11100110000111110111111111111111, flags=SA_RESTART|SA_SIGINFO, unblocked


Periodic native trim disabled

JNI global refs:
JNI global refs: 33, weak refs: 36

JNI global refs memory usage: 835, weak refs: 2097

OOME stack traces (most recent first):
Classloader memory used:
Loader org.gradle.internal.classloader.VisitableURLClassLoader                         : 14147K
Loader java.net.URLClassLoader                                                         : 13156K
Loader org.gradle.internal.classloader.VisitableURLClassLoader$InstrumentingVisitableURLClassLoader: 10512K
Loader bootstrap                                                                       : 4292K
Loader org.gradle.initialization.MixInLegacyTypesClassLoader                           : 1649K
Loader com.intellij.util.lang.UrlClassLoader                                           : 566K
Loader jdk.internal.reflect.DelegatingClassLoader                                      : 271K
Loader jdk.internal.loader.ClassLoaders$PlatformClassLoader                            : 104K
Loader jdk.internal.jrtfs.JrtFileSystemProvider$JrtFsLoader                            : 42714B
Loader org.gradle.internal.classloader.VisitableURLClassLoader                         : 35890B
Loader jdk.internal.loader.ClassLoaders$AppClassLoader                                 : 29275B
Loader sun.reflect.misc.MethodUtil                                                     : 375B

Classes loaded by more than one classloader:
Class androidx.compose.lint.PackageName                                               : loaded 22 times (x 71B)
Class androidx.compose.lint.NamesKt                                                   : loaded 22 times (x 70B)
Class androidx.compose.lint.Name                                                      : loaded 22 times (x 71B)
Class androidx.compose.lint.PsiUtilsKt                                                : loaded 8 times (x 70B)
Class Program                                                                         : loaded 5 times (x 71B)
Class androidx.compose.lint.ComposableUtilsKt                                         : loaded 4 times (x 70B)
Class org.jetbrains.kotlin.name.FqNameUnsafe                                          : loaded 4 times (x 71B)
Class org.jetbrains.kotlin.name.FqName                                                : loaded 4 times (x 71B)
Class org.jetbrains.kotlin.name.ClassId                                               : loaded 4 times (x 71B)
Class org.jetbrains.kotlin.name.Name                                                  : loaded 4 times (x 74B)
Class org.jetbrains.kotlin.name.ClassId$Companion                                     : loaded 4 times (x 70B)
Class androidx.compose.lint.Names$Runtime                                             : loaded 4 times (x 70B)
Class org.jetbrains.kotlin.descriptors.Visibility                                     : loaded 3 times (x 78B)
Class kotlin.sequences.SequencesKt__SequencesKt                                       : loaded 3 times (x 70B)
Class androidx.compose.runtime.saveable.lint.RuntimeSaveableIssueRegistry             : loaded 3 times (x 82B)
Class org.jetbrains.kotlin.metadata.ProtoBuf$TypeParameter$Variance                   : loaded 3 times (x 81B)
Class androidx.compose.ui.lint.SuspiciousModifierThenDetector                         : loaded 3 times (x 169B)
Class androidx.compose.ui.lint.ComposedModifierDetector$Companion                     : loaded 3 times (x 70B)
Class org.jetbrains.kotlin.load.kotlin.FileBasedKotlinClass$3$1                       : loaded 3 times (x 77B)
Class com.google.common.collect.ImmutableMapEntrySet                                  : loaded 3 times (x 151B)
Class com.google.common.collect.MapMakerInternalMap$InternalEntry                     : loaded 3 times (x 69B)
Class org.jetbrains.kotlin.metadata.jvm.JvmProtoBuf$JvmMethodSignatureOrBuilder       : loaded 3 times (x 69B)
Class com.google.common.base.PairwiseEquivalence                                      : loaded 3 times (x 82B)
Class com.google.common.collect.RegularImmutableSet                                   : loaded 3 times (x 148B)
Class com.google.common.collect.Iterators$1                                           : loaded 3 times (x 80B)
Class kotlin.NotImplementedError                                                      : loaded 3 times (x 81B)
Class kotlin.jvm.internal.markers.KMappedMarker                                       : loaded 3 times (x 69B)
Class kotlin.LazyKt                                                                   : loaded 3 times (x 70B)
Class kotlin.sequences.SequencesKt__SequencesJVMKt                                    : loaded 3 times (x 70B)
Class org.jetbrains.kotlin.metadata.ProtoBuf$MemberKind                               : loaded 3 times (x 81B)
Class kotlin.io.CloseableKt                                                           : loaded 3 times (x 70B)
Class org.jetbrains.kotlin.metadata.ProtoBuf$Annotation$Builder                       : loaded 3 times (x 135B)
Class kotlin.io.FilesKt__FilePathComponentsKt                                         : loaded 3 times (x 70B)
Class kotlinx.coroutines.EventLoopKt                                                  : loaded 3 times (x 70B)
Class com.google.common.collect.ImmutableSet$JdkBackedSetBuilderImpl                  : loaded 3 times (x 75B)
Class org.jetbrains.kotlin.descriptors.DeclarationDescriptor                          : loaded 3 times (x 69B)
Class org.jetbrains.kotlin.metadata.deserialization.Flags$EnumLiteFlagField           : loaded 3 times (x 75B)
Class kotlinx.coroutines.EventLoop                                                    : loaded 3 times (x 104B)
Class org.jetbrains.kotlin.protobuf.FieldSet$1                                        : loaded 3 times (x 70B)
Class org.jetbrains.kotlin.protobuf.CodedOutputStream$ByteBufferOutputStream          : loaded 3 times (x 85B)
Class org.jetbrains.kotlin.metadata.jvm.JvmProtoBuf$StringTableTypes$Record$1         : loaded 3 times (x 143B)
Class com.google.common.collect.Maps$ViewCachingAbstractMap                           : loaded 3 times (x 124B)
Class androidx.compose.ui.lint.ConfigurationScreenWidthHeightDetector                 : loaded 3 times (x 169B)
Class com.google.common.collect.Table                                                 : loaded 3 times (x 69B)
Class androidx.appcompat.widget.SwitchUsageCodeDetector$Companion                     : loaded 3 times (x 70B)
Class kotlin.jvm.internal.Lambda                                                      : loaded 3 times (x 74B)
Class org.jetbrains.kotlin.config.ExplicitApiMode$Companion                           : loaded 3 times (x 70B)
Class com.google.common.collect.Sets                                                  : loaded 3 times (x 70B)
Class org.jetbrains.kotlin.protobuf.WireFormat$FieldType$1                            : loaded 3 times (x 82B)
Class androidx.activity.compose.lint.LocalContextCastIssueDetector$Companion          : loaded 3 times (x 70B)
Class org.jetbrains.kotlin.protobuf.WireFormat$FieldType$2                            : loaded 3 times (x 82B)
Class org.jetbrains.kotlin.metadata.ProtoBuf$Modality$1                               : loaded 3 times (x 73B)
Class com.google.common.collect.Iterators$4                                           : loaded 3 times (x 81B)
Class com.google.common.collect.RegularImmutableMap$BucketOverflowException           : loaded 3 times (x 81B)
Class com.google.common.collect.Iterators$5                                           : loaded 3 times (x 81B)
Class org.jetbrains.kotlin.metadata.ProtoBuf$Annotation                               : loaded 3 times (x 108B)
Class kotlinx.coroutines.IncompleteStateBox                                           : loaded 3 times (x 71B)
Class kotlinx.coroutines.CoroutineId                                                  : loaded 3 times (x 92B)
Class androidx.compose.ui.lint.SuspiciousModifierThenDetector$Companion               : loaded 3 times (x 70B)
Class kotlin.io.FilesKt__UtilsKt                                                      : loaded 3 times (x 70B)
Class org.jetbrains.kotlin.protobuf.WireFormat$FieldType$3                            : loaded 3 times (x 82B)
Class com.google.common.collect.MapMakerInternalMap$Strength                          : loaded 3 times (x 79B)
Class com.google.common.base.Ascii                                                    : loaded 3 times (x 70B)
Class [Lorg.jetbrains.kotlin.metadata.ProtoBuf$Type$Argument$Projection;              : loaded 3 times (x 68B)
Class com.google.common.collect.ImmutableSet$Builder                                  : loaded 3 times (x 84B)
Class org.jetbrains.kotlin.util.capitalizeDecapitalize.CapitalizeDecapitalizeKt       : loaded 3 times (x 70B)
Class com.google.common.base.Equivalence$Equals                                       : loaded 3 times (x 81B)
Class kotlin.reflect.KAnnotatedElement                                                : loaded 3 times (x 69B)
Class org.jetbrains.kotlin.protobuf.WireFormat$FieldType$4                            : loaded 3 times (x 82B)
Class org.jetbrains.kotlin.protobuf.MessageLite$Builder                               : loaded 3 times (x 69B)
Class com.google.common.collect.MapMakerInternalMap                                   : loaded 3 times (x 160B)
Class androidx.fragment.lint.UseRequireInsteadOfGet$Companion                         : loaded 3 times (x 70B)
Class androidx.appcompat.view.OnClickXmlDetector$Companion                            : loaded 3 times (x 70B)
Class com.google.common.base.CharMatcher$ForPredicate                                 : loaded 3 times (x 111B)
Class com.google.common.base.Joiner                                                   : loaded 3 times (x 78B)
Class com.google.common.base.Preconditions                                            : loaded 3 times (x 70B)
Class kotlinx.coroutines.scheduling.TasksKt                                           : loaded 3 times (x 70B)
Class com.google.common.io.ByteArrayDataOutput                                        : loaded 3 times (x 69B)
Class kotlin.collections.CollectionsKt__MutableCollectionsKt                          : loaded 3 times (x 70B)
Class kotlinx.coroutines.scheduling.NanoTimeSource                                    : loaded 3 times (x 71B)
Class kotlinx.coroutines.JobNode                                                      : loaded 3 times (x 89B)
Class com.google.common.collect.ImmutableMap$MapViewOfValuesAsSingletonSets           : loaded 3 times (x 125B)
Class org.jetbrains.kotlin.protobuf.AbstractMessageLite                               : loaded 3 times (x 97B)
Class androidx.compose.ui.lint.ModifierNodeInspectablePropertiesDetector$Companion    : loaded 3 times (x 70B)
Class com.google.common.collect.ImmutableMapKeySet                                    : loaded 3 times (x 151B)
Class com.google.common.collect.ImmutableSet$RegularSetBuilderImpl                    : loaded 3 times (x 76B)
Class com.google.common.base.Function                                                 : loaded 3 times (x 69B)
Class androidx.compose.runtime.lint.OpaqueUnitKeyDetector$Companion                   : loaded 3 times (x 70B)
Class kotlin.collections.CollectionsKt__IteratorsKt                                   : loaded 3 times (x 70B)
Class com.google.common.base.MoreObjects                                              : loaded 3 times (x 70B)
Class com.google.common.collect.RegularImmutableMap$Values                            : loaded 3 times (x 168B)
Class com.google.common.base.Splitter$1                                               : loaded 3 times (x 76B)
Class com.google.common.collect.Iterators$9                                           : loaded 3 times (x 80B)
Class com.google.common.collect.SortedMapDifference                                   : loaded 3 times (x 69B)
Class androidx.compose.runtime.lint.UnrememberedStateDetector                         : loaded 3 times (x 169B)
Class com.google.common.collect.ImmutableEntry                                        : loaded 3 times (x 81B)
Class kotlin.ranges.RangesKt___RangesKt                                               : loaded 3 times (x 70B)
Class org.jetbrains.kotlin.load.kotlin.header.ReadKotlinClassHeaderAnnotationVisitor$CollectStringArrayAnnotationVisitor: loaded 3 times (x 84B)
Class kotlin.collections.ArraysUtilJVM                                                : loaded 3 times (x 70B)
Class com.google.common.collect.ReverseOrdering                                       : loaded 3 times (x 114B)
Class com.google.common.io.ByteSource$ConcatenatedByteSource                          : loaded 3 times (x 84B)
Class kotlin.io.FilesKt                                                               : loaded 3 times (x 70B)
Class org.jetbrains.kotlin.metadata.jvm.JvmProtoBuf$StringTableTypes$Record           : loaded 3 times (x 118B)
Class org.jetbrains.kotlin.protobuf.GeneratedMessageLite$GeneratedExtension           : loaded 3 times (x 78B)
Class androidx.appcompat.res.DrawableLoadingDetector                                  : loaded 3 times (x 170B)
Class com.google.common.io.CharSource$ConcatenatedCharSource                          : loaded 3 times (x 85B)
Class androidx.compose.ui.lint.ReturnFromAwaitPointerEventScopeDetector               : loaded 3 times (x 169B)
Class [Lorg.jetbrains.kotlin.config.JvmDefaultMode;                                   : loaded 3 times (x 68B)
Class kotlin.enums.EnumEntriesKt                                                      : loaded 3 times (x 70B)
Class kotlin.collections.CollectionsKt___CollectionsKt                                : loaded 3 times (x 70B)
Class kotlin.collections.CollectionsKt__CollectionsKt                                 : loaded 3 times (x 70B)
Class androidx.compose.foundation.lint.FoundationNames                                : loaded 3 times (x 70B)
Class androidx.compose.runtime.lint.ComposableStateFlowValueDetector                  : loaded 3 times (x 169B)
Class com.google.common.collect.Maps$BiMapConverter                                   : loaded 3 times (x 89B)
Class com.google.common.collect.Lists$StringAsImmutableList                           : loaded 3 times (x 168B)
Class org.jetbrains.kotlin.metadata.ProtoBuf$Modality                                 : loaded 3 times (x 81B)
Class org.jetbrains.kotlin.load.kotlin.FileBasedKotlinClass$1                         : loaded 3 times (x 87B)
Class androidx.compose.ui.graphics.lint.ColorDetector$Companion                       : loaded 3 times (x 70B)
Class androidx.activity.compose.lint.ActivityResultLaunchDetector                     : loaded 3 times (x 169B)
Class kotlinx.coroutines.internal.DispatchedContinuation                              : loaded 3 times (x 89B)
Class kotlin.NoWhenBranchMatchedException                                             : loaded 3 times (x 81B)
Class androidx.compose.ui.lint.MultipleAwaitPointerEventScopesDetector                : loaded 3 times (x 170B)
Class com.google.common.math.MathPreconditions                                        : loaded 3 times (x 70B)
Class org.objectweb.asm.Attribute                                                     : loaded 3 times (x 76B)
Class org.jetbrains.kotlin.config.LanguageOrApiVersion                                : loaded 3 times (x 69B)
Class com.google.common.collect.Hashing                                               : loaded 3 times (x 70B)
Class org.jetbrains.kotlin.load.java.JvmAnnotationNames                               : loaded 3 times (x 70B)
Class org.objectweb.asm.Type                                                          : loaded 3 times (x 71B)
Class com.google.common.io.ByteStreams$LimitedInputStream                             : loaded 3 times (x 91B)
Class kotlinx.coroutines.internal.SystemPropsKt__SystemProps_commonKt                 : loaded 3 times (x 70B)
Class org.jetbrains.kotlin.protobuf.SmallSortedMap$1                                  : loaded 3 times (x 129B)
Class kotlinx.coroutines.ChildJob                                                     : loaded 3 times (x 69B)
Class org.jetbrains.kotlin.descriptors.Visibilities$Internal                          : loaded 3 times (x 78B)
Class [Lorg.jetbrains.kotlin.metadata.ProtoBuf$Visibility;                            : loaded 3 times (x 68B)
Class com.google.common.collect.NullsFirstOrdering                                    : loaded 3 times (x 114B)
Class kotlinx.coroutines.Job$Key                                                      : loaded 3 times (x 70B)
Class com.google.common.collect.ImmutableRangeSet$ComplementRanges                    : loaded 3 times (x 168B)
Class org.jetbrains.kotlin.protobuf.CodedOutputStream$OutOfSpaceException             : loaded 3 times (x 81B)
Class kotlin.reflect.KCallable                                                        : loaded 3 times (x 69B)
Class org.jetbrains.kotlin.descriptors.Visibilities$PrivateToThis                     : loaded 3 times (x 78B)
Class androidx.activity.compose.lint.ActivityResultLaunchDetector$Companion           : loaded 3 times (x 70B)
Class androidx.compose.ui.graphics.lint.UiGraphicsIssueRegistry                       : loaded 3 times (x 82B)
Class kotlin.collections.CollectionsKt__IterablesKt                                   : loaded 3 times (x 70B)
Class org.jetbrains.kotlin.metadata.ProtoBuf$EnumEntry                                : loaded 3 times (x 120B)
Class org.jetbrains.kotlin.metadata.deserialization.BinaryVersion$Companion           : loaded 3 times (x 70B)
Class com.google.common.io.ByteSource$AsCharSource                                    : loaded 3 times (x 85B)
Class org.jetbrains.kotlin.config.ApiVersion                                          : loaded 3 times (x 85B)
Class org.jetbrains.kotlin.protobuf.ByteString$ByteIterator                           : loaded 3 times (x 69B)
Class com.google.common.collect.ImmutableSet$SetBuilderImpl                           : loaded 3 times (x 75B)
Class kotlin.text.StringsKt__RegexExtensionsJVMKt                                     : loaded 3 times (x 70B)
Class androidx.appcompat.res.ColorStateListLoadingDetector                            : loaded 3 times (x 170B)
Class org.jetbrains.kotlin.load.kotlin.header.ReadKotlinClassHeaderAnnotationVisitor$KotlinMetadataArgumentVisitor: loaded 3 times (x 85B)
Class com.google.common.io.CharSource$CharSequenceCharSource                          : loaded 3 times (x 85B)
Class com.google.common.base.Supplier                                                 : loaded 3 times (x 69B)
Class org.jetbrains.kotlin.protobuf.LazyField                                         : loaded 3 times (x 82B)
Class androidx.compose.runtime.lint.ComposableLambdaParameterDetector$Companion       : loaded 3 times (x 70B)
Class org.jetbrains.kotlin.metadata.ProtoBuf$Class$1                                  : loaded 3 times (x 143B)
Class androidx.compose.ui.lint.LocalContextResourcesConfigurationReadDetector         : loaded 3 times (x 170B)
Class kotlinx.coroutines.AbstractTimeSourceKt                                         : loaded 3 times (x 70B)
Class kotlin.UNINITIALIZED_VALUE                                                      : loaded 3 times (x 70B)
Class org.jetbrains.kotlin.metadata.ProtoBuf$EnumEntry$1                              : loaded 3 times (x 143B)
Class org.jetbrains.kotlin.protobuf.FieldSet                                          : loaded 3 times (x 71B)
Class org.jetbrains.kotlin.protobuf.RopeByteString                                    : loaded 3 times (x 109B)
Class androidx.compose.runtime.lint.ComposableStateFlowValueDetector$Companion        : loaded 3 times (x 70B)
Class org.jetbrains.kotlin.cli.common.messages.MessageCollector$Companion$NONE$1      : loaded 3 times (x 75B)
Class org.jetbrains.kotlin.metadata.deserialization.TypeTable                         : loaded 3 times (x 71B)
Class [Lorg.jetbrains.kotlin.metadata.ProtoBuf$TypeParameter$Variance;                : loaded 3 times (x 68B)
Class com.google.common.io.LineBuffer                                                 : loaded 3 times (x 74B)
Class [Lcom.google.common.collect.ImmutableEntry;                                     : loaded 3 times (x 68B)
Class com.google.common.collect.AbstractRangeSet                                      : loaded 3 times (x 113B)
Class kotlin.io.FilesKt__FileTreeWalkKt                                               : loaded 3 times (x 70B)
Class com.google.common.base.Objects                                                  : loaded 3 times (x 70B)
Class com.google.common.collect.ImmutableBiMap                                        : loaded 3 times (x 142B)
Class kotlinx.coroutines.CompletionStateKt                                            : loaded 3 times (x 70B)
Class androidx.lifecycle.runtime.compose.lint.LifecycleRuntimeComposeIssueRegistry    : loaded 3 times (x 82B)
Class org.jetbrains.kotlin.load.kotlin.FileBasedKotlinClass$2                         : loaded 3 times (x 87B)
Class org.jetbrains.kotlin.metadata.jvm.JvmProtoBuf$StringTableTypes$Record$Operation : loaded 3 times (x 81B)
Class com.google.common.io.LineReader                                                 : loaded 3 times (x 71B)
Class org.jetbrains.org.objectweb.asm.RecordComponentVisitor                          : loaded 3 times (x 76B)
Class org.jetbrains.kotlin.metadata.deserialization.NameResolver                      : loaded 3 times (x 69B)
Class com.google.common.collect.ImmutableEnumMap                                      : loaded 3 times (x 125B)
Class kotlin.text.StringsKt__StringBuilderKt                                          : loaded 3 times (x 70B)
Class kotlin.enums.EnumEntries                                                        : loaded 3 times (x 69B)
Class androidx.compose.runtime.lint.FrequentlyChangingValueDetector                   : loaded 3 times (x 169B)
Class com.google.common.hash.PrimitiveSink                                            : loaded 3 times (x 69B)
Class org.jetbrains.kotlin.metadata.jvm.deserialization.JvmNameResolverKt             : loaded 3 times (x 70B)
Class com.google.common.collect.ImmutableMap$1                                        : loaded 3 times (x 80B)
Class kotlinx.coroutines.CoroutineStart                                               : loaded 3 times (x 78B)
Class androidx.lifecycle.lint.NonNullableMutableLiveDataDetector                      : loaded 3 times (x 172B)
Class org.jetbrains.kotlin.load.java.JvmAbi                                           : loaded 3 times (x 70B)
Class com.google.common.collect.NullnessCasts                                         : loaded 3 times (x 70B)
Class kotlin.sequences.FilteringSequence$iterator$1                                   : loaded 3 times (x 78B)
Class [Lkotlin.reflect.KCallable;                                                     : loaded 3 times (x 68B)
Class kotlinx.coroutines.AbstractCoroutine                                            : loaded 3 times (x 142B)
Class com.google.common.io.CharSource$EmptyCharSource                                 : loaded 3 times (x 85B)
Class [Lorg.jetbrains.kotlin.metadata.ProtoBuf$Modality;                              : loaded 3 times (x 68B)
Class Build_gradle                                                                    : loaded 3 times (x 129B)
Class androidx.fragment.lint.FragmentTagDetector$Companion                            : loaded 3 times (x 70B)
Class androidx.startup.lint.InitializerConstructorDetector$Companion                  : loaded 3 times (x 70B)
Class com.google.common.collect.AllEqualOrdering                                      : loaded 3 times (x 113B)
Class [Lkotlinx.coroutines.CoroutineStart;                                            : loaded 3 times (x 68B)
Class org.jetbrains.kotlin.metadata.ProtoBuf$Type$Argument$Projection$1               : loaded 3 times (x 73B)
Class com.google.common.io.ByteStreams$1                                              : loaded 3 times (x 84B)
Class androidx.compose.runtime.lint.RememberInCompositionDetector                     : loaded 3 times (x 169B)
Class kotlinx.coroutines.internal.LockFreeTaskQueueCore$Companion                     : loaded 3 times (x 70B)
Class androidx.compose.animation.lint.AnimatedContentDetector                         : loaded 3 times (x 169B)
Class androidx.compose.runtime.lint.CompositionLocalNamingDetector$Companion          : loaded 3 times (x 70B)
Class com.google.common.io.CharSource$StringCharSource                                : loaded 3 times (x 85B)
Class com.google.common.collect.ExplicitOrdering                                      : loaded 3 times (x 114B)
Class com.google.common.collect.Sets$ImprovedAbstractSet                              : loaded 3 times (x 134B)
Class org.jetbrains.kotlin.metadata.ProtoBuf$TypeTable$1                              : loaded 3 times (x 143B)
Class kotlinx.coroutines.ExecutorCoroutineDispatcher$Key                              : loaded 3 times (x 71B)
Class org.jetbrains.kotlin.cli.common.CompilerSystemProperties                        : loaded 3 times (x 79B)
Class org.jetbrains.kotlin.config.JvmDefaultMode$Companion                            : loaded 3 times (x 70B)
Class com.google.common.base.Charsets                                                 : loaded 3 times (x 70B)
Class androidx.appcompat.widget.SwitchUsageXmlDetector                                : loaded 3 times (x 153B)
Class com.google.common.collect.ImmutableSet                                          : loaded 3 times (x 144B)
Class com.google.common.collect.AbstractMapBasedMultimap$AsMap                        : loaded 3 times (x 127B)
Class com.google.common.base.CharMatcher$Or                                           : loaded 3 times (x 111B)
Class org.jetbrains.kotlin.metadata.ProtoBuf$Package$1                                : loaded 3 times (x 143B)
Class org.jetbrains.kotlin.protobuf.LazyFieldLite                                     : loaded 3 times (x 81B)
Class org.jetbrains.kotlin.utils.DescriptionAware                                     : loaded 3 times (x 69B)
Class org.jetbrains.kotlin.protobuf.UninitializedMessageException                     : loaded 3 times (x 83B)
Class org.jetbrains.kotlin.protobuf.GeneratedMessageLite$ExtendableMessageOrBuilder   : loaded 3 times (x 69B)
Class androidx.compose.ui.lint.UiIssueRegistry                                        : loaded 3 times (x 82B)
Class org.jetbrains.kotlin.metadata.ProtoBuf$Function                                 : loaded 3 times (x 160B)
Class org.jetbrains.kotlin.protobuf.LiteralByteString                                 : loaded 3 times (x 111B)
Class com.google.common.collect.ComparatorOrdering                                    : loaded 3 times (x 114B)
Class kotlin.collections.CollectionsKt__ReversedViewsKt                               : loaded 3 times (x 70B)
Class org.jetbrains.kotlin.metadata.ProtoBuf$AnnotationOrBuilder                      : loaded 3 times (x 69B)
Class org.jetbrains.kotlin.descriptors.SourceElement                                  : loaded 3 times (x 69B)
Class androidx.compose.foundation.lint.FoundationIssueRegistry                        : loaded 3 times (x 82B)
Class com.google.common.collect.SingletonImmutableSet                                 : loaded 3 times (x 145B)
Class org.jetbrains.kotlin.load.kotlin.FileBasedKotlinClass$InnerClassesInfo          : loaded 3 times (x 73B)
Class com.google.common.collect.NaturalOrdering                                       : loaded 3 times (x 114B)
Class org.jetbrains.kotlin.metadata.ProtoBuf$Class$Kind$1                             : loaded 3 times (x 73B)
Class org.jetbrains.kotlin.metadata.ProtoBuf$Class$Kind                               : loaded 3 times (x 81B)
Class org.jetbrains.kotlin.config.LanguageFeature$State                               : loaded 3 times (x 81B)
Class kotlin.sequences.SequencesKt___SequencesJvmKt                                   : loaded 3 times (x 70B)
Class org.jetbrains.kotlin.protobuf.Internal$EnumLite                                 : loaded 3 times (x 69B)
Class kotlinx.coroutines.BuildersKt__BuildersKt                                       : loaded 3 times (x 70B)
Class [Lcom.google.common.base.AbstractIterator$State;                                : loaded 3 times (x 68B)
Class kotlin.collections.MapsKt__MapsKt                                               : loaded 3 times (x 70B)
Class org.jetbrains.kotlin.metadata.ProtoBuf$ValueParameter$1                         : loaded 3 times (x 143B)
Class org.jetbrains.kotlin.metadata.ProtoBuf$MemberKind$1                             : loaded 3 times (x 73B)
Class androidx.compose.ui.text.lint.LocaleInvalidLanguageTagDetector                  : loaded 3 times (x 169B)
Class kotlin.text.StringsKt__StringsKt                                                : loaded 3 times (x 70B)
Class org.jetbrains.kotlin.metadata.jvm.deserialization.JvmNameResolverBase           : loaded 3 times (x 79B)
Class kotlinx.coroutines.internal.LockFreeTaskQueueCore                               : loaded 3 times (x 71B)
Class org.jetbrains.kotlin.protobuf.GeneratedMessageLite$Builder                      : loaded 3 times (x 127B)
Class org.jetbrains.kotlin.metadata.jvm.deserialization.JvmProtoBufUtil               : loaded 3 times (x 70B)
Class org.jetbrains.kotlin.descriptors.Visibilities$Private                           : loaded 3 times (x 78B)
Class kotlin.collections.ArraysKt                                                     : loaded 3 times (x 70B)
Class kotlinx.coroutines.internal.LockFreeTaskQueue                                   : loaded 3 times (x 71B)
Class org.jetbrains.kotlin.metadata.ProtoBuf$TypeParameter                            : loaded 3 times (x 129B)
Class kotlin.UninitializedPropertyAccessException                                     : loaded 3 times (x 81B)
Class com.google.common.collect.MapMakerInternalMap$1                                 : loaded 3 times (x 82B)
Class org.jetbrains.kotlin.metadata.ProtoBuf$VersionRequirementTable$1                : loaded 3 times (x 143B)
Class kotlin.comparisons.ComparisonsKt___ComparisonsKt                                : loaded 3 times (x 70B)
Class androidx.compose.ui.lint.ModifierDeclarationDetector                            : loaded 3 times (x 169B)
Class [Lorg.jetbrains.kotlin.protobuf.WireFormat$JavaType;                            : loaded 3 times (x 68B)
Class org.jetbrains.kotlin.load.kotlin.header.ReadKotlinClassHeaderAnnotationVisitor$KotlinMetadataArgumentVisitor$1: loaded 3 times (x 84B)
Class com.google.common.collect.ImmutableMap$Builder                                  : loaded 3 times (x 81B)
Class com.google.common.collect.SortedSetMultimap                                     : loaded 3 times (x 69B)
Class org.jetbrains.kotlin.load.kotlin.header.ReadKotlinClassHeaderAnnotationVisitor$KotlinMetadataArgumentVisitor$2: loaded 3 times (x 84B)
Class com.google.common.io.LineReader$1                                               : loaded 3 times (x 74B)
Class kotlinx.coroutines.internal.Symbol                                              : loaded 3 times (x 71B)
Class androidx.compose.ui.lint.ModifierParameterDetector$Companion                    : loaded 3 times (x 70B)
Class com.google.common.collect.ImmutableList$ReverseImmutableList                    : loaded 3 times (x 170B)
Class androidx.compose.material3.lint.MaterialImportDetector$Companion                : loaded 3 times (x 70B)
Class org.jetbrains.kotlin.load.kotlin.FileBasedKotlinClass$3                         : loaded 3 times (x 77B)
Class com.google.common.base.CharMatcher$BitSetMatcher                                : loaded 3 times (x 111B)
Class androidx.compose.runtime.lint.RememberDetector$Companion                        : loaded 3 times (x 70B)
Class com.google.common.base.AbstractIterator                                         : loaded 3 times (x 79B)
Class androidx.activity.lint.OnBackPressedDetector$Companion                          : loaded 3 times (x 70B)
Class com.google.common.collect.ImmutableMap$IteratorBasedImmutableMap                : loaded 3 times (x 125B)
Class com.google.common.base.Equivalence                                              : loaded 3 times (x 81B)
Class kotlinx.coroutines.CopyableThreadContextElement                                 : loaded 3 times (x 69B)
Class com.google.common.base.JdkPattern                                               : loaded 3 times (x 74B)
Class org.jetbrains.kotlin.cli.common.CompilerSystemProperties$Companion              : loaded 3 times (x 70B)
Class com.google.common.collect.ByFunctionOrdering                                    : loaded 3 times (x 114B)
Class com.google.common.base.Optional                                                 : loaded 3 times (x 79B)
Class org.jetbrains.kotlin.protobuf.AbstractMessageLite$Builder$LimitedInputStream    : loaded 3 times (x 91B)
Class kotlin.collections.CollectionsKt__MutableCollectionsJVMKt                       : loaded 3 times (x 70B)
Class com.google.common.collect.RegularImmutableMap$KeySet                            : loaded 3 times (x 151B)
Class com.google.common.collect.CollectPreconditions                                  : loaded 3 times (x 70B)
Class androidx.compose.foundation.lint.NonLambdaOffsetModifierDetector                : loaded 3 times (x 169B)
Class androidx.compose.animation.lint.AnimatedContentDetector$Companion               : loaded 3 times (x 70B)
Class org.jetbrains.kotlin.metadata.ProtoBuf$Type$Argument$Projection                 : loaded 3 times (x 81B)
Class com.google.common.collect.Multimap                                              : loaded 3 times (x 69B)
Class androidx.annotation.experimental.lint.ExperimentalDetector$Companion            : loaded 3 times (x 70B)
Class org.jetbrains.kotlin.metadata.ProtoBuf$ValueParameter                           : loaded 3 times (x 132B)
Class androidx.compose.animation.lint.AnimationIssueRegistry                          : loaded 3 times (x 82B)
Class org.jetbrains.kotlin.metadata.jvm.JvmProtoBuf$StringTableTypes                  : loaded 3 times (x 109B)
Class androidx.compose.runtime.lint.RememberInCompositionDetector$Companion           : loaded 3 times (x 70B)
Class com.google.common.collect.LexicographicalOrdering                               : loaded 3 times (x 114B)
Class com.google.common.io.Closer$Suppressor                                          : loaded 3 times (x 69B)
Class org.jetbrains.kotlin.protobuf.RopeByteString$RopeInputStream                    : loaded 3 times (x 91B)
Class kotlin.text.StringsKt__RegexExtensionsKt                                        : loaded 3 times (x 70B)
Class com.google.common.primitives.IntsMethodsForWeb                                  : loaded 3 times (x 70B)
Class org.jetbrains.kotlin.metadata.ProtoBuf$Type$ArgumentOrBuilder                   : loaded 3 times (x 69B)
Class [Lorg.jetbrains.kotlin.cli.common.CompilerSystemProperties;                     : loaded 3 times (x 68B)
Class kotlin.sequences.SequencesKt                                                    : loaded 3 times (x 70B)
Class androidx.compose.runtime.lint.OpaqueUnitKeyDetector                             : loaded 3 times (x 169B)
Class com.google.common.collect.Maps$8                                                : loaded 3 times (x 81B)
Class org.jetbrains.org.objectweb.asm.FieldVisitor                                    : loaded 3 times (x 76B)
Class org.jetbrains.kotlin.metadata.ProtoBuf$Annotation$1                             : loaded 3 times (x 143B)
Class androidx.appcompat.widget.TextViewCompoundDrawablesApiDetector                  : loaded 3 times (x 170B)
Class androidx.compose.runtime.lint.ProduceStateDetector$Companion                    : loaded 3 times (x 70B)
Class org.jetbrains.kotlin.metadata.jvm.JvmProtoBuf$StringTableTypes$1                : loaded 3 times (x 143B)
Class kotlin.collections.MapsKt___MapsKt                                              : loaded 3 times (x 70B)
Class com.google.common.collect.Iterables                                             : loaded 3 times (x 70B)
Class com.google.common.collect.RangeGwtSerializationDependencies                     : loaded 3 times (x 70B)
Class org.jetbrains.kotlin.metadata.ProtoBuf$Contract$1                               : loaded 3 times (x 143B)
Class com.google.common.collect.AbstractMapBasedMultimap$WrappedList                  : loaded 3 times (x 166B)
Class [Lorg.objectweb.asm.Type;                                                       : loaded 3 times (x 68B)
Class [Lorg.jetbrains.kotlin.config.ExplicitApiMode;                                  : loaded 3 times (x 68B)
Class org.jetbrains.kotlin.metadata.ProtoBuf$VersionRequirementTableOrBuilder         : loaded 3 times (x 69B)
Class androidx.compose.runtime.lint.ComposableCoroutineCreationDetector               : loaded 3 times (x 169B)
Class org.jetbrains.org.objectweb.asm.Label                                           : loaded 3 times (x 72B)
Class androidx.compose.runtime.lint.AutoboxingStateCreationDetector                   : loaded 3 times (x 170B)
Class org.jetbrains.kotlin.descriptors.Visibilities$Unknown                           : loaded 3 times (x 78B)
Class com.google.common.collect.FluentIterable$3                                      : loaded 3 times (x 80B)
Class androidx.activity.lint.ActivityIssueRegistry                                    : loaded 3 times (x 82B)
Class org.jetbrains.kotlin.metadata.jvm.deserialization.JvmMemberSignature            : loaded 3 times (x 73B)
Class kotlinx.coroutines.Unconfined                                                   : loaded 3 times (x 98B)
Class kotlin.collections.CollectionsKt__CollectionsJVMKt                              : loaded 3 times (x 70B)
Class com.google.common.collect.MapMakerInternalMap$WeakValueReference                : loaded 3 times (x 69B)
Class com.google.common.collect.Range                                                 : loaded 3 times (x 86B)
Class org.jetbrains.kotlin.metadata.ProtoBuf$PropertyOrBuilder                        : loaded 3 times (x 69B)
Class kotlinx.coroutines.Job$DefaultImpls                                             : loaded 3 times (x 70B)
Class kotlin.sequences.SequencesKt___SequencesKt                                      : loaded 3 times (x 70B)
Class kotlin.collections.EmptyList                                                    : loaded 3 times (x 135B)
Class com.google.common.base.AbstractIterator$State                                   : loaded 3 times (x 78B)
Class org.jetbrains.kotlin.config.LanguageVersion                                     : loaded 3 times (x 90B)
Class org.jetbrains.kotlin.cli.common.CompilerSystemProperties$value$1                : loaded 3 times (x 124B)
Class androidx.compose.runtime.lint.RememberDetector                                  : loaded 3 times (x 169B)
Class org.jetbrains.kotlin.metadata.jvm.JvmProtoBuf$JvmMethodSignature$Builder        : loaded 3 times (x 133B)
Class androidx.compose.runtime.lint.MutableCollectionMutableStateDetector             : loaded 3 times (x 169B)
Class com.google.common.base.FunctionalEquivalence                                    : loaded 3 times (x 82B)
Class [Lorg.jetbrains.kotlin.protobuf.WireFormat$FieldType;                           : loaded 3 times (x 68B)
Class org.jetbrains.kotlin.cli.common.messages.MessageCollector$Companion             : loaded 3 times (x 70B)
Class androidx.appcompat.res.ColorStateListAlphaDetector$Companion                    : loaded 3 times (x 70B)
Class org.jetbrains.kotlin.load.kotlin.KotlinJvmBinaryClass$AnnotationVisitor         : loaded 3 times (x 69B)
Class com.google.common.base.CharMatcher$IsNot                                        : loaded 3 times (x 110B)
Class org.jetbrains.kotlin.config.LanguageVersionSettings                             : loaded 3 times (x 69B)
Class [Lcom.google.common.collect.AbstractMapEntry;                                   : loaded 3 times (x 68B)
Class kotlin.collections.SetsKt                                                       : loaded 3 times (x 70B)
Class kotlin.jvm.internal.FunctionBase                                                : loaded 3 times (x 69B)
Class com.google.common.collect.CollectCollectors                                     : loaded 3 times (x 70B)
Class org.jetbrains.kotlin.metadata.deserialization.Flags$BooleanFlagField            : loaded 3 times (x 75B)
Class kotlin.collections.IndexingIterator                                             : loaded 3 times (x 78B)
Class com.google.common.collect.MapMakerInternalMap$StrongValueEntry                  : loaded 3 times (x 69B)
Class com.google.common.collect.Maps                                                  : loaded 3 times (x 70B)
Class com.google.common.collect.RegularImmutableMap                                   : loaded 3 times (x 120B)
Class org.jetbrains.kotlin.metadata.ProtoBuf$TypeParameter$1                          : loaded 3 times (x 143B)
Class androidx.startup.lint.StartupRuntimeIssueRegistry                               : loaded 3 times (x 82B)
Class org.jetbrains.kotlin.protobuf.ExtensionRegistryLite                             : loaded 3 times (x 73B)
Class androidx.activity.lint.OnBackPressedDetector                                    : loaded 3 times (x 171B)
Class kotlinx.coroutines.CompletedExceptionally                                       : loaded 3 times (x 71B)
Class com.google.common.base.CharMatcher$NamedFastMatcher                             : loaded 3 times (x 111B)
Class org.jetbrains.kotlin.metadata.ProtoBuf$Property$1                               : loaded 3 times (x 143B)
Class kotlin.collections.IndexingIterable                                             : loaded 3 times (x 78B)
Class [Lorg.jetbrains.org.objectweb.asm.Attribute;                                    : loaded 3 times (x 68B)
Class org.jetbrains.kotlin.load.kotlin.FileBasedKotlinClass$4                         : loaded 3 times (x 87B)
Class org.jetbrains.kotlin.protobuf.GeneratedMessageLite$ExtensionDescriptor          : loaded 3 times (x 83B)
Class com.google.common.collect.AbstractIndexedListIterator                           : loaded 3 times (x 95B)
Class androidx.fragment.lint.UseRequireInsteadOfGetKt                                 : loaded 3 times (x 70B)
Class androidx.compose.ui.lint.ComposedModifierDetector                               : loaded 3 times (x 169B)
Class androidx.appcompat.widget.TextViewCompoundDrawablesApiDetector$Companion        : loaded 3 times (x 70B)
Class org.jetbrains.kotlin.metadata.jvm.JvmProtoBuf                                   : loaded 3 times (x 70B)
Class androidx.compose.runtime.lint.RuntimeIssueRegistry                              : loaded 3 times (x 82B)
Class com.google.common.base.PatternCompiler                                          : loaded 3 times (x 69B)
Class kotlin.sequences.Sequence                                                       : loaded 3 times (x 69B)
Class androidx.compose.ui.lint.SuspiciousCompositionLocalModifierReadDetector$Companion: loaded 3 times (x 70B)
Class kotlin.comparisons.ComparisonsKt___ComparisonsJvmKt                             : loaded 3 times (x 70B)
Class org.jetbrains.kotlin.protobuf.WireFormat$JavaType                               : loaded 3 times (x 78B)
Class org.objectweb.asm.FieldVisitor                                                  : loaded 3 times (x 76B)
Class com.google.common.collect.FluentIterable                                        : loaded 3 times (x 80B)
Class androidx.fragment.lint.UseRequireInsteadOfGet                                   : loaded 3 times (x 169B)
Class androidx.appcompat.view.OnClickXmlDetector                                      : loaded 3 times (x 153B)
Class androidx.compose.ui.lint.MultipleAwaitPointerEventScopesDetector$Companion      : loaded 3 times (x 70B)
Class kotlin.collections.MapsKt__MapsJVMKt                                            : loaded 3 times (x 70B)
Class org.jetbrains.org.objectweb.asm.ClassVisitor                                    : loaded 3 times (x 87B)
Class org.objectweb.asm.AnnotationVisitor                                             : loaded 3 times (x 77B)
Class kotlin.Function                                                                 : loaded 3 times (x 69B)
Class kotlinx.coroutines.internal.DispatchedContinuationKt                            : loaded 3 times (x 70B)
Class org.jetbrains.kotlin.metadata.ProtoBuf$TypeTableOrBuilder                       : loaded 3 times (x 69B)
Class org.jetbrains.kotlin.config.AnalysisFlag                                        : loaded 3 times (x 71B)
Class com.google.common.collect.RegularImmutableSortedSet                             : loaded 3 times (x 235B)
Class com.google.common.collect.Iterators                                             : loaded 3 times (x 70B)
Class com.google.common.primitives.Ints                                               : loaded 3 times (x 70B)
Class androidx.activity.lint.ActivityResultFragmentVersionDetector                    : loaded 3 times (x 180B)
Class org.jetbrains.kotlin.protobuf.GeneratedMessageLite$ExtendableMessage            : loaded 3 times (x 112B)
Class androidx.lifecycle.lint.RepeatOnLifecycleDetector                               : loaded 3 times (x 170B)
Class com.google.common.base.CharMatcher$1                                            : loaded 3 times (x 112B)
Class kotlinx.coroutines.Empty                                                        : loaded 3 times (x 74B)
Class androidx.compose.ui.lint.LocalContextResourcesConfigurationReadDetector$Companion: loaded 3 times (x 70B)
Class androidx.compose.animation.core.lint.TransitionDetector                         : loaded 3 times (x 169B)
Class androidx.compose.animation.core.lint.TransitionDetector$Companion               : loaded 3 times (x 70B)
Class org.jetbrains.kotlin.protobuf.InvalidProtocolBufferException                    : loaded 3 times (x 83B)
Class org.jetbrains.kotlin.descriptors.ValidateableDescriptor                         : loaded 3 times (x 69B)
Class org.jetbrains.kotlin.protobuf.FieldSet$FieldDescriptorLite                      : loaded 3 times (x 69B)
Class org.jetbrains.org.objectweb.asm.MethodVisitor                                   : loaded 3 times (x 104B)
Class org.jetbrains.org.objectweb.asm.MethodWriter                                    : loaded 3 times (x 105B)
Class com.google.common.collect.ImmutableRangeSet$1                                   : loaded 3 times (x 171B)
Class kotlin.collections.ArraysKt__ArraysKt                                           : loaded 3 times (x 70B)
Class com.google.common.base.CharMatcher$None                                         : loaded 3 times (x 111B)
Class kotlin.collections.SetsKt__SetsJVMKt                                            : loaded 3 times (x 70B)
Class kotlin.collections.ArraysKt__ArraysJVMKt                                        : loaded 3 times (x 70B)
Class com.google.common.collect.TransformedIterator                                   : loaded 3 times (x 79B)
Class org.jetbrains.kotlin.protobuf.ByteString                                        : loaded 3 times (x 107B)
Class org.jetbrains.kotlin.protobuf.CodedInputStream                                  : loaded 3 times (x 71B)
Class com.google.common.io.CharStreams$NullWriter                                     : loaded 3 times (x 98B)
Class kotlinx.coroutines.JobSupportKt                                                 : loaded 3 times (x 70B)
Class org.jetbrains.kotlin.metadata.jvm.JvmProtoBuf$StringTableTypes$RecordOrBuilder  : loaded 3 times (x 69B)
Class com.google.common.io.Files$2                                                    : loaded 3 times (x 75B)
Class kotlin.collections.MapsKt___MapsJvmKt                                           : loaded 3 times (x 70B)
Class kotlinx.coroutines.ThreadContextElement                                         : loaded 3 times (x 69B)
Class com.google.common.collect.ImmutableMapEntry                                     : loaded 3 times (x 84B)
Class com.google.common.base.CharMatcher$InRange                                      : loaded 3 times (x 110B)
Class androidx.compose.lint.Names$Ui                                                  : loaded 3 times (x 70B)
Class com.google.common.base.Splitter$SplittingIterator                               : loaded 3 times (x 83B)
Class org.jetbrains.kotlin.metadata.jvm.JvmProtoBuf$JvmFieldSignature$1               : loaded 3 times (x 143B)
Class org.jetbrains.kotlin.metadata.ProtoBuf$FunctionOrBuilder                        : loaded 3 times (x 69B)
Class org.jetbrains.kotlin.protobuf.SmallSortedMap$EmptySet$1                         : loaded 3 times (x 77B)
Class kotlinx.coroutines.scheduling.DefaultScheduler                                  : loaded 3 times (x 111B)
Class androidx.fragment.lint.FragmentIssueRegistry                                    : loaded 3 times (x 81B)
Class org.jetbrains.kotlin.metadata.ProtoBuf$EnumEntryOrBuilder                       : loaded 3 times (x 69B)
Class org.jetbrains.kotlin.protobuf.SmallSortedMap$EmptySet$2                         : loaded 3 times (x 77B)
Class kotlin.text.StringsKt__StringBuilderJVMKt                                       : loaded 3 times (x 70B)
Class kotlinx.coroutines.CoroutineStart$WhenMappings                                  : loaded 3 times (x 70B)
Class androidx.fragment.lint.FragmentTagDetector                                      : loaded 3 times (x 153B)
Class com.google.common.io.ByteStreams                                                : loaded 3 times (x 70B)
Class org.jetbrains.kotlin.protobuf.Internal$EnumLiteMap                              : loaded 3 times (x 69B)
Class org.jetbrains.kotlin.metadata.ProtoBuf$TypeTable                                : loaded 3 times (x 108B)
Class [Lorg.jetbrains.kotlin.load.kotlin.header.KotlinClassHeader$Kind;               : loaded 3 times (x 68B)
Class com.google.common.base.CharMatcher$And                                          : loaded 3 times (x 111B)
Class kotlinx.coroutines.internal.SystemPropsKt__SystemPropsKt                        : loaded 3 times (x 70B)
Class org.jetbrains.kotlin.metadata.ProtoBuf$ContractOrBuilder                        : loaded 3 times (x 69B)
Class com.google.common.collect.Maps$EntryTransformer                                 : loaded 3 times (x 69B)
Class com.google.common.io.AppendableWriter                                           : loaded 3 times (x 99B)
Class com.google.common.io.ByteSource$SlicedByteSource                                : loaded 3 times (x 84B)
Class org.jetbrains.kotlin.protobuf.GeneratedMessageLite                              : loaded 3 times (x 100B)
Class com.google.common.collect.RegularImmutableBiMap                                 : loaded 3 times (x 148B)
Class org.jetbrains.kotlin.metadata.ProtoBuf$TypeParameter$Variance$1                 : loaded 3 times (x 73B)
Class androidx.compose.runtime.lint.ComposableNamingDetector$Companion                : loaded 3 times (x 70B)
Class org.jetbrains.kotlin.metadata.ProtoBuf$PackageOrBuilder                         : loaded 3 times (x 69B)
Class androidx.compose.runtime.lint.ComposableNamingDetector                          : loaded 3 times (x 169B)
Class kotlin.reflect.KFunction                                                        : loaded 3 times (x 69B)
Class androidx.compose.ui.lint.ModifierParameterDetector                              : loaded 3 times (x 169B)
Class com.google.common.base.Joiner$1                                                 : loaded 3 times (x 79B)
Class com.google.common.io.FileWriteMode                                              : loaded 3 times (x 78B)
Class com.google.common.collect.ImmutableCollection$Builder                           : loaded 3 times (x 75B)
Class com.google.common.collect.MapMaker                                              : loaded 3 times (x 71B)
Class com.google.common.base.Joiner$2                                                 : loaded 3 times (x 78B)
Class kotlin.LazyKt__LazyKt                                                           : loaded 3 times (x 70B)
Class kotlin.jvm.KotlinReflectionNotSupportedError                                    : loaded 3 times (x 81B)
Class org.jetbrains.org.objectweb.asm.AnnotationVisitor                               : loaded 3 times (x 77B)
Class kotlin.collections.SetsKt___SetsKt                                              : loaded 3 times (x 70B)
Class kotlin.sequences.SequencesKt__SequenceBuilderKt                                 : loaded 3 times (x 70B)
Class kotlinx.coroutines.intrinsics.CancellableKt                                     : loaded 3 times (x 70B)
Class androidx.appcompat.widget.SwitchUsageXmlDetector$Companion                      : loaded 3 times (x 70B)
Class kotlin.collections.ArraysKt___ArraysKt                                          : loaded 3 times (x 70B)
Class [Lcom.google.common.io.FileWriteMode;                                           : loaded 3 times (x 68B)
Class androidx.appcompat.res.ColorStateListAlphaDetector                              : loaded 3 times (x 153B)
Class com.google.common.io.Files$FileByteSink                                         : loaded 3 times (x 76B)
Class kotlin.io.FilesKt__FileReadWriteKt                                              : loaded 3 times (x 70B)
Class androidx.compose.ui.text.lint.UiTextIssueRegistry                               : loaded 3 times (x 82B)
Class org.jetbrains.kotlin.metadata.jvm.JvmProtoBuf$JvmPropertySignature$Builder      : loaded 3 times (x 140B)
Class com.google.common.collect.IndexedImmutableSet                                   : loaded 3 times (x 151B)
Class androidx.compose.foundation.lint.BoxWithConstraintsDetector                     : loaded 3 times (x 169B)
Class com.google.common.io.ByteArrayDataInput                                         : loaded 3 times (x 69B)
Class com.google.common.collect.UnmodifiableListIterator                              : loaded 3 times (x 94B)
Class com.google.common.collect.Ordering                                              : loaded 3 times (x 113B)
Class androidx.lifecycle.runtime.compose.lint.ComposableLifecycleCurrentStateDetector$Companion: loaded 3 times (x 70B)
Class com.google.common.collect.Maps$KeySet                                           : loaded 3 times (x 136B)
Class com.google.common.base.CharMatcher$FastMatcher                                  : loaded 3 times (x 110B)
Class androidx.compose.runtime.lint.MutableCollectionMutableStateDetector$Companion   : loaded 3 times (x 70B)
Class kotlinx.coroutines.scheduling.CoroutineScheduler                                : loaded 3 times (x 80B)
Class kotlinx.coroutines.internal.ResizableAtomicArray                                : loaded 3 times (x 71B)
Class kotlin.text.StringsKt__StringNumberConversionsJVMKt                             : loaded 3 times (x 70B)
Class org.jetbrains.kotlin.metadata.ProtoBuf$Class                                    : loaded 3 times (x 185B)
Class com.google.common.collect.SingletonImmutableBiMap                               : loaded 3 times (x 142B)
Class [Lorg.jetbrains.kotlin.protobuf.Internal$EnumLite;                              : loaded 3 times (x 68B)
Class androidx.compose.animation.lint.CrossfadeDetector                               : loaded 3 times (x 169B)
Class org.jetbrains.kotlin.protobuf.ByteString$Output                                 : loaded 3 times (x 85B)
Class org.jetbrains.kotlin.mpp.DeclarationSymbolMarker                                : loaded 3 times (x 69B)
Class com.google.common.io.Files                                                      : loaded 3 times (x 70B)
Class com.google.common.collect.ArrayListMultimap                                     : loaded 3 times (x 171B)
Class com.google.common.io.Files$FileByteSource                                       : loaded 3 times (x 84B)
Class androidx.compose.ui.lint.ModifierParameterDetectorKt                            : loaded 3 times (x 70B)
Class kotlinx.coroutines.internal.SystemPropsKt                                       : loaded 3 times (x 70B)
Class org.jetbrains.kotlin.descriptors.Visibilities$Protected                         : loaded 3 times (x 78B)
Class kotlin.TuplesKt                                                                 : loaded 3 times (x 70B)
Class androidx.activity.compose.lint.CollectProgressDetector$Companion                : loaded 3 times (x 70B)
Class org.jetbrains.kotlin.load.kotlin.FileBasedKotlinClass                           : loaded 3 times (x 87B)
Class com.google.common.collect.ImmutableMap                                          : loaded 3 times (x 119B)
Class org.jetbrains.kotlin.protobuf.SmallSortedMap                                    : loaded 3 times (x 129B)
Class com.google.common.base.ExtraObjectsMethodsForWeb                                : loaded 3 times (x 70B)
Class org.jetbrains.kotlin.metadata.ProtoBuf$Contract                                 : loaded 3 times (x 106B)
Class kotlinx.coroutines.EventLoop_commonKt                                           : loaded 3 times (x 70B)
Class org.jetbrains.kotlin.metadata.ProtoBuf$Type$Argument                            : loaded 3 times (x 109B)
Class kotlin.text.StringsKt__AppendableKt                                             : loaded 3 times (x 70B)
Class androidx.appcompat.res.ImageViewTintDetector                                    : loaded 3 times (x 153B)
Class androidx.appcompat.AppCompatIssueRegistry                                       : loaded 3 times (x 82B)
Class androidx.compose.ui.lint.ReturnFromAwaitPointerEventScopeDetector$Companion     : loaded 3 times (x 70B)
Class androidx.compose.material3.lint.ScaffoldPaddingDetector                         : loaded 3 times (x 169B)
Class kotlinx.coroutines.CoroutineDispatcher                                          : loaded 3 times (x 98B)
Class kotlinx.coroutines.GlobalScope                                                  : loaded 3 times (x 73B)
Class com.google.common.base.CommonPattern                                            : loaded 3 times (x 73B)
Class androidx.compose.animation.core.lint.ArcAnimationSpecTypeDetector$Companion     : loaded 3 times (x 70B)
Class [Lorg.jetbrains.kotlin.metadata.ProtoBuf$MemberKind;                            : loaded 3 times (x 68B)
Class kotlinx.coroutines.internal.ThreadContextKt                                     : loaded 3 times (x 70B)
Class androidx.compose.material3.lint.MaterialImportDetector                          : loaded 3 times (x 169B)
Class kotlinx.coroutines.DisposableHandle                                             : loaded 3 times (x 69B)
Class org.jetbrains.kotlin.protobuf.Parser                                            : loaded 3 times (x 69B)
Class com.google.common.collect.ImmutableEnumSet                                      : loaded 3 times (x 145B)
Class com.google.common.collect.ImmutableRangeSet$AsSet                               : loaded 3 times (x 235B)
Class org.jetbrains.kotlin.protobuf.ExtensionRegistryLite$ObjectIntPair               : loaded 3 times (x 71B)
Class org.jetbrains.kotlin.protobuf.MessageLite                                       : loaded 3 times (x 69B)
Class androidx.startup.lint.EnsureInitializerMetadataDetector                         : loaded 3 times (x 179B)
Class kotlin.text.StringsKt__StringNumberConversionsKt                                : loaded 3 times (x 70B)
Class org.jetbrains.kotlin.descriptors.SourceElement$1                                : loaded 3 times (x 73B)
Class org.jetbrains.org.objectweb.asm.Attribute                                       : loaded 3 times (x 76B)
Class kotlinx.coroutines.internal.LockFreeLinkedListNode                              : loaded 3 times (x 74B)
Class org.jetbrains.kotlin.metadata.ProtoBuf$Visibility$1                             : loaded 3 times (x 73B)
Class com.google.common.collect.MapDifference                                         : loaded 3 times (x 69B)
Class kotlin.enums.EnumEntriesList                                                    : loaded 3 times (x 184B)
Class com.google.common.collect.Sets$SetView                                          : loaded 3 times (x 137B)
Class org.jetbrains.kotlin.resolve.scopes.receivers.ReceiverValue                     : loaded 3 times (x 69B)
Class org.jetbrains.kotlin.load.kotlin.header.KotlinClassHeader$Kind                  : loaded 3 times (x 78B)
Class org.jetbrains.kotlin.metadata.jvm.JvmProtoBuf$StringTableTypesOrBuilder         : loaded 3 times (x 69B)
Class com.google.common.io.ByteSource$EmptyByteSource                                 : loaded 3 times (x 84B)
Class androidx.fragment.lint.UnsafeFragmentLifecycleObserverDetector                  : loaded 3 times (x 170B)
Class org.jetbrains.kotlin.metadata.jvm.JvmProtoBuf$JvmMethodSignature$1              : loaded 3 times (x 143B)
Class com.google.common.collect.Maps$IteratorBasedAbstractMap                         : loaded 3 times (x 124B)
Class kotlinx.coroutines.CoroutineContextKt                                           : loaded 3 times (x 70B)
Class org.jetbrains.kotlin.protobuf.SmallSortedMap$Entry                              : loaded 3 times (x 87B)
Class androidx.compose.ui.graphics.lint.ColorDetector                                 : loaded 3 times (x 169B)
Class org.jetbrains.kotlin.metadata.ProtoBuf$VersionRequirementTable                  : loaded 3 times (x 106B)
Class com.google.common.collect.SingletonImmutableList                                : loaded 3 times (x 168B)
Class [Lkotlin.jvm.functions.Function1;                                               : loaded 3 times (x 68B)
Class com.google.common.collect.ImmutableList$1                                       : loaded 3 times (x 96B)
Class com.google.common.collect.IndexedImmutableSet$1                                 : loaded 3 times (x 174B)
Class Build_gradle$1                                                                  : loaded 3 times (x 74B)
Class com.google.common.collect.Sets$1                                                : loaded 3 times (x 138B)
Class kotlinx.coroutines.JobSupport                                                   : loaded 3 times (x 131B)
Class [Lcom.google.common.collect.Iterators$EmptyModifiableIterator;                  : loaded 3 times (x 68B)
Class com.google.common.base.Splitter$Strategy                                        : loaded 3 times (x 69B)
Class com.google.common.collect.Sets$2                                                : loaded 3 times (x 138B)
Class org.jetbrains.kotlin.protobuf.GeneratedMessageLite$1                            : loaded 3 times (x 70B)
Class androidx.appcompat.res.ColorStateListLoadingDetector$Companion                  : loaded 3 times (x 70B)
Class androidx.appcompat.widget.TextViewCompoundDrawablesXmlDetector                  : loaded 3 times (x 153B)
Class org.jetbrains.kotlin.descriptors.DeclarationDescriptorWithVisibility            : loaded 3 times (x 69B)
Class com.google.common.collect.Sets$3                                                : loaded 3 times (x 138B)
Class org.objectweb.asm.ClassVisitor                                                  : loaded 3 times (x 87B)
Class kotlin.LazyKt__LazyJVMKt                                                        : loaded 3 times (x 70B)
Class kotlin.text.StringsKt__IndentKt                                                 : loaded 3 times (x 70B)
Class androidx.lifecycle.lint.LifecycleWhenChecks                                     : loaded 3 times (x 169B)
Class org.jetbrains.kotlin.metadata.jvm.deserialization.BitEncoding                   : loaded 3 times (x 70B)
Class com.google.common.graph.SuccessorsFunction                                      : loaded 3 times (x 69B)
Class androidx.compose.material3.lint.ScaffoldPaddingDetector$Companion               : loaded 3 times (x 70B)
Class com.google.common.collect.Sets$4                                                : loaded 3 times (x 138B)
Class org.jetbrains.kotlin.load.kotlin.header.KotlinClassHeader$Kind$Companion        : loaded 3 times (x 70B)
Class androidx.compose.runtime.saveable.lint.RememberSaveableDetector                 : loaded 3 times (x 169B)
Class org.jetbrains.kotlin.metadata.ProtoBuf$Package                                  : loaded 3 times (x 128B)
Class org.jetbrains.kotlin.metadata.jvm.deserialization.JvmNameResolverBase$WhenMappings: loaded 3 times (x 70B)
Class androidx.annotation.experimental.lint.AnnotationRetentionDetector               : loaded 3 times (x 171B)
Class com.google.common.collect.ListMultimap                                          : loaded 3 times (x 69B)
Class org.jetbrains.kotlin.load.kotlin.header.ReadKotlinClassHeaderAnnotationVisitor  : loaded 3 times (x 79B)
Class kotlin.collections.MapsKt__MapWithDefaultKt                                     : loaded 3 times (x 70B)
Class com.google.common.collect.AbstractListMultimap                                  : loaded 3 times (x 171B)
Class kotlin.text.StringsKt__StringsJVMKt                                             : loaded 3 times (x 70B)
Class org.jetbrains.kotlin.metadata.ProtoBuf$Constructor                              : loaded 3 times (x 129B)
Class kotlin.text.StringsKt___StringsKt                                               : loaded 3 times (x 70B)
Class org.jetbrains.kotlin.metadata.jvm.JvmProtoBuf$JvmMethodSignature                : loaded 3 times (x 107B)
Class org.jetbrains.kotlin.metadata.ProtoBuf$Type$Argument$1                          : loaded 3 times (x 143B)
Class androidx.compose.runtime.lint.AutoboxingStateCreationDetector$Companion         : loaded 3 times (x 70B)
Class com.google.common.collect.ObjectArrays                                          : loaded 3 times (x 70B)
Class androidx.compose.runtime.lint.FrequentlyChangingValueDetector$Companion         : loaded 3 times (x 70B)
Class com.google.common.base.Strings                                                  : loaded 3 times (x 70B)
Class com.google.common.io.CharStreams                                                : loaded 3 times (x 70B)
Class org.jetbrains.kotlin.config.ExplicitApiMode                                     : loaded 3 times (x 78B)
Class androidx.compose.ui.lint.ModifierNodeInspectablePropertiesDetector              : loaded 3 times (x 171B)
Class org.jetbrains.org.objectweb.asm.Type                                            : loaded 3 times (x 71B)
Class org.jetbrains.kotlin.metadata.jvm.JvmProtoBuf$JvmFieldSignature                 : loaded 3 times (x 107B)
Class com.google.common.collect.ImmutableMapEntrySet$RegularEntrySet                  : loaded 3 times (x 151B)
Class androidx.startup.lint.InitializerConstructorDetector                            : loaded 3 times (x 169B)
Class [Lcom.google.common.collect.ImmutableMapEntry;                                  : loaded 3 times (x 68B)
Class kotlin.ranges.RangesKt                                                          : loaded 3 times (x 70B)
Class androidx.compose.ui.lint.ConfigurationScreenWidthHeightDetector$Companion       : loaded 3 times (x 70B)
Class org.jetbrains.kotlin.protobuf.WireFormat                                        : loaded 3 times (x 70B)
Class kotlinx.coroutines.Delay                                                        : loaded 3 times (x 69B)
Class kotlin.Pair                                                                     : loaded 3 times (x 71B)
Class com.google.common.collect.BiMap                                                 : loaded 3 times (x 69B)
Class com.google.common.io.ByteSink                                                   : loaded 3 times (x 75B)
Class org.jetbrains.kotlin.metadata.deserialization.Flags                             : loaded 3 times (x 70B)
Class [Lorg.jetbrains.kotlin.metadata.jvm.JvmProtoBuf$StringTableTypes$Record$Operation;: loaded 3 times (x 68B)
Class com.google.common.collect.AbstractMapBasedMultimap$WrappedCollection$WrappedIterator: loaded 3 times (x 83B)
Class androidx.compose.runtime.lint.AutoboxingStateValuePropertyDetector              : loaded 3 times (x 169B)
Class com.google.common.collect.Lists                                                 : loaded 3 times (x 70B)
Class com.google.common.base.Absent                                                   : loaded 3 times (x 79B)
Class kotlin.reflect.KDeclarationContainer                                            : loaded 3 times (x 69B)
Class org.objectweb.asm.MethodWriter                                                  : loaded 3 times (x 105B)
Class kotlin.jvm.internal.CallableReference                                           : loaded 3 times (x 105B)
Class org.jetbrains.org.objectweb.asm.Context                                         : loaded 3 times (x 71B)
Class kotlin.jvm.functions.Function0                                                  : loaded 3 times (x 69B)
Class kotlinx.coroutines.ChildHandleNode                                              : loaded 3 times (x 93B)
Class kotlinx.coroutines.EventLoopImplPlatform                                        : loaded 3 times (x 106B)
Class com.google.common.base.Predicate                                                : loaded 3 times (x 69B)
Class kotlinx.coroutines.ParentJob                                                    : loaded 3 times (x 69B)
Class kotlin.jvm.functions.Function1                                                  : loaded 3 times (x 69B)
Class kotlinx.coroutines.BlockingCoroutine                                            : loaded 3 times (x 143B)
Class androidx.compose.runtime.lint.ComposableFlowOperatorDetector                    : loaded 3 times (x 169B)
Class [Lorg.jetbrains.org.objectweb.asm.Label;                                        : loaded 3 times (x 68B)
Class com.google.common.base.Present                                                  : loaded 3 times (x 80B)
Class org.jetbrains.kotlin.resolve.scopes.receivers.Receiver                          : loaded 3 times (x 69B)
Class androidx.activity.compose.lint.CollectProgressDetector                          : loaded 3 times (x 169B)
Class org.jetbrains.kotlin.metadata.ProtoBuf$Type$1                                   : loaded 3 times (x 143B)
Class androidx.compose.foundation.lint.NonLambdaOffsetModifierDetector$Companion      : loaded 3 times (x 70B)
Class kotlin.jvm.functions.Function2                                                  : loaded 3 times (x 69B)
Class kotlin.jvm.internal.FunctionReference                                           : loaded 3 times (x 121B)
Class org.jetbrains.kotlin.protobuf.SmallSortedMap$EmptySet                           : loaded 3 times (x 70B)
Class kotlin.collections.EmptySet                                                     : loaded 3 times (x 121B)
Class com.google.common.io.ByteSource                                                 : loaded 3 times (x 83B)
Class androidx.lifecycle.lint.RepeatOnLifecycleDetector$Companion                     : loaded 3 times (x 70B)
Class kotlin.collections.AbstractList$Companion                                       : loaded 3 times (x 70B)
Class androidx.appcompat.app.SetActionBarDetector                                     : loaded 3 times (x 170B)
Class org.jetbrains.kotlin.metadata.ProtoBuf$Function$1                               : loaded 3 times (x 143B)
Class org.jetbrains.kotlin.config.LanguageFeature                                     : loaded 3 times (x 79B)
Class kotlinx.coroutines.scheduling.GlobalQueue                                       : loaded 3 times (x 71B)
Class androidx.appcompat.res.ImageViewTintDetector$Companion                          : loaded 3 times (x 70B)
Class com.google.common.collect.SetMultimap                                           : loaded 3 times (x 69B)
Class com.google.common.collect.AbstractMapBasedMultimap$KeySet                       : loaded 3 times (x 136B)
Class com.google.common.base.CharMatcher$NegatedFastMatcher                           : loaded 3 times (x 112B)
Class kotlin.jvm.functions.Function3                                                  : loaded 3 times (x 69B)
Class androidx.activity.lint.ActivityResultFragmentVersionDetector$Companion          : loaded 3 times (x 70B)
Class org.jetbrains.kotlin.load.kotlin.KotlinJvmBinaryClass$AnnotationArrayArgumentVisitor: loaded 3 times (x 69B)
Class org.jetbrains.kotlin.metadata.ProtoBuf$Type                                     : loaded 3 times (x 144B)
Class org.jetbrains.kotlin.metadata.jvm.deserialization.JvmNameResolver               : loaded 3 times (x 79B)
Class com.google.common.collect.Platform                                              : loaded 3 times (x 70B)
Class org.jetbrains.kotlin.utils.CollectionsKt                                        : loaded 3 times (x 70B)
Class androidx.compose.ui.lint.ModifierDeclarationDetector$Companion                  : loaded 3 times (x 70B)
Class com.google.common.collect.SortedIterable                                        : loaded 3 times (x 69B)
Class org.jetbrains.kotlin.protobuf.CodedOutputStream                                 : loaded 3 times (x 71B)
Class org.jetbrains.kotlin.load.kotlin.header.KotlinClassHeader                       : loaded 3 times (x 71B)
Class kotlinx.coroutines.CoroutineScope                                               : loaded 3 times (x 69B)
Class org.jetbrains.kotlin.protobuf.GeneratedMessageLite$ExtendableBuilder            : loaded 3 times (x 138B)
Class androidx.compose.runtime.lint.ComposableFlowOperatorDetector$Companion          : loaded 3 times (x 70B)
Class kotlinx.coroutines.EventLoopImplBase                                            : loaded 3 times (x 116B)
Class com.google.common.collect.ImmutableAsList                                       : loaded 3 times (x 170B)
Class com.google.common.collect.AbstractMapBasedMultimap$Itr                          : loaded 3 times (x 82B)
Class kotlinx.coroutines.Job                                                          : loaded 3 times (x 69B)
Class androidx.appcompat.widget.TextViewCompoundDrawablesXmlDetector$Companion        : loaded 3 times (x 70B)
Class kotlin.sequences.ConstrainedOnceSequence                                        : loaded 3 times (x 74B)
Class com.google.common.collect.ArrayListMultimapGwtSerializationDependencies         : loaded 3 times (x 171B)
Class com.google.common.collect.MapMakerInternalMap$Strength$1                        : loaded 3 times (x 79B)
Class com.google.common.collect.Iterators$EmptyModifiableIterator                     : loaded 3 times (x 85B)
Class kotlin.SynchronizedLazyImpl                                                     : loaded 3 times (x 75B)
Class kotlin.Unit                                                                     : loaded 3 times (x 70B)
Class androidx.compose.material3.lint.Material3IssueRegistry                          : loaded 3 times (x 82B)
Class org.jetbrains.kotlin.protobuf.WireFormat$FieldType                              : loaded 3 times (x 82B)
Class org.jetbrains.kotlin.metadata.jvm.JvmProtoBuf$StringTableTypes$Record$Operation$1: loaded 3 times (x 73B)
Class kotlinx.coroutines.scheduling.SchedulerTimeSource                               : loaded 3 times (x 71B)
Class com.google.common.io.ByteSink$AsCharSink                                        : loaded 3 times (x 79B)
Class androidx.appcompat.app.SetActionBarDetector$Companion                           : loaded 3 times (x 70B)
Class kotlinx.coroutines.Incomplete                                                   : loaded 3 times (x 69B)
Class com.google.common.base.Equivalence$Identity                                     : loaded 3 times (x 81B)
Class kotlinx.coroutines.Dispatchers                                                  : loaded 3 times (x 70B)
Class kotlin.collections.MapsKt                                                       : loaded 3 times (x 70B)
Class com.google.common.math.IntMath$1                                                : loaded 3 times (x 70B)
Class kotlinx.coroutines.NonDisposableHandle                                          : loaded 3 times (x 77B)
Class kotlin.text.StringsKt                                                           : loaded 3 times (x 70B)
Class com.google.common.base.CharMatcher$AnyOf                                        : loaded 3 times (x 111B)
Class com.google.common.base.CharMatcher$IsEither                                     : loaded 3 times (x 110B)
Class com.google.common.collect.AbstractMapBasedMultimap$RandomAccessWrappedList      : loaded 3 times (x 166B)
Class kotlin.collections.SetsKt__SetsKt                                               : loaded 3 times (x 70B)
Class org.jetbrains.kotlin.load.kotlin.FileBasedKotlinClass$OuterAndInnerName         : loaded 3 times (x 71B)
Class com.google.common.collect.ImmutableList                                         : loaded 3 times (x 167B)
Class androidx.compose.animation.core.lint.ArcAnimationSpecTypeDetector               : loaded 3 times (x 169B)
Class com.google.common.collect.MapMakerInternalMap$Strength$2                        : loaded 3 times (x 79B)
Class com.google.common.collect.CompoundOrdering                                      : loaded 3 times (x 114B)
Class com.google.common.base.Converter                                                : loaded 3 times (x 89B)
Class androidx.startup.lint.EnsureInitializerMetadataDetector$Companion               : loaded 3 times (x 70B)
Class kotlinx.coroutines.CoroutineDispatcher$Key                                      : loaded 3 times (x 71B)
Class org.jetbrains.kotlin.cli.common.messages.MessageCollector                       : loaded 3 times (x 69B)
Class com.google.common.collect.RangeSet                                              : loaded 3 times (x 69B)
Class com.google.common.base.CharMatcher$Is                                           : loaded 3 times (x 110B)
Class androidx.lifecycle.lint.LifecycleWhenChecks$Companion                           : loaded 3 times (x 70B)
Class com.google.common.base.Platform                                                 : loaded 3 times (x 70B)
Class androidx.compose.runtime.saveable.lint.RememberSaveableDetector$Companion       : loaded 3 times (x 70B)
Class com.google.common.io.CharSource                                                 : loaded 3 times (x 84B)
Class androidx.compose.ui.lint.SuspiciousCompositionLocalModifierReadDetector         : loaded 3 times (x 170B)
Class com.google.common.collect.MapMakerInternalMap$InternalEntryHelper               : loaded 3 times (x 69B)
Class com.google.common.collect.RegularImmutableAsList                                : loaded 3 times (x 178B)
Class androidx.lifecycle.lint.LiveDataCoreIssueRegistry                               : loaded 3 times (x 82B)
Class com.google.common.math.IntMath                                                  : loaded 3 times (x 70B)
Class kotlin.collections.CollectionsKt__IteratorsJVMKt                                : loaded 3 times (x 70B)
Class com.google.common.collect.ImmutableRangeSet$Builder                             : loaded 3 times (x 76B)
Class kotlin.jvm.internal.Intrinsics                                                  : loaded 3 times (x 70B)
Class com.google.common.collect.PeekingIterator                                       : loaded 3 times (x 69B)
Class kotlinx.coroutines.DebugKt                                                      : loaded 3 times (x 70B)
Class androidx.appcompat.widget.SwitchUsageCodeDetector                               : loaded 3 times (x 171B)
Class androidx.fragment.lint.UnsafeFragmentLifecycleObserverDetector$Issues           : loaded 3 times (x 70B)
Class com.google.common.collect.ImmutableSet$EmptySetBuilderImpl                      : loaded 3 times (x 75B)
Class com.google.common.io.ByteSource$ByteArrayByteSource                             : loaded 3 times (x 84B)
Class androidx.annotation.experimental.lint.ExperimentalIssueRegistry                 : loaded 3 times (x 82B)
Class kotlin.collections.CollectionsKt                                                : loaded 3 times (x 70B)
Class org.jetbrains.kotlin.name.FqNameUnsafe$1                                        : loaded 3 times (x 73B)
Class com.google.common.collect.AbstractIterator                                      : loaded 3 times (x 81B)
Class org.jetbrains.kotlin.metadata.ProtoBuf$Constructor$1                            : loaded 3 times (x 143B)
Class org.jetbrains.kotlin.protobuf.AbstractParser                                    : loaded 3 times (x 143B)
Class com.google.common.collect.RegularImmutableList                                  : loaded 3 times (x 174B)
Class androidx.compose.runtime.lint.ComposableLambdaParameterDetector                 : loaded 3 times (x 169B)
Class androidx.activity.compose.lint.ActivityComposeIssueRegistry                     : loaded 3 times (x 82B)
Class kotlinx.coroutines.ExecutorCoroutineDispatcher                                  : loaded 3 times (x 106B)
Class kotlin.collections.ArraysKt___ArraysJvmKt                                       : loaded 3 times (x 70B)
Class com.google.common.io.LineProcessor                                              : loaded 3 times (x 69B)
Class com.google.common.collect.ImmutableCollection                                   : loaded 3 times (x 124B)
Class org.jetbrains.kotlin.metadata.jvm.JvmProtoBuf$JvmPropertySignature$1            : loaded 3 times (x 143B)
Class org.jetbrains.kotlin.metadata.jvm.JvmProtoBuf$JvmFieldSignatureOrBuilder        : loaded 3 times (x 69B)
Class org.jetbrains.kotlin.protobuf.AbstractMessageLite$Builder                       : loaded 3 times (x 121B)
Class androidx.lifecycle.lint.LifecycleRuntimeIssueRegistry                           : loaded 3 times (x 82B)
Class com.google.common.base.CharMatcher$Whitespace                                   : loaded 3 times (x 111B)
Class org.jetbrains.kotlin.load.kotlin.KotlinJvmBinaryClass                           : loaded 3 times (x 69B)
Class com.google.common.collect.ImmutableList$SubList                                 : loaded 3 times (x 170B)
Class com.google.common.collect.UsingToStringOrdering                                 : loaded 3 times (x 113B)
Class org.jetbrains.kotlin.metadata.jvm.JvmProtoBuf$JvmPropertySignature              : loaded 3 times (x 113B)
Class com.google.common.io.Closer                                                     : loaded 3 times (x 77B)
Class androidx.compose.animation.core.lint.AnimationCoreIssueRegistry                 : loaded 3 times (x 82B)
Class kotlinx.coroutines.DispatchedTask                                               : loaded 3 times (x 80B)
Class [Lkotlin.Function;                                                              : loaded 3 times (x 68B)
Class kotlin.collections.CollectionsKt___CollectionsJvmKt                             : loaded 3 times (x 70B)
Class kotlin.Lazy                                                                     : loaded 3 times (x 69B)
Class com.google.common.base.NullnessCasts                                            : loaded 3 times (x 70B)
Class com.google.common.collect.Multiset                                              : loaded 3 times (x 69B)
Class org.jetbrains.kotlin.metadata.ProtoBuf$ValueParameterOrBuilder                  : loaded 3 times (x 69B)
Class com.google.common.collect.ImmutableSortedSet                                    : loaded 3 times (x 235B)
Class org.jetbrains.kotlin.metadata.jvm.deserialization.JvmMemberSignature$Method     : loaded 3 times (x 74B)
Class kotlinx.coroutines.scheduling.CoroutineScheduler$Companion                      : loaded 3 times (x 70B)
Class [Lcom.google.common.collect.MapMakerInternalMap$Segment;                        : loaded 3 times (x 68B)
Class com.google.common.io.CharSink                                                   : loaded 3 times (x 78B)
Class com.google.common.collect.ImmutableSet$CachingAsList                            : loaded 3 times (x 147B)
Class org.objectweb.asm.Label                                                         : loaded 3 times (x 72B)
Class androidx.compose.runtime.lint.ProduceStateDetector                              : loaded 3 times (x 169B)
Class com.google.common.collect.AbstractMapBasedMultimap$WrappedCollection            : loaded 3 times (x 123B)
Class kotlin.sequences.FilteringSequence                                              : loaded 3 times (x 74B)
Class kotlinx.coroutines.DispatchedTaskKt                                             : loaded 3 times (x 70B)
Class com.google.common.collect.AbstractMapEntry                                      : loaded 3 times (x 80B)
Class org.jetbrains.kotlin.metadata.ProtoBuf$Visibility                               : loaded 3 times (x 81B)
Class org.jetbrains.kotlin.descriptors.Visibilities$Local                             : loaded 3 times (x 78B)
Class kotlin.collections.ArrayAsCollection                                            : loaded 3 times (x 104B)
Class org.jetbrains.kotlin.metadata.jvm.deserialization.JvmNameResolverBase$Companion : loaded 3 times (x 70B)
Class kotlinx.coroutines.BlockingEventLoop                                            : loaded 3 times (x 116B)
Class org.jetbrains.org.objectweb.asm.ClassReader                                     : loaded 3 times (x 92B)
Class com.google.common.collect.ImmutableList$Builder                                 : loaded 3 times (x 76B)
Class com.google.common.base.CharMatcher$Negated                                      : loaded 3 times (x 112B)
Class org.jetbrains.kotlin.metadata.ProtoBuf$TypeParameterOrBuilder                   : loaded 3 times (x 69B)
Class com.google.common.base.Splitter                                                 : loaded 3 times (x 71B)
Class com.google.common.collect.FluentIterable$1                                      : loaded 3 times (x 80B)
Class com.google.common.base.Splitter$1$1                                             : loaded 3 times (x 85B)
Class org.jetbrains.kotlin.descriptors.annotations.Annotated                          : loaded 3 times (x 69B)
Class [Lkotlin.reflect.KAnnotatedElement;                                             : loaded 3 times (x 68B)
Class org.jetbrains.kotlin.metadata.ProtoBuf$Property$Builder                         : loaded 3 times (x 197B)
Class kotlin.comparisons.ComparisonsKt__ComparisonsKt                                 : loaded 3 times (x 70B)
Class kotlinx.coroutines.ThreadLocalEventLoop                                         : loaded 3 times (x 70B)
Class org.jetbrains.kotlin.metadata.deserialization.BinaryVersion                     : loaded 3 times (x 73B)
Class kotlin.comparisons.ComparisonsKt                                                : loaded 3 times (x 70B)
Class org.jetbrains.kotlin.metadata.ProtoBuf$Property                                 : loaded 3 times (x 171B)
Class kotlinx.coroutines.scheduling.SchedulerCoroutineDispatcher                      : loaded 3 times (x 111B)
Class kotlin.jvm.internal.CallableReference$NoReceiver                                : loaded 3 times (x 70B)
Class androidx.compose.runtime.lint.UnrememberedStateDetector$Companion               : loaded 3 times (x 70B)
Class com.google.common.collect.UnmodifiableIterator                                  : loaded 3 times (x 79B)
Class com.google.common.collect.Iterators$MergingIterator                             : loaded 3 times (x 80B)
Class androidx.compose.runtime.lint.ComposableCoroutineCreationDetector$Companion     : loaded 3 times (x 70B)
Class [Lcom.google.common.collect.MapMakerInternalMap$Strength;                       : loaded 3 times (x 68B)
Class androidx.lifecycle.lint.NonNullableMutableLiveDataDetector$Companion            : loaded 3 times (x 70B)
Class androidx.annotation.experimental.lint.ExperimentalDetector                      : loaded 3 times (x 170B)
Class org.jetbrains.kotlin.metadata.deserialization.Flags$FlagField                   : loaded 3 times (x 72B)
Class androidx.compose.ui.text.lint.LocaleInvalidLanguageTagDetector$Companion        : loaded 3 times (x 70B)
Class kotlin._Assertions                                                              : loaded 3 times (x 70B)
Class org.jetbrains.kotlin.protobuf.BoundedByteString                                 : loaded 3 times (x 111B)
Class org.jetbrains.kotlin.descriptors.Named                                          : loaded 3 times (x 69B)
Class com.google.common.collect.NullsLastOrdering                                     : loaded 3 times (x 114B)
Class org.objectweb.asm.MethodVisitor                                                 : loaded 3 times (x 104B)
Class androidx.lifecycle.runtime.compose.lint.ComposableLifecycleCurrentStateDetector : loaded 3 times (x 169B)
Class androidx.appcompat.BaseMethodDeprecationDetector                                : loaded 3 times (x 170B)
Class org.jetbrains.kotlin.descriptors.Visibilities$InvisibleFake                     : loaded 3 times (x 78B)
Class org.jetbrains.kotlin.metadata.jvm.deserialization.UtfEncodingKt                 : loaded 3 times (x 70B)
Class kotlin.collections.AbstractList                                                 : loaded 3 times (x 158B)
Class com.google.common.collect.AbstractMapBasedMultimap$KeySet$1                     : loaded 3 times (x 81B)
Class org.jetbrains.kotlin.metadata.ProtoBuf$TypeOrBuilder                            : loaded 3 times (x 69B)
Class com.google.common.collect.ImmutableRangeSet                                     : loaded 3 times (x 114B)
Class com.google.common.collect.ImmutableMapEntry$NonTerminalImmutableMapEntry        : loaded 3 times (x 84B)
Class com.google.common.collect.FluentIterable$2                                      : loaded 3 times (x 80B)
Class org.jetbrains.kotlin.load.kotlin.KotlinJvmBinaryClass$AnnotationArgumentVisitor : loaded 3 times (x 69B)
Class com.google.common.collect.AbstractMapBasedMultimap                              : loaded 3 times (x 138B)
Class org.jetbrains.kotlin.protobuf.MessageLiteOrBuilder                              : loaded 3 times (x 69B)
Class org.jetbrains.kotlin.resolve.jvm.JvmClassName                                   : loaded 3 times (x 75B)
Class com.google.common.io.Java8Compatibility                                         : loaded 3 times (x 70B)
Class com.google.common.base.CharMatcher                                              : loaded 3 times (x 110B)
Class com.google.common.collect.MapMakerInternalMap$Segment                           : loaded 3 times (x 141B)
Class androidx.compose.runtime.lint.AutoboxingStateValuePropertyDetector$Companion    : loaded 3 times (x 70B)
Class androidx.compose.runtime.lint.CompositionLocalNamingDetector                    : loaded 3 times (x 169B)
Class [Lorg.jetbrains.kotlin.metadata.ProtoBuf$Class$Kind;                            : loaded 3 times (x 68B)
Class org.jetbrains.kotlin.metadata.jvm.JvmProtoBuf$JvmPropertySignatureOrBuilder     : loaded 3 times (x 69B)
Class com.google.common.collect.Iterators$ArrayItr                                    : loaded 3 times (x 96B)
Class androidx.compose.animation.lint.CrossfadeDetector$Companion                     : loaded 3 times (x 70B)
Class kotlinx.coroutines.BuildersKt                                                   : loaded 3 times (x 70B)
Class androidx.annotation.experimental.lint.AnnotationRetentionDetector$Companion     : loaded 3 times (x 70B)
Class org.jetbrains.kotlin.config.JvmDefaultMode                                      : loaded 3 times (x 78B)
Class org.jetbrains.kotlin.metadata.ProtoBuf$ConstructorOrBuilder                     : loaded 3 times (x 69B)
Class kotlinx.coroutines.scheduling.Task                                              : loaded 3 times (x 75B)
Class androidx.compose.foundation.lint.BoxWithConstraintsDetector$Companion           : loaded 3 times (x 70B)
Class org.jetbrains.kotlin.serialization.deserialization.ProtoEnumFlags               : loaded 3 times (x 70B)
Class com.google.common.base.Platform$JdkPatternCompiler                              : loaded 3 times (x 74B)
Class org.jetbrains.kotlin.metadata.ProtoBuf$ClassOrBuilder                           : loaded 3 times (x 69B)
Class kotlinx.coroutines.ChildHandle                                                  : loaded 3 times (x 69B)
Class com.google.common.collect.AbstractMultimap                                      : loaded 3 times (x 122B)
Class org.jetbrains.kotlin.metadata.deserialization.ProtoBufUtilKt                    : loaded 3 times (x 70B)
Class kotlin.ranges.RangesKt__RangesKt                                                : loaded 3 times (x 70B)
Class kotlin.collections.IndexedValue                                                 : loaded 3 times (x 71B)
Class kotlin.text.StringsKt___StringsJvmKt                                            : loaded 3 times (x 70B)
Class androidx.appcompat.res.DrawableLoadingDetector$Companion                        : loaded 3 times (x 70B)
Class com.google.common.io.CharSource$AsByteSource                                    : loaded 3 times (x 84B)
Class kotlin.KotlinNullPointerException                                               : loaded 3 times (x 82B)
Class kotlin.collections.AbstractCollection                                           : loaded 3 times (x 116B)
Class org.jetbrains.kotlin.descriptors.Visibilities$Public                            : loaded 3 times (x 78B)
Class androidx.activity.compose.lint.LocalContextCastIssueDetector                    : loaded 3 times (x 170B)
Class com.android.tools.lint.model.DefaultLintModelDependencies                       : loaded 2 times (x 78B)
Class org.jetbrains.kotlin.codegen.state.KotlinTypeMapperBase                         : loaded 2 times (x 73B)
Class org.jetbrains.kotlin.psi.KtElement                                              : loaded 2 times (x 69B)
Class com.google.common.reflect.TypeToken$1                                           : loaded 2 times (x 107B)
Class com.google.common.cache.CacheBuilder                                            : loaded 2 times (x 71B)
Class com.google.wireless.android.sdk.stats.LayoutInspectorEventOrBuilder             : loaded 2 times (x 69B)
Class com.google.common.reflect.TypeToken$2                                           : loaded 2 times (x 107B)
Class org.objectweb.asm.ByteVector                                                    : loaded 2 times (x 78B)
Class [Lorg.jetbrains.kotlin.diagnostics.Severity;                                    : loaded 2 times (x 68B)
Class org.jetbrains.kotlin.extensions.internal.TypeResolutionInterceptorExtension     : loaded 2 times (x 69B)
Class org.jetbrains.kotlin.diagnostics.PositioningStrategies$WHEN_EXPRESSION$1        : loaded 2 times (x 73B)
Class com.google.wireless.android.sdk.stats.MotionLayoutEditorEvent                   : loaded 2 times (x 194B)
Class com.google.protobuf.Message$Builder                                             : loaded 2 times (x 69B)
Class com.android.utils.PositionXmlParser$ParserFactoryFunction                       : loaded 2 times (x 69B)
Class org.jetbrains.kotlin.resolve.jvm.KotlinJavaPsiFacade$KotlinPsiElementFinderWrapperImplDumbAware: loaded 2 times (x 81B)
Class androidx.compose.material3.lint.MaterialImportDetector$createUastHandler$1      : loaded 2 times (x 126B)
Class com.google.wireless.android.sdk.stats.GradleJdkConfigurationEvent               : loaded 2 times (x 194B)
Class androidx.compose.runtime.lint.FrequentlyChangingValueDetector$createUastHandler$1: loaded 2 times (x 126B)
Class kotlin.jvm.internal.markers.KMutableCollection                                  : loaded 2 times (x 69B)
Class org.jetbrains.kotlin.resolve.PlatformConfiguratorBase                           : loaded 2 times (x 79B)
Class org.jetbrains.kotlin.psi.stubs.elements.KtPlaceHolderWithTextStubElementType    : loaded 2 times (x 99B)
Class kotlin.reflect.jvm.internal.KClassImpl$$Lambda$0                                : loaded 2 times (x 75B)
Class com.google.protobuf.ByteString$LeafByteString                                   : loaded 2 times (x 102B)
Class com.android.resources.NavigationState                                           : loaded 2 times (x 85B)
Class com.android.ide.common.rendering.api.StyleItemResourceValue                     : loaded 2 times (x 69B)
Class com.android.resources.Navigation                                                : loaded 2 times (x 85B)
Class com.android.utils.PositionXmlParser$Position                                    : loaded 2 times (x 77B)
Class org.jetbrains.kotlin.psi.KtBlockExpression                                      : loaded 2 times (x 547B)
Class org.jetbrains.kotlin.protobuf.Utf8                                              : loaded 2 times (x 70B)
Class kotlin.internal.PlatformImplementations                                         : loaded 2 times (x 75B)
Class org.jetbrains.kotlin.resolve.calls.inference.components.ConstraintIncorporatorKt: loaded 2 times (x 70B)
Class org.jetbrains.kotlin.cli.jvm.modules.CoreJrtFileSystem                          : loaded 2 times (x 100B)
Class com.google.wireless.android.sdk.stats.GradleBuildProfile                        : loaded 2 times (x 247B)
Class com.google.wireless.android.sdk.stats.AndroidStudioEvent$1                      : loaded 2 times (x 75B)
Class com.google.wireless.android.sdk.stats.DesignEditorHelpPanelEventOrBuilder       : loaded 2 times (x 69B)
Class kotlinx.coroutines.scheduling.TaskContext                                       : loaded 2 times (x 69B)
Class com.google.common.base.Ticker                                                   : loaded 2 times (x 71B)
Class com.google.wireless.android.sdk.stats.AndroidStudioEvent$TemplatesUsage         : loaded 2 times (x 205B)
Class com.google.wireless.android.sdk.stats.AndroidStudioEvent$2                      : loaded 2 times (x 150B)
Class org.jetbrains.kotlin.psi.psiUtil.PsiUtilsKt                                     : loaded 2 times (x 70B)
Class org.jetbrains.kotlin.psi.stubs.elements.KtUserTypeElementType                   : loaded 2 times (x 102B)
Class com.google.wireless.android.sdk.stats.WindowsDefenderStatus                     : loaded 2 times (x 196B)
Class org.gradle.api.internal.ClassPathProvider                                       : loaded 2 times (x 69B)
Class org.jetbrains.kotlin.diagnostics.PositioningStrategies$VARIANCE_IN_PROJECTION$1 : loaded 2 times (x 73B)
Class com.google.wireless.android.sdk.stats.UpgradeAssistantComponentEventOrBuilder   : loaded 2 times (x 69B)
Class [Lorg.jetbrains.kotlin.resolve.calls.tasks.ExplicitReceiverKind;                : loaded 2 times (x 68B)
Class org.jetbrains.kotlin.resolve.checkers.ContractDescriptionBlockChecker           : loaded 2 times (x 73B)
Class org.jetbrains.kotlin.resolve.PlatformConfiguratorBaseKt                         : loaded 2 times (x 70B)
Class org.jetbrains.kotlin.metadata.ProtoBuf$VersionRequirement$Level                 : loaded 2 times (x 81B)
Class org.jetbrains.kotlin.load.java.JavaTypeEnhancementState                         : loaded 2 times (x 71B)
Class com.android.utils.ILogger                                                       : loaded 2 times (x 69B)
Class com.google.wireless.android.sdk.stats.StudioCrashOrBuilder                      : loaded 2 times (x 69B)
Class org.jetbrains.kotlin.metadata.ProtoBuf$Annotation$Argument$Value$Builder        : loaded 2 times (x 153B)
Class org.jetbrains.kotlin.metadata.jvm.JvmModuleProtoBuf$PackagePartsOrBuilder       : loaded 2 times (x 69B)
Class org.jetbrains.kotlin.metadata.ProtoBuf$Annotation$Argument$Value$Type$1         : loaded 2 times (x 73B)
Class [Lorg.jetbrains.kotlin.psi.KtSuperTypeListEntry;                                : loaded 2 times (x 68B)
Class org.jetbrains.kotlin.load.java.typeEnhancement.PredefinedEnhancementInfoKt      : loaded 2 times (x 70B)
Class kotlin.KotlinVersion$Companion                                                  : loaded 2 times (x 70B)
Class org.jetbrains.kotlin.psi.KtCallExpression                                       : loaded 2 times (x 570B)
Class org.jetbrains.kotlin.load.java.structure.JavaTypeParameterListOwner             : loaded 2 times (x 69B)
Class org.jetbrains.kotlin.metadata.deserialization.VersionSpecificBehaviorKt         : loaded 2 times (x 70B)
Class org.jetbrains.kotlin.cli.common.arguments.CommonCompilerArguments$Companion     : loaded 2 times (x 70B)
Class com.google.wireless.android.sdk.stats.AndroidTestRetentionEvent                 : loaded 2 times (x 196B)
Class org.jetbrains.kotlin.load.java.structure.impl.JavaFieldImpl                     : loaded 2 times (x 129B)
Class org.jetbrains.kotlin.cli.jvm.compiler.CliVirtualFileFinderFactory               : loaded 2 times (x 75B)
Class org.jetbrains.kotlin.serialization.deserialization.ProtoEnumFlagsUtilsKt        : loaded 2 times (x 70B)
Class org.jetbrains.kotlin.resolve.calls.inference.model.ReceiverConstraintPosition   : loaded 2 times (x 71B)
Class org.jetbrains.kotlin.load.java.typeEnhancement.AbstractSignatureParts           : loaded 2 times (x 89B)
Class [Lorg.jetbrains.kotlin.resolve.jvm.KotlinJavaPsiFacade$KotlinPsiElementFinderWrapper;: loaded 2 times (x 68B)
Class org.jetbrains.kotlin.name.StandardClassIds                                      : loaded 2 times (x 70B)
Class org.objectweb.asm.ModuleWriter                                                  : loaded 2 times (x 81B)
Class org.gradle.internal.classloader.ClasspathUtil$1                                 : loaded 2 times (x 75B)
Class com.android.ide.common.blame.SourcePosition                                     : loaded 2 times (x 70B)
Class com.android.ide.common.rendering.api.ResourceNamespace$AaptNamespace            : loaded 2 times (x 79B)
Class org.jetbrains.kotlin.builtins.functions.FunctionTypeKindExtractor$KindWithArity : loaded 2 times (x 71B)
Class org.jetbrains.kotlin.metadata.ProtoBuf$VersionRequirement$VersionKind           : loaded 2 times (x 81B)
Class [Lorg.jetbrains.kotlin.types.model.TypeArgumentListMarker;                      : loaded 2 times (x 68B)
Class org.jetbrains.kotlin.load.java.structure.JavaAnnotationOwner                    : loaded 2 times (x 69B)
Class kotlin.reflect.jvm.internal.KProperty2Impl                                      : loaded 2 times (x 127B)
Class com.google.wireless.android.sdk.stats.LiveEditEvent                             : loaded 2 times (x 208B)
Class [Lorg.jetbrains.kotlin.load.java.typeEnhancement.NullabilityQualifier;          : loaded 2 times (x 68B)
Class org.jetbrains.kotlin.extensions.TypeAttributeTranslatorExtension$Companion      : loaded 2 times (x 71B)
Class org.jetbrains.kotlin.cli.jvm.compiler.JavaLanguageLevelKt$EntriesMappings       : loaded 2 times (x 70B)
Class com.google.wireless.android.sdk.stats.StartupPerformanceCodeLoadedAndVisibleInEditorOrBuilder: loaded 2 times (x 69B)
Class com.google.protobuf.AbstractParser                                              : loaded 2 times (x 149B)
Class org.jetbrains.kotlin.container.ComponentContainer                               : loaded 2 times (x 69B)
Class org.jetbrains.kotlin.metadata.ProtoBuf$QualifiedNameTable$QualifiedName$1       : loaded 2 times (x 143B)
Class org.jetbrains.kotlin.diagnostics.PositioningStrategies$NULLABLE_TYPE$1          : loaded 2 times (x 73B)
Class com.google.protobuf.LazyStringList                                              : loaded 2 times (x 69B)
Class org.jetbrains.kotlin.resolve.checkers.ConstModifierChecker                      : loaded 2 times (x 73B)
Class org.jetbrains.kotlin.metadata.ProtoBuf$Annotation$Argument$ValueOrBuilder       : loaded 2 times (x 69B)
Class androidx.compose.ui.test.manifest.lint.GradleDebugConfigurationDetector         : loaded 2 times (x 153B)
Class com.google.wireless.android.sdk.stats.RunEventOrBuilder                         : loaded 2 times (x 69B)
Class com.google.wireless.android.sdk.stats.ApkDebugProjectOrBuilder                  : loaded 2 times (x 69B)
Class org.jetbrains.kotlin.psi.KtLambdaArgument                                       : loaded 2 times (x 472B)
Class kotlin.sequences.TransformingSequence                                           : loaded 2 times (x 74B)
Class com.google.protobuf.Utf8$UnpairedSurrogateException                             : loaded 2 times (x 81B)
Class com.google.wireless.android.sdk.stats.ImportSampleEvent                         : loaded 2 times (x 196B)
Class com.google.wireless.android.sdk.stats.TypingLatencyStats                        : loaded 2 times (x 200B)
Class com.google.wireless.android.sdk.stats.AvdLaunchEvent                            : loaded 2 times (x 196B)
Class com.google.common.hash.AbstractHasher                                           : loaded 2 times (x 141B)
Class [Lorg.jetbrains.kotlin.config.LanguageFeature$State;                            : loaded 2 times (x 68B)
Class org.jetbrains.kotlin.psi.KtExpressionImplStub                                   : loaded 2 times (x 506B)
Class [Lorg.jetbrains.kotlin.utils.DescriptionAware;                                  : loaded 2 times (x 68B)
Class com.google.wireless.android.sdk.stats.Align16kbEvent                            : loaded 2 times (x 201B)
Class org.jetbrains.kotlin.resolve.calls.inference.components.PostponedArgumentInputTypesResolver: loaded 2 times (x 71B)
Class org.jetbrains.kotlin.storage.SimpleLock$Companion                               : loaded 2 times (x 70B)
Class com.google.wireless.android.sdk.stats.ConnectionAssistantEvent                  : loaded 2 times (x 198B)
Class com.google.wireless.android.sdk.stats.SigningWizardEventOrBuilder               : loaded 2 times (x 69B)
Class com.google.protobuf.Extension                                                   : loaded 2 times (x 84B)
Class org.jetbrains.kotlin.serialization.deserialization.NameResolverUtilKt           : loaded 2 times (x 70B)
Class org.jetbrains.kotlin.resolve.checkers.NullableExtensionOperatorWithSafeCallChecker: loaded 2 times (x 73B)
Class org.jetbrains.kotlin.psi.KtPackageDirective                                     : loaded 2 times (x 593B)
Class [Lorg.jetbrains.kotlin.psi.KtClassLikeDeclaration;                              : loaded 2 times (x 68B)
Class org.jetbrains.kotlin.parsing.FirstBefore                                        : loaded 2 times (x 83B)
Class org.jetbrains.kotlin.extensions.internal.CallResolutionInterceptorExtension     : loaded 2 times (x 69B)
Class kotlin.coroutines.ContinuationKt                                                : loaded 2 times (x 70B)
Class com.google.wireless.android.sdk.stats.ApkAnalyzerStats                          : loaded 2 times (x 198B)
Class org.jetbrains.kotlin.psi.KtContainerNode                                        : loaded 2 times (x 375B)
Class org.jetbrains.kotlin.psi.stubs.elements.KtScriptElementType                     : loaded 2 times (x 99B)
Class com.google.protobuf.UninitializedMessageException                               : loaded 2 times (x 83B)
Class com.google.common.cache.AbstractCache$StatsCounter                              : loaded 2 times (x 69B)
Class com.google.wireless.android.sdk.stats.UpgradeAssistantComponentEvent            : loaded 2 times (x 214B)
Class org.jetbrains.kotlin.load.java.structure.impl.JavaTypeParameterImpl             : loaded 2 times (x 107B)
Class com.google.common.collect.Maps$EntryFunction$1                                  : loaded 2 times (x 90B)
Class org.jetbrains.kotlin.cli.jvm.compiler.IdeaStandaloneExecutionSetup              : loaded 2 times (x 70B)
Class com.google.common.collect.Maps$EntryFunction$2                                  : loaded 2 times (x 90B)
Class org.jetbrains.org.objectweb.asm.util.CheckSignatureAdapter                      : loaded 2 times (x 87B)
Class org.jetbrains.kotlin.psi.stubs.elements.KtTypeParameterElementType              : loaded 2 times (x 102B)
Class com.google.protobuf.CodedOutputStream$ByteOutputEncoder                         : loaded 2 times (x 109B)
Class [Lcom.android.resources.LayoutDirection;                                        : loaded 2 times (x 68B)
Class org.jetbrains.kotlin.psi.KtObjectLiteralExpression                              : loaded 2 times (x 437B)
Class org.jetbrains.kotlin.LambdaExpressionElementType                                : loaded 2 times (x 94B)
Class [Lorg.jetbrains.kotlin.psi.KtLambdaArgument;                                    : loaded 2 times (x 68B)
Class org.jetbrains.kotlin.psi.KtValVarKeywordOwner                                   : loaded 2 times (x 69B)
Class com.android.tools.analytics.HostData$classLoadingBean$2                         : loaded 2 times (x 77B)
Class org.jetbrains.kotlin.resolve.checkers.CyclicAnnotationsChecker                  : loaded 2 times (x 73B)
Class com.android.tools.lint.model.DefaultLintModelDependencyGraph                    : loaded 2 times (x 77B)
Class com.google.protobuf.CodedInputStream$StreamDecoder                              : loaded 2 times (x 119B)
Class com.google.wireless.android.sdk.stats.InteractivePreviewEventOrBuilder          : loaded 2 times (x 69B)
Class org.jetbrains.kotlin.cli.jvm.compiler.KotlinCoreApplicationEnvironmentMode$Production: loaded 2 times (x 70B)
Class it.unimi.dsi.fastutil.objects.ObjectCollection                                  : loaded 2 times (x 69B)
Class org.objectweb.asm.Symbol                                                        : loaded 2 times (x 72B)
Class androidx.lint.kotlin.metadata.KmClassifier$Class                                : loaded 2 times (x 71B)
Class [Lorg.jetbrains.kotlin.types.TypeCheckerState$LowerCapturedTypePolicy;          : loaded 2 times (x 68B)
Class org.jetbrains.kotlin.resolve.calls.checkers.SuspendConversionCallChecker        : loaded 2 times (x 73B)
Class org.jetbrains.kotlin.resolve.checkers.ContextualDeclarationChecker              : loaded 2 times (x 73B)
Class com.android.resources.ScreenOrientation                                         : loaded 2 times (x 85B)
Class com.google.wireless.android.sdk.stats.GeminiAdvertiserEvent                     : loaded 2 times (x 196B)
Class org.jetbrains.kotlin.psi.KtTypeParameterListOwnerStub                           : loaded 2 times (x 997B)
Class it.unimi.dsi.fastutil.HashCommon                                                : loaded 2 times (x 70B)
Class com.google.wireless.android.sdk.stats.StudioCoreGeminiActionsEvent              : loaded 2 times (x 204B)
Class [Lcom.android.resources.WideGamutColor;                                         : loaded 2 times (x 68B)
Class org.jetbrains.kotlin.psi.KtEnumEntrySuperclassReferenceExpression               : loaded 2 times (x 633B)
Class com.google.wireless.android.sdk.stats.DeviceConnectedNotificationEventOrBuilder : loaded 2 times (x 69B)
Class org.jetbrains.kotlin.types.model.CaptureStatus                                  : loaded 2 times (x 78B)
Class kotlin.reflect.jvm.internal.CachesKt$$Lambda$0                                  : loaded 2 times (x 74B)
Class com.google.common.reflect.TypeToken                                             : loaded 2 times (x 72B)
Class kotlin.reflect.jvm.internal.ReflectProperties$Val$1                             : loaded 2 times (x 70B)
Class kotlin.reflect.jvm.internal.CachesKt$$Lambda$1                                  : loaded 2 times (x 74B)
Class com.google.common.cache.LocalCache$Strength$1                                   : loaded 2 times (x 80B)
Class com.google.wireless.android.sdk.stats.SplittingTabsUsageEvent                   : loaded 2 times (x 200B)
Class com.google.wireless.android.sdk.stats.UiDeviceSettingsEventOrBuilder            : loaded 2 times (x 69B)
Class org.jetbrains.kotlin.psi.KtNamedFunction                                        : loaded 2 times (x 1346B)
Class kotlin.reflect.jvm.internal.CachesKt$$Lambda$2                                  : loaded 2 times (x 74B)
Class [Lcom.google.common.base.Predicate;                                             : loaded 2 times (x 68B)
Class com.google.common.collect.EmptyImmutableListMultimap                            : loaded 2 times (x 175B)
Class com.google.common.cache.LocalCache$Strength$2                                   : loaded 2 times (x 80B)
Class androidx.lifecycle.lint.LifecycleWhenChecksKt                                   : loaded 2 times (x 70B)
Class com.google.wireless.android.sdk.stats.TypingLatencyStatsOrBuilder               : loaded 2 times (x 69B)
Class com.google.wireless.android.sdk.stats.AvdLaunchEventOrBuilder                   : loaded 2 times (x 69B)
Class org.jetbrains.kotlin.metadata.ProtoBuf$QualifiedNameTable$QualifiedName$Kind$1  : loaded 2 times (x 73B)
Class kotlin.reflect.jvm.internal.CachesKt$$Lambda$3                                  : loaded 2 times (x 74B)
Class com.google.common.cache.LocalCache$Strength$3                                   : loaded 2 times (x 80B)
Class org.gradle.internal.classloader.ClassLoaderFactory                              : loaded 2 times (x 69B)
Class org.jetbrains.kotlin.diagnostics.PositioningStrategies$FOR_REDECLARATION$1      : loaded 2 times (x 73B)
Class com.google.wireless.android.sdk.stats.CreateDiagnosticReportAction              : loaded 2 times (x 194B)
Class kotlin.reflect.jvm.internal.CachesKt$$Lambda$4                                  : loaded 2 times (x 74B)
Class com.google.protobuf.Internal                                                    : loaded 2 times (x 70B)
Class org.jetbrains.kotlin.resolve.checkers.KotlinVersionStringAnnotationValueChecker : loaded 2 times (x 76B)
Class it.unimi.dsi.fastutil.ints.AbstractIntCollection                                : loaded 2 times (x 184B)
Class [Lkotlin.reflect.jvm.internal.impl.name.FqName;                                 : loaded 2 times (x 68B)
Class com.google.protobuf.Utf8$Processor                                              : loaded 2 times (x 76B)
Class org.jetbrains.kotlin.resolve.checkers.EnumEntriesRedeclarationChecker           : loaded 2 times (x 73B)
Class org.jetbrains.kotlin.psi.stubs.elements.KtPrimaryConstructorElementType         : loaded 2 times (x 106B)
Class kotlin.io.LinesSequence$iterator$1                                              : loaded 2 times (x 78B)
Class androidx.compose.material.lint.ColorsDetector                                   : loaded 2 times (x 169B)
Class org.jetbrains.kotlin.parsing.KotlinParsing$ModifierDetector                     : loaded 2 times (x 77B)
Class com.google.common.util.concurrent.AbstractFuture$Waiter                         : loaded 2 times (x 71B)
Class com.google.wireless.android.sdk.stats.AutoImportEvent                           : loaded 2 times (x 196B)
Class org.jetbrains.kotlin.load.kotlin.TypeMappingMode$WhenMappings                   : loaded 2 times (x 70B)
Class org.jetbrains.kotlin.resolve.calls.inference.model.DeclaredUpperBoundConstraintPosition: loaded 2 times (x 71B)
Class com.android.tools.lint.model.LintModelSerialization$LintModelSerializationAdapter: loaded 2 times (x 69B)
Class com.google.common.util.concurrent.Uninterruptibles                              : loaded 2 times (x 70B)
Class com.google.wireless.android.sdk.stats.NonTransitiveRClassMigrationEventOrBuilder: loaded 2 times (x 69B)
Class org.jetbrains.kotlin.resolve.calls.checkers.UnsupportedUntilOperatorChecker     : loaded 2 times (x 73B)
Class [Lorg.jetbrains.kotlin.builtins.PrimitiveType;                                  : loaded 2 times (x 68B)
Class kotlin.coroutines.EmptyCoroutineContext                                         : loaded 2 times (x 76B)
Class com.google.wireless.android.sdk.stats.GradlePluginUpgradeDialogStats            : loaded 2 times (x 207B)
Class com.google.wireless.android.sdk.stats.StudioPatchUpdaterEventOrBuilder          : loaded 2 times (x 69B)
Class jdk.internal.jimage.ImageHeader                                                 : loaded 2 times (x 70B)
Class org.jetbrains.kotlin.codegen.signature.AsmTypeFactory                           : loaded 2 times (x 78B)
Class kotlin.reflect.jvm.internal.impl.name.StandardClassIdsKt                        : loaded 2 times (x 70B)
Class com.android.tools.lint.model.LintModelMavenName                                 : loaded 2 times (x 69B)
Class org.jetbrains.kotlin.descriptors.java.JavaVisibilities$ProtectedAndPackage      : loaded 2 times (x 78B)
Class org.gradle.api.internal.classpath.ManifestUtil                                  : loaded 2 times (x 70B)
Class org.gradle.api.specs.Spec                                                       : loaded 2 times (x 69B)
Class com.google.wireless.android.play.playlog.proto.ClientAnalytics$LogEvent$1       : loaded 2 times (x 150B)
Class com.google.wireless.android.sdk.stats.MlModelBindingEventOrBuilder              : loaded 2 times (x 69B)
Class org.jetbrains.kotlin.backend.jvm.extensions.ClassGeneratorExtension$Companion   : loaded 2 times (x 71B)
Class org.jetbrains.kotlin.utils.KotlinExceptionWithAttachments                       : loaded 2 times (x 93B)
Class com.google.common.cache.CacheLoader$UnsupportedLoadingOperationException        : loaded 2 times (x 81B)
Class com.google.gson.JsonIOException                                                 : loaded 2 times (x 81B)
Class org.jetbrains.kotlin.psi.KtPrefixExpression                                     : loaded 2 times (x 501B)
Class com.google.protobuf.CodedOutputStream$OutOfSpaceException                       : loaded 2 times (x 81B)
Class org.jetbrains.kotlin.load.java.structure.impl.JavaClassifierImpl                : loaded 2 times (x 103B)
Class org.jetbrains.kotlin.psi.stubs.KotlinTypeAliasStub                              : loaded 2 times (x 69B)
Class org.jetbrains.kotlin.psi.KtClassLikeDeclaration                                 : loaded 2 times (x 69B)
Class com.google.wireless.android.sdk.stats.StartupPerformanceFirstUiShownEventOrBuilder: loaded 2 times (x 69B)
Class [Lorg.jetbrains.kotlin.psi.KtCallElement;                                       : loaded 2 times (x 68B)
Class kotlin.jvm.internal.ReflectionFactory                                           : loaded 2 times (x 90B)
Class [Lorg.jetbrains.kotlin.descriptors.CallableMemberDescriptor$Kind;               : loaded 2 times (x 68B)
Class [Lorg.jetbrains.kotlin.psi.KtDeclarationContainer;                              : loaded 2 times (x 68B)
Class org.jetbrains.kotlin.resolve.calls.results.FlatSignatureKt                      : loaded 2 times (x 70B)
Class org.jetbrains.kotlin.load.kotlin.JvmPackagePartProviderBase                     : loaded 2 times (x 92B)
Class kotlin.reflect.jvm.internal.impl.name.SpecialNames                              : loaded 2 times (x 70B)
Class com.google.common.util.concurrent.ListenableFuture                              : loaded 2 times (x 69B)
Class androidx.compose.animation.lint.CrossfadeDetectorKt                             : loaded 2 times (x 70B)
Class org.jetbrains.kotlin.psi.KtNamedDeclarationStub                                 : loaded 2 times (x 913B)
Class com.google.common.collect.MapMaker$Dummy                                        : loaded 2 times (x 78B)
Class com.google.wireless.android.sdk.stats.ManifestMergerStats                       : loaded 2 times (x 202B)
Class org.jetbrains.kotlin.types.model.DefinitelyNotNullTypeMarker                    : loaded 2 times (x 69B)
Class org.jetbrains.kotlin.fileClasses.JvmFileClassUtil                               : loaded 2 times (x 70B)
Class [Lorg.jetbrains.kotlin.parsing.KotlinExpressionParsing$Precedence;              : loaded 2 times (x 68B)
Class kotlin.jvm.internal.Ref$ObjectRef                                               : loaded 2 times (x 71B)
Class kotlinx.coroutines.scheduling.TaskContextImpl                                   : loaded 2 times (x 74B)
Class it.unimi.dsi.fastutil.objects.AbstractObject2IntMap                             : loaded 2 times (x 238B)
Class org.jetbrains.kotlin.types.model.TypeSystemTypeFactoryContext                   : loaded 2 times (x 69B)
Class org.jetbrains.kotlin.parsing.BindFirstShebangWithWhitespaceOnly                 : loaded 2 times (x 75B)
Class org.jetbrains.kotlin.load.java.structure.JavaClassifier                         : loaded 2 times (x 69B)
Class [Lorg.jetbrains.kotlin.psi.KtImportList;                                        : loaded 2 times (x 68B)
Class org.jetbrains.kotlin.diagnostics.PositioningStrategies$VALUE_ARGUMENTS$1        : loaded 2 times (x 73B)
Class org.jetbrains.kotlin.diagnostics.DiagnosticMarker                               : loaded 2 times (x 69B)
Class com.google.protobuf.AbstractMessageLite$Builder                                 : loaded 2 times (x 125B)
Class it.unimi.dsi.fastutil.objects.Object2IntMap                                     : loaded 2 times (x 69B)
Class [Lorg.jetbrains.kotlin.config.LanguageFeature;                                  : loaded 2 times (x 68B)
Class org.jetbrains.kotlin.types.AbstractTypeApproximator                             : loaded 2 times (x 739B)
Class org.jetbrains.kotlin.cli.jvm.index.JvmDependenciesDynamicCompoundIndex          : loaded 2 times (x 76B)
Class kotlin.jvm.internal.ArrayIterator                                               : loaded 2 times (x 78B)
Class org.jetbrains.kotlin.build.report.metrics.BuildMetricsReporter                  : loaded 2 times (x 69B)
Class [Lorg.jetbrains.kotlin.psi.KtBackingField;                                      : loaded 2 times (x 68B)
Class org.jetbrains.org.objectweb.asm.tree.InvokeDynamicInsnNode                      : loaded 2 times (x 77B)
Class com.google.wireless.android.sdk.stats.FirebaseManagementEventOrBuilder          : loaded 2 times (x 69B)
Class org.jetbrains.kotlin.psi.KtThisExpression                                       : loaded 2 times (x 437B)
Class org.jetbrains.kotlin.metadata.ProtoBuf$Expression$ConstantValue$1               : loaded 2 times (x 73B)
Class org.jetbrains.kotlin.psi.KtWhenConditionInRange                                 : loaded 2 times (x 378B)
Class org.jetbrains.org.objectweb.asm.ClassWriter                                     : loaded 2 times (x 103B)
Class androidx.compose.runtime.lint.RememberInCompositionDetector$createUastHandler$1 : loaded 2 times (x 126B)
Class org.jetbrains.kotlin.psi.KtAnnotatedExpression                                  : loaded 2 times (x 563B)
Class [Lorg.jetbrains.kotlin.psi.LambdaArgument;                                      : loaded 2 times (x 68B)
Class kotlin.collections.builders.ListBuilder$Companion                               : loaded 2 times (x 70B)
Class kotlinx.coroutines.internal.ThreadLocalKt                                       : loaded 2 times (x 70B)
Class kotlin.coroutines.jvm.internal.ContinuationImpl                                 : loaded 2 times (x 86B)
Class com.google.common.collect.BaseImmutableMultimap                                 : loaded 2 times (x 122B)
Class com.google.wireless.android.sdk.stats.AndroidStudioEvent$EventKind$1            : loaded 2 times (x 75B)
Class kotlin.ranges.OpenEndRange                                                      : loaded 2 times (x 69B)
Class com.google.common.collect.Iterators$6                                           : loaded 2 times (x 80B)
Class com.google.common.util.concurrent.AbstractFuture$UnsafeAtomicHelper             : loaded 2 times (x 77B)
Class com.google.protobuf.Parser                                                      : loaded 2 times (x 69B)
Class org.jetbrains.kotlin.resolve.calls.inference.components.ResultTypeResolver      : loaded 2 times (x 71B)
Class org.jetbrains.kotlin.resolve.calls.checkers.ConstructorHeaderCallChecker        : loaded 2 times (x 73B)
Class org.jetbrains.kotlin.metadata.jvm.deserialization.PackageParts                  : loaded 2 times (x 71B)
Class org.jetbrains.kotlin.descriptors.DeclarationDescriptorNonRoot                   : loaded 2 times (x 69B)
Class com.android.ide.common.rendering.api.StyleResourceValue                         : loaded 2 times (x 69B)
Class [Lorg.jetbrains.kotlin.psi.KtSimpleNameExpression;                              : loaded 2 times (x 68B)
Class [Lcom.android.ide.common.gradle.Separator;                                      : loaded 2 times (x 68B)
Class org.jetbrains.kotlin.descriptors.CallableDescriptor                             : loaded 2 times (x 69B)
Class org.jetbrains.kotlin.resolve.checkers.DeprecationInheritanceChecker             : loaded 2 times (x 73B)
Class org.jetbrains.kotlin.BlockExpressionElementType                                 : loaded 2 times (x 97B)
Class kotlin.reflect.full.IllegalPropertyDelegateAccessException                      : loaded 2 times (x 81B)
Class [Lkotlin.reflect.KClassifier;                                                   : loaded 2 times (x 68B)
Class com.google.protobuf.GeneratedMessageV3$1                                        : loaded 2 times (x 77B)
Class org.jetbrains.org.objectweb.asm.signature.SignatureWriter                       : loaded 2 times (x 87B)
Class org.jetbrains.kotlin.types.DynamicTypesSettings                                 : loaded 2 times (x 71B)
Class org.jetbrains.kotlin.load.kotlin.VirtualFileFinder                              : loaded 2 times (x 89B)
Class kotlin.coroutines.CoroutineContext                                              : loaded 2 times (x 69B)
Class com.google.wireless.android.sdk.stats.AppLinksAssistantEvent                    : loaded 2 times (x 230B)
Class org.jetbrains.kotlin.psi.KtFinallySection                                       : loaded 2 times (x 376B)
Class org.jetbrains.kotlin.name.StandardClassIdsKt                                    : loaded 2 times (x 70B)
Class org.jetbrains.kotlin.types.model.TypeVariableTypeConstructorMarker              : loaded 2 times (x 69B)
Class org.jetbrains.kotlin.psi.KtImportList                                           : loaded 2 times (x 445B)
Class org.jetbrains.kotlin.mpp.ConstructorSymbolMarker                                : loaded 2 times (x 69B)
Class org.jetbrains.kotlin.resolve.calls.checkers.FunInterfaceConstructorReferenceChecker: loaded 2 times (x 73B)
Class [Lcom.google.wireless.android.sdk.stats.AndroidStudioEvent$EventKind;           : loaded 2 times (x 68B)
Class com.google.wireless.android.sdk.stats.NavSafeArgsEventOrBuilder                 : loaded 2 times (x 69B)
Class com.google.wireless.android.sdk.stats.VirtualizationEventOrBuilder              : loaded 2 times (x 69B)
Class [Lkotlin.reflect.KClass;                                                        : loaded 2 times (x 68B)
Class org.jetbrains.kotlin.cli.jvm.compiler.KotlinCoreEnvironment$Companion$getOrCreateApplicationEnvironment$1$2: loaded 2 times (x 73B)
Class com.google.wireless.android.sdk.stats.ComposePreviewCanvasEvent                 : loaded 2 times (x 196B)
Class com.google.wireless.android.sdk.stats.SmlTransformEventOrBuilder                : loaded 2 times (x 69B)
Class org.jetbrains.kotlin.resolve.IdentifierCheckerClashesResolver                   : loaded 2 times (x 72B)
Class org.jetbrains.kotlin.psi.KtVariableDeclaration                                  : loaded 2 times (x 69B)
Class org.jetbrains.kotlin.psi.KtTypeParameterListOwner                               : loaded 2 times (x 69B)
Class kotlin.jvm.internal.Reflection                                                  : loaded 2 times (x 70B)
Class org.jetbrains.kotlin.psi.KtWhenConditionWithExpression                          : loaded 2 times (x 376B)
Class org.jetbrains.kotlin.psi.stubs.elements.KtClassLiteralExpressionElementType     : loaded 2 times (x 99B)
Class [Lorg.jetbrains.kotlin.psi.KtReferenceExpression;                               : loaded 2 times (x 68B)
Class org.gradle.internal.IoActions                                                   : loaded 2 times (x 70B)
Class org.jetbrains.kotlin.load.kotlin.TypeMappingModeExtensionsKt                    : loaded 2 times (x 70B)
Class org.jetbrains.kotlin.extensions.ProjectExtensionDescriptor                      : loaded 2 times (x 71B)
Class androidx.compose.material.lint.ColorsDetector$createUastHandler$1               : loaded 2 times (x 126B)
Class org.jetbrains.kotlin.metadata.ProtoBuf$StringTable$1                            : loaded 2 times (x 143B)
Class com.google.common.collect.MapMakerInternalMap$StrongKeyDummyValueEntry$Helper   : loaded 2 times (x 78B)
Class com.google.protobuf.ByteString$ByteIterator                                     : loaded 2 times (x 69B)
Class com.google.wireless.android.sdk.stats.StartupEvent                              : loaded 2 times (x 196B)
Class com.google.protobuf.UnsafeUtil$JvmMemoryAccessor                                : loaded 2 times (x 90B)
Class com.google.wireless.android.sdk.stats.HeapReportEventOrBuilder                  : loaded 2 times (x 69B)
Class kotlin.text.MatchResult$Destructured                                            : loaded 2 times (x 71B)
Class kotlin.text.MatchResult$DefaultImpls                                            : loaded 2 times (x 70B)
Class org.jetbrains.kotlin.diagnostics.DiagnosticWithParameters3Marker                : loaded 2 times (x 69B)
Class com.google.wireless.android.sdk.stats.StudioRunEventOrBuilder                   : loaded 2 times (x 69B)
Class org.jetbrains.kotlin.types.model.TypeSubstitutorMarker                          : loaded 2 times (x 69B)
Class org.jetbrains.kotlin.resolve.calls.checkers.OperatorCallChecker                 : loaded 2 times (x 73B)
Class com.android.tools.lint.model.PathVariables$Companion                            : loaded 2 times (x 70B)
Class com.google.wireless.android.sdk.stats.LintTooltipLinkEvent                      : loaded 2 times (x 199B)
Class org.jetbrains.kotlin.psi.stubs.elements.KtAnnotationUseSiteTargetElementType    : loaded 2 times (x 99B)
Class Settings_gradle$1$1$1                                                           : loaded 2 times (x 74B)
Class com.android.resources.ResourceFolderType                                        : loaded 2 times (x 78B)
Class org.jetbrains.kotlin.resolve.extensions.ExtraImportsProviderExtension$Companion : loaded 2 times (x 71B)
Class org.jetbrains.kotlin.psi.KtStatementExpression                                  : loaded 2 times (x 69B)
Class [Lorg.jetbrains.kotlin.build.report.metrics.BuildTime;                          : loaded 2 times (x 68B)
Class com.google.wireless.android.sdk.stats.SmlConfigurationEventOrBuilder            : loaded 2 times (x 69B)
Class org.jetbrains.kotlin.utils.WrappedValues$1                                      : loaded 2 times (x 70B)
Class org.jetbrains.kotlin.load.java.SpecialGenericSignatures$TypeSafeBarrierDescription$MAP_GET_OR_DEFAULT: loaded 2 times (x 79B)
Class kotlin.collections.ArrayDeque                                                   : loaded 2 times (x 168B)
Class com.google.wireless.android.sdk.stats.AdbUsageEvent                             : loaded 2 times (x 200B)
Class [Lorg.jetbrains.kotlin.psi.KtAnnotated;                                         : loaded 2 times (x 68B)
Class kotlin.reflect.jvm.internal.impl.builtins.functions.FunctionTypeKind$KFunction  : loaded 2 times (x 71B)
Class com.android.sdklib.IAndroidTarget                                               : loaded 2 times (x 69B)
Class com.google.common.cache.ReferenceEntry                                          : loaded 2 times (x 69B)
Class org.jetbrains.kotlin.load.java.structure.JavaLiteralAnnotationArgument          : loaded 2 times (x 69B)
Class [Lorg.jetbrains.kotlin.psi.KtContractEffectList;                                : loaded 2 times (x 68B)
Class [Lorg.jetbrains.kotlin.psi.KtFunctionTypeReceiver;                              : loaded 2 times (x 68B)
Class org.jetbrains.kotlin.psi.KtImportInfo                                           : loaded 2 times (x 69B)
Class org.jetbrains.kotlin.util.EmptyArrayMap$iterator$1                              : loaded 2 times (x 77B)
Class org.jetbrains.kotlin.descriptors.EffectiveVisibility$PrivateInClass             : loaded 2 times (x 74B)
Class org.jetbrains.kotlin.metadata.deserialization.VersionRequirementTable           : loaded 2 times (x 71B)
Class org.jetbrains.kotlin.resolve.calls.checkers.OperatorCallChecker$Companion       : loaded 2 times (x 70B)
Class org.jetbrains.kotlin.psi.KtTypeConstraintList                                   : loaded 2 times (x 445B)
Class kotlin.reflect.jvm.internal.impl.name.FqName                                    : loaded 2 times (x 71B)
Class kotlin.jvm.internal.PropertyReference1Impl                                      : loaded 2 times (x 126B)
Class [Lcom.google.common.base.Function;                                              : loaded 2 times (x 68B)
Class com.google.wireless.android.sdk.stats.SigningWizardEvent                        : loaded 2 times (x 202B)
Class kotlin.io.TextStreamsKt                                                         : loaded 2 times (x 70B)
Class org.jetbrains.kotlin.diagnostics.PositioningStrategies$ANNOTATION_USE_SITE$1    : loaded 2 times (x 73B)
Class org.jetbrains.kotlin.resolve.jvm.modules.JavaModuleFinder                       : loaded 2 times (x 69B)
Class [Lorg.jetbrains.kotlin.psi.KtNamedFunction;                                     : loaded 2 times (x 68B)
Class kotlinx.coroutines.internal.LimitedDispatcherKt                                 : loaded 2 times (x 70B)
Class kotlin.collections.EmptyIterator                                                : loaded 2 times (x 88B)
Class org.jetbrains.kotlin.diagnostics.PositioningStrategies$SPREAD_OPERATOR$1        : loaded 2 times (x 73B)
Class org.jetbrains.kotlin.utils.SmartList$EmptyIterator                              : loaded 2 times (x 80B)
Class org.jetbrains.kotlin.load.kotlin.KotlinClassFinderKt                            : loaded 2 times (x 70B)
Class [Lorg.jetbrains.kotlin.psi.KtLiteralStringTemplateEntry;                        : loaded 2 times (x 68B)
Class jdk.internal.jimage.decompressor.StringSharingDecompressorFactory               : loaded 2 times (x 73B)
Class org.jetbrains.kotlin.resolve.jvm.NotFoundPackagesCachingStrategy$Default        : loaded 2 times (x 73B)
Class com.android.resources.WideGamutColor                                            : loaded 2 times (x 85B)
Class org.jetbrains.kotlin.serialization.deserialization.ValueClassUtilKt             : loaded 2 times (x 70B)
Class com.android.ide.common.resources.configuration.LocaleQualifier                  : loaded 2 times (x 88B)
Class kotlin.jvm.internal.FunctionReferenceImpl                                       : loaded 2 times (x 121B)
Class com.google.protobuf.CodedOutputStream                                           : loaded 2 times (x 108B)
Class org.jetbrains.kotlin.types.TypeCheckerState$LowerCapturedTypePolicy             : loaded 2 times (x 78B)
Class com.google.common.collect.ImmutableMultimap$Builder                             : loaded 2 times (x 85B)
Class org.jetbrains.kotlin.resolve.calls.inference.model.OnlyInputTypeConstraintPosition: loaded 2 times (x 69B)
Class org.jetbrains.kotlin.psi.KtDeclaration                                          : loaded 2 times (x 69B)
Class org.jetbrains.kotlin.resolve.ImportPath$Companion                               : loaded 2 times (x 70B)
Class com.google.wireless.android.sdk.stats.WhatsNewAssistantEventOrBuilder           : loaded 2 times (x 69B)
Class com.google.protobuf.ExtensionRegistry                                           : loaded 2 times (x 86B)
Class com.android.ide.common.gradle.DEV                                               : loaded 2 times (x 76B)
Class org.jetbrains.kotlin.psi.stubs.KotlinAnnotationUseSiteTargetStub                : loaded 2 times (x 69B)
Class [Lorg.jetbrains.kotlin.psi.KtAnnotation;                                        : loaded 2 times (x 68B)
Class com.android.resources.ScreenSize                                                : loaded 2 times (x 85B)
Class com.android.tools.lint.model.DefaultLintModelSourceProvider                     : loaded 2 times (x 83B)
Class com.android.sdklib.AndroidApiLevel                                              : loaded 2 times (x 73B)
Class org.jetbrains.kotlin.build.report.metrics.GradleBuildTime$Companion             : loaded 2 times (x 70B)
Class com.google.wireless.android.sdk.stats.GarbageCollectionStats$1                  : loaded 2 times (x 150B)
Class org.jetbrains.kotlin.util.AbstractArrayMapOwner$AbstractArrayMapAccessor        : loaded 2 times (x 70B)
Class org.jetbrains.kotlin.psi.KtCommonFile                                           : loaded 2 times (x 870B)
Class com.android.prefs.AbstractAndroidLocations$Companion                            : loaded 2 times (x 70B)
Class org.jetbrains.org.objectweb.asm.tree.TypeAnnotationNode                         : loaded 2 times (x 79B)
Class org.jetbrains.kotlin.diagnostics.PositioningStrategies$SUPERTYPE_INITIALIZED_IN_EXPECTED_CLASS_DIAGNOSTIC$1: loaded 2 times (x 73B)
Class com.google.wireless.android.sdk.stats.KotlinSupport                             : loaded 2 times (x 201B)
Class org.jetbrains.kotlin.metadata.ProtoBuf$Annotation$Argument$Value$Type           : loaded 2 times (x 81B)
Class kotlin.internal.jdk7.JDK7PlatformImplementations                                : loaded 2 times (x 75B)
Class [Lorg.apache.commons.io.StandardLineSeparator;                                  : loaded 2 times (x 68B)
Class com.google.wireless.android.sdk.stats.FirebaseManagementEvent                   : loaded 2 times (x 201B)
Class org.jetbrains.kotlin.utils.DFS$Neighbors                                        : loaded 2 times (x 69B)
Class [Lorg.objectweb.asm.Attribute;                                                  : loaded 2 times (x 68B)
Class org.jetbrains.kotlin.metadata.jvm.deserialization.JvmFlags                      : loaded 2 times (x 70B)
Class org.jetbrains.kotlin.psi.KtPureClassOrObject                                    : loaded 2 times (x 69B)
Class org.jetbrains.kotlin.resolve.checkers.MissingDependencyClassChecker$ClassifierUsage: loaded 2 times (x 73B)
Class [Lorg.jetbrains.kotlin.psi.KtPackageDirective;                                  : loaded 2 times (x 68B)
Class kotlin.reflect.KType                                                            : loaded 2 times (x 69B)
Class org.gradle.api.internal.classpath.EffectiveClassPath                            : loaded 2 times (x 89B)
Class org.jetbrains.kotlin.resolve.checkers.DataObjectContentChecker                  : loaded 2 times (x 73B)
Class org.apache.commons.io.StandardLineSeparator                                     : loaded 2 times (x 78B)
Class org.apache.commons.io.output.AppendableWriter                                   : loaded 2 times (x 99B)
Class org.jetbrains.kotlin.types.TypeCheckerState$SupertypesPolicy$DoCustomTransform  : loaded 2 times (x 71B)
Class org.jetbrains.kotlin.types.model.TypeSystemContextKt                            : loaded 2 times (x 70B)
Class org.jetbrains.kotlin.cli.jvm.compiler.KotlinCliJavaFileManagerImpl$WhenMappings : loaded 2 times (x 70B)
Class kotlin.jvm.internal.DefaultConstructorMarker                                    : loaded 2 times (x 70B)
Class org.jetbrains.kotlin.config.LanguageVersionSettingsImpl$Companion               : loaded 2 times (x 70B)
Class com.android.utils.StdLogger                                                     : loaded 2 times (x 85B)
Class org.jetbrains.kotlin.diagnostics.PositioningStrategies$NAME_OF_NAMED_ARGUMENT$1 : loaded 2 times (x 73B)
Class org.jetbrains.kotlin.psi.KtSafeQualifiedExpression                              : loaded 2 times (x 507B)
Class org.jetbrains.kotlin.diagnostics.PositioningStrategies$projectionPosition$1     : loaded 2 times (x 73B)
Class [Lkotlin.reflect.jvm.internal.impl.builtins.jvm.JavaToKotlinClassMap$PlatformMutabilityMapping;: loaded 2 times (x 68B)
Class kotlin.text.MatchGroupCollection                                                : loaded 2 times (x 69B)
Class com.google.common.cache.CacheLoader$FunctionToCacheLoader                       : loaded 2 times (x 74B)
Class androidx.compose.ui.lint.LocalContextResourcesConfigurationReadDetector$createUastHandler$1: loaded 2 times (x 126B)
Class org.jetbrains.kotlin.diagnostics.rendering.RenderingContext$Key                 : loaded 2 times (x 72B)
Class com.google.wireless.android.sdk.stats.JniInspectionEventOrBuilder               : loaded 2 times (x 69B)
Class com.google.wireless.android.sdk.stats.UIActionStatsOrBuilder                    : loaded 2 times (x 69B)
Class org.jetbrains.kotlin.load.java.JavaClassFinderImpl                              : loaded 2 times (x 89B)
Class com.google.common.cache.CacheBuilder$1                                          : loaded 2 times (x 84B)
Class com.google.common.cache.CacheBuilder$2                                          : loaded 2 times (x 78B)
Class [Lcom.google.gson.Strictness;                                                   : loaded 2 times (x 68B)
Class org.jetbrains.kotlin.types.AbstractTypeApproximator$referenceApproximateToSubType$1: loaded 2 times (x 124B)
Class org.jetbrains.kotlin.resolve.calls.components.PostponedArgumentsAnalyzerContext : loaded 2 times (x 69B)
Class org.jetbrains.kotlin.codegen.state.KotlinTypeMapper                             : loaded 2 times (x 74B)
Class com.android.ide.common.resources.configuration.GrammaticalGenderQualifier       : loaded 2 times (x 90B)
Class com.google.common.cache.CacheBuilder$3                                          : loaded 2 times (x 71B)
Class com.google.wireless.android.sdk.stats.LLDBFrontendDetailsOrBuilder              : loaded 2 times (x 69B)
Class [Lorg.jetbrains.kotlin.cli.jvm.index.JavaRoot$RootType;                         : loaded 2 times (x 68B)
Class kotlin.reflect.jvm.internal.KClassImpl                                          : loaded 2 times (x 114B)
Class com.google.common.base.Predicates$CompositionPredicate                          : loaded 2 times (x 87B)
Class [Lcom.google.common.cache.RemovalListener;                                      : loaded 2 times (x 68B)
Class org.jetbrains.kotlin.load.kotlin.KotlinClassFinder$Result                       : loaded 2 times (x 70B)
Class org.jetbrains.kotlin.resolve.calls.checkers.UselessElvisCallChecker             : loaded 2 times (x 73B)
Class org.jetbrains.org.objectweb.asm.tree.TypeInsnNode                               : loaded 2 times (x 77B)
Class com.google.wireless.android.sdk.stats.EmulatorDetailsOrBuilder                  : loaded 2 times (x 69B)
Class com.google.wireless.android.sdk.stats.LintActionOrBuilder                       : loaded 2 times (x 69B)
Class org.jetbrains.kotlin.resolve.jvm.modules.JavaModuleResolver                     : loaded 2 times (x 69B)
Class com.google.common.collect.Interners                                             : loaded 2 times (x 70B)
Class com.google.protobuf.FieldSet$FieldDescriptorLite                                : loaded 2 times (x 69B)
Class [Lkotlin.reflect.KDeclarationContainer;                                         : loaded 2 times (x 68B)
Class org.jetbrains.kotlin.resolve.checkers.ClassifierUsageCheckerContext             : loaded 2 times (x 77B)
Class org.jetbrains.kotlin.parsing.KotlinParsing$DeclarationParsingMode               : loaded 2 times (x 78B)
Class kotlin.reflect.jvm.internal.KProperty1Impl                                      : loaded 2 times (x 127B)
Class kotlin.LazyKt__LazyJVMKt$WhenMappings                                           : loaded 2 times (x 70B)
Class org.jetbrains.kotlin.cli.common.messages.GradleStyleMessageRenderer             : loaded 2 times (x 77B)
Class com.android.tools.analytics.CommonMetricsData$GarbageCollectionStatsDiffs       : loaded 2 times (x 70B)
Class org.jetbrains.kotlin.load.java.structure.JavaArrayAnnotationArgument            : loaded 2 times (x 69B)
Class com.google.common.collect.LinkedListMultimap                                    : loaded 2 times (x 160B)
Class org.jetbrains.kotlin.psi.KtSuperTypeEntry                                       : loaded 2 times (x 446B)
Class org.jetbrains.kotlin.psi.stubs.elements.KtPlaceHolderStubElementType            : loaded 2 times (x 102B)
Class kotlin.jvm.internal.ClassBasedDeclarationContainer                              : loaded 2 times (x 69B)
Class org.jetbrains.kotlin.psi.KtPsiUtil$KtExpressionWrapper                          : loaded 2 times (x 69B)
Class org.jetbrains.kotlin.load.kotlin.PackagePartProvider                            : loaded 2 times (x 69B)
Class org.gradle.internal.installation.CurrentGradleInstallation                      : loaded 2 times (x 72B)
Class com.google.protobuf.CodedOutputStream$HeapNioEncoder                            : loaded 2 times (x 110B)
Class com.google.wireless.android.sdk.stats.ProductDetailsOrBuilder                   : loaded 2 times (x 69B)
Class com.google.common.collect.Iterators$ConcatenatedIterator                        : loaded 2 times (x 81B)
Class kotlin.Metadata                                                                 : loaded 2 times (x 69B)
Class org.jetbrains.kotlin.psi.stubs.elements.KtContextReceiverElementType            : loaded 2 times (x 99B)
Class [Lorg.jetbrains.kotlin.psi.KtTypeParameterListOwnerStub;                        : loaded 2 times (x 68B)
Class org.jetbrains.kotlin.psi.KtAnnotated                                            : loaded 2 times (x 69B)
Class org.gradle.internal.installation.CurrentGradleInstallationLocator               : loaded 2 times (x 70B)
Class org.jetbrains.kotlin.metadata.ProtoBuf$VersionRequirement$Level$1               : loaded 2 times (x 73B)
Class org.jetbrains.kotlin.psi.KtNamedDeclarationNotStubbed                           : loaded 2 times (x 843B)
Class [Lcom.google.common.cache.LocalCache$Segment;                                   : loaded 2 times (x 68B)
Class org.gradle.api.internal.classpath.Module                                        : loaded 2 times (x 69B)
Class com.android.ide.common.resources.configuration.EnumBasedResourceQualifier       : loaded 2 times (x 88B)
Class com.google.wireless.android.sdk.stats.LayoutEditorEventOrBuilder                : loaded 2 times (x 69B)
Class com.android.resources.LayoutDirection                                           : loaded 2 times (x 85B)
Class org.jetbrains.kotlin.builtins.functions.FunctionTypeKindExtractor$Companion     : loaded 2 times (x 70B)
Class org.jetbrains.kotlin.psi.stubs.KotlinTypeParameterStub                          : loaded 2 times (x 69B)
Class com.android.tools.lint.model.LintModelSerialization$LintModelSerializationFileAdapter: loaded 2 times (x 88B)
Class com.google.wireless.android.sdk.stats.WearHealthServicesEventOrBuilder          : loaded 2 times (x 69B)
Class com.google.protobuf.Internal$IntList                                            : loaded 2 times (x 69B)
Class org.jetbrains.kotlin.resolve.calls.inference.model.InitialConstraint            : loaded 2 times (x 71B)
Class [Lorg.jetbrains.kotlin.psi.KtNamedDeclarationStub;                              : loaded 2 times (x 68B)
Class androidx.compose.material3.lint.ScaffoldPaddingDetectorKt                       : loaded 2 times (x 70B)
Class org.jetbrains.kotlin.resolve.calls.inference.components.TypeCheckerStateForConstraintSystem: loaded 2 times (x 80B)
Class org.jetbrains.kotlin.psi.KtDoWhileExpression                                    : loaded 2 times (x 441B)
Class org.jetbrains.kotlin.metadata.jvm.deserialization.ModuleMapping                 : loaded 2 times (x 71B)
Class org.jetbrains.kotlin.psi.stubs.elements.KtClassElementType                      : loaded 2 times (x 105B)
Class kotlin.reflect.KProperty                                                        : loaded 2 times (x 69B)
Class com.android.tools.lint.model.DefaultLintModelAndroidLibrary                     : loaded 2 times (x 110B)
Class androidx.activity.compose.lint.ActivityResultLaunchDetectorKt                   : loaded 2 times (x 70B)
Class org.jetbrains.kotlin.diagnostics.rendering.LanguageFeatureMessageRenderer$Type  : loaded 2 times (x 78B)
Class kotlin.annotation.Target                                                        : loaded 2 times (x 69B)
Class com.android.tools.lint.model.DefaultLintModelJavaLibrary                        : loaded 2 times (x 102B)
Class com.google.wireless.android.sdk.stats.StudioLabsEventOrBuilder                  : loaded 2 times (x 69B)
Class org.jetbrains.kotlin.resolve.calls.inference.model.SimpleConstraintSystemConstraintPosition: loaded 2 times (x 70B)
Class org.jetbrains.kotlin.BlockExpressionElementType$Companion                       : loaded 2 times (x 70B)
Class com.google.wireless.android.sdk.stats.GradleBuildDetails                        : loaded 2 times (x 232B)
Class com.google.wireless.android.sdk.stats.AdbDelegateUsageEventOrBuilder            : loaded 2 times (x 69B)
Class org.jetbrains.kotlin.utils.SmartList$SingletonIteratorBase                      : loaded 2 times (x 80B)
Class com.google.wireless.android.sdk.stats.DeviceConnectedNotificationEvent          : loaded 2 times (x 202B)
Class com.google.wireless.android.sdk.stats.JourneyFinishedEventOrBuilder             : loaded 2 times (x 69B)
Class kotlin.sequences.DistinctSequence                                               : loaded 2 times (x 74B)
Class [Lorg.jetbrains.kotlin.storage.LockBasedStorageManager$NotValue;                : loaded 2 times (x 68B)
Class kotlin.collections.ReversedList                                                 : loaded 2 times (x 168B)
Class org.jetbrains.kotlin.psi.ValueArgumentName                                      : loaded 2 times (x 69B)
Class org.jetbrains.kotlin.psi.KtCallableDeclaration                                  : loaded 2 times (x 69B)
Class androidx.compose.ui.test.manifest.lint.GradleDebugConfigurationDetector$Companion: loaded 2 times (x 70B)
Class com.google.wireless.android.sdk.stats.EmulatorHost                              : loaded 2 times (x 220B)
Class [Lorg.jetbrains.kotlin.lexer.KtToken;                                           : loaded 2 times (x 68B)
Class org.jetbrains.kotlin.psi.stubs.elements.KtDotQualifiedExpressionElementType     : loaded 2 times (x 102B)
Class androidx.compose.animation.lint.SharedTransitionScopeDetector$Companion         : loaded 2 times (x 70B)
Class org.jetbrains.kotlin.container.ValueDescriptor                                  : loaded 2 times (x 69B)
Class com.google.common.collect.FluentIterable$3$1                                    : loaded 2 times (x 97B)
Class org.jetbrains.kotlin.psi.KtWhenEntryGuard                                       : loaded 2 times (x 375B)
Class kotlin.reflect.jvm.internal.impl.descriptors.runtime.structure.ReflectClassUtilKt: loaded 2 times (x 70B)
Class kotlin.jvm.internal.MutablePropertyReference0                                   : loaded 2 times (x 136B)
Class kotlin.collections.builders.SetBuilder                                          : loaded 2 times (x 142B)
Class [Lcom.google.wireless.android.sdk.stats.AndroidStudioEvent$IdeBrand;            : loaded 2 times (x 68B)
Class org.jetbrains.kotlin.resolve.DefaultImportProvider                              : loaded 2 times (x 74B)
Class com.android.utils.PositionXmlParser$ReleasableParserContainer                   : loaded 2 times (x 75B)
Class org.jetbrains.kotlin.cli.jvm.index.JvmDependenciesIndexImpl                     : loaded 2 times (x 76B)
Class kotlin.jvm.internal.MutablePropertyReference1                                   : loaded 2 times (x 136B)
Class org.jetbrains.kotlin.resolve.jvm.KotlinCliJavaFileManager                       : loaded 2 times (x 69B)
Class com.google.wireless.android.sdk.stats.AndroidStudioEvent$TemplatesUsageOrBuilder: loaded 2 times (x 69B)
Class org.jetbrains.kotlin.resolve.checkers.ReservedMembersAndConstructsForValueClass : loaded 2 times (x 73B)
Class kotlin.jvm.internal.MutablePropertyReference2                                   : loaded 2 times (x 136B)
Class com.google.wireless.android.sdk.stats.ComposeAnimationToolingEventOrBuilder     : loaded 2 times (x 69B)
Class org.jetbrains.kotlin.resolve.checkers.OptionalExpectationUsageChecker           : loaded 2 times (x 73B)
Class org.jetbrains.kotlin.psi.KtCollectionLiteralExpression                          : loaded 2 times (x 570B)
Class com.google.common.reflect.Types$TypeVariableInvocationHandler                   : loaded 2 times (x 74B)
Class com.google.protobuf.Writer                                                      : loaded 2 times (x 69B)
Class it.unimi.dsi.fastutil.ints.IntOpenHashSet                                       : loaded 2 times (x 238B)
Class kotlin.reflect.jvm.internal.KClassImpl$Data$$Lambda$0                           : loaded 2 times (x 75B)
Class com.google.common.reflect.Types$ClassOwnership                                  : loaded 2 times (x 79B)
Class com.google.wireless.android.sdk.stats.DefaultActivityLocatorStats               : loaded 2 times (x 200B)
Class com.google.wireless.android.sdk.stats.LintSessionOrBuilder                      : loaded 2 times (x 69B)
Class com.android.tools.analytics.AnalyticsPaths                                      : loaded 2 times (x 70B)
Class org.jetbrains.kotlin.resolve.calls.inference.components.VariableFixationFinder$TypeVariableFixationReadiness: loaded 2 times (x 78B)
Class org.jetbrains.kotlin.load.kotlin.TypeMappingMode$Companion                      : loaded 2 times (x 70B)
Class org.jetbrains.kotlin.load.java.structure.JavaNamedElement                       : loaded 2 times (x 69B)
Class org.jetbrains.kotlin.psi.stubs.elements.KtContractEffectElementType             : loaded 2 times (x 99B)
Class org.jetbrains.kotlin.psi.KtImportAlias                                          : loaded 2 times (x 561B)
Class kotlin.reflect.jvm.internal.KClassImpl$Data$$Lambda$1                           : loaded 2 times (x 75B)
Class org.jetbrains.kotlin.load.kotlin.AbstractBinaryClassAnnotationLoaderKt          : loaded 2 times (x 70B)
Class org.jetbrains.kotlin.container.ConstructorInfo                                  : loaded 2 times (x 71B)
Class kotlin.collections.builders.ListBuilder$Itr                                     : loaded 2 times (x 93B)
Class kotlin.reflect.jvm.internal.KClassImpl$Data$$Lambda$2                           : loaded 2 times (x 75B)
Class [Lorg.jetbrains.kotlin.config.LanguageOrApiVersion;                             : loaded 2 times (x 68B)
Class org.jetbrains.kotlin.resolve.calls.inference.model.ConstraintKind               : loaded 2 times (x 78B)
Class org.jetbrains.kotlin.psi.stubs.elements.KtContractEffectListElementType         : loaded 2 times (x 102B)
Class kotlin.reflect.jvm.internal.KClassImpl$Data$$Lambda$3                           : loaded 2 times (x 75B)
Class kotlin.collections.builders.SetBuilder$Companion                                : loaded 2 times (x 70B)
Class [Lcom.android.ide.common.resources.DataFile$FileType;                           : loaded 2 times (x 68B)
Class kotlin.reflect.jvm.internal.KClassImpl$Data$$Lambda$4                           : loaded 2 times (x 75B)
Class [Lorg.objectweb.asm.AnnotationWriter;                                           : loaded 2 times (x 68B)
Class androidx.compose.runtime.lint.RememberInCompositionDetectorKt                   : loaded 2 times (x 70B)
Class org.jetbrains.kotlin.diagnostics.PositioningStrategies$DECLARATION_START_TO_NAME$1: loaded 2 times (x 73B)
Class org.jetbrains.kotlin.types.AbstractTypeApproximator$WhenMappings                : loaded 2 times (x 70B)
Class com.android.ide.common.rendering.api.ArrayResourceValue                         : loaded 2 times (x 69B)
Class kotlin.reflect.jvm.internal.KClassImpl$Data$$Lambda$5                           : loaded 2 times (x 75B)
Class org.gradle.internal.service.CachingServiceLocator                               : loaded 2 times (x 81B)
Class kotlin.sequences.GeneratorSequence$iterator$1                                   : loaded 2 times (x 78B)
Class org.jetbrains.kotlin.metadata.jvm.JvmModuleProtoBuf$PackageParts$1              : loaded 2 times (x 143B)
Class kotlin.reflect.jvm.internal.KClassImpl$Data$$Lambda$6                           : loaded 2 times (x 75B)
Class com.google.wireless.android.sdk.stats.LldbSessionEndDetails                     : loaded 2 times (x 203B)
Class kotlin.reflect.jvm.internal.KClassImpl$Data$$Lambda$7                           : loaded 2 times (x 75B)
Class org.jetbrains.kotlin.builtins.CompanionObjectMapping                            : loaded 2 times (x 70B)
Class org.jetbrains.kotlin.types.model.TypeArgumentMarker                             : loaded 2 times (x 69B)
Class kotlin.reflect.jvm.internal.KClassImpl$Data$$Lambda$8                           : loaded 2 times (x 75B)
Class org.jetbrains.kotlin.descriptors.DescriptorVisibility                           : loaded 2 times (x 77B)
Class com.google.wireless.android.sdk.stats.LldbPerformanceStats                      : loaded 2 times (x 198B)
Class org.jetbrains.kotlin.psi.KtTryExpression                                        : loaded 2 times (x 440B)
Class kotlin.reflect.jvm.internal.KClassImpl$Data$$Lambda$9                           : loaded 2 times (x 75B)
Class org.jetbrains.org.objectweb.asm.ModuleWriter                                    : loaded 2 times (x 80B)
Class org.jetbrains.kotlin.resolve.deprecation.CommonDeprecationUtilsKt               : loaded 2 times (x 70B)
Class org.jetbrains.kotlin.resolve.calls.checkers.ImplicitNothingAsTypeParameterCallChecker: loaded 2 times (x 73B)
Class org.jetbrains.kotlin.resolve.calls.checkers.UnderscoreUsageChecker              : loaded 2 times (x 73B)
Class org.jetbrains.kotlin.psi.KtPropertyAccessor                                     : loaded 2 times (x 883B)
Class kotlin.reflect.jvm.internal.impl.name.StandardClassIds                          : loaded 2 times (x 70B)
Class com.google.wireless.android.sdk.stats.AdbServerState                            : loaded 2 times (x 202B)
Class com.google.wireless.android.sdk.stats.GradlePluginUpgradeDialogStatsOrBuilder   : loaded 2 times (x 69B)
Class [Lorg.jetbrains.kotlin.load.java.AnnotationQualifierApplicabilityType;          : loaded 2 times (x 68B)
Class kotlin.sequences.DropWhileSequence                                              : loaded 2 times (x 74B)
Class com.android.resources.GrammaticalGender                                         : loaded 2 times (x 85B)
Class com.android.ide.common.resources.configuration.ScreenOrientationQualifier       : loaded 2 times (x 89B)
Class com.android.tools.lint.model.LintModelModuleLibrary                             : loaded 2 times (x 69B)
Class androidx.lint.kotlin.metadata.KmClassifier                                      : loaded 2 times (x 70B)
Class org.jetbrains.kotlin.resolve.calls.checkers.NamedFunAsExpressionChecker         : loaded 2 times (x 73B)
Class [Lorg.jetbrains.kotlin.types.model.TypeVariance;                                : loaded 2 times (x 68B)
Class org.jetbrains.kotlin.resolve.calls.inference.components.TrivialConstraintTypeInferenceOracle$Companion: loaded 2 times (x 70B)
Class org.jetbrains.kotlin.psi.KtNameReferenceExpression                              : loaded 2 times (x 633B)
Class org.jetbrains.kotlin.load.kotlin.KotlinBinaryClassCache                         : loaded 2 times (x 74B)
Class org.jetbrains.kotlin.diagnostics.PositioningStrategies$ModifierSetBasedPositioningStrategy: loaded 2 times (x 74B)
Class org.jetbrains.kotlin.descriptors.java.JavaVisibilities$PackageVisibility        : loaded 2 times (x 78B)
Class [Lorg.jetbrains.kotlin.psi.KtCollectionLiteralExpression;                       : loaded 2 times (x 68B)
Class com.google.wireless.android.sdk.stats.IntelliJNewUIState                        : loaded 2 times (x 194B)
Class com.google.wireless.android.sdk.stats.RunFinishData                             : loaded 2 times (x 196B)
Class kotlin.collections.AbstractMutableMap                                           : loaded 2 times (x 127B)
Class kotlin.collections.builders.MapBuilder$KeysItr                                  : loaded 2 times (x 80B)
Class org.objectweb.asm.Handle                                                        : loaded 2 times (x 71B)
Class org.jetbrains.kotlin.psi.stubs.elements.KtConstantExpressionElementType$Companion: loaded 2 times (x 70B)
Class org.jetbrains.kotlin.diagnostics.PositioningStrategies$FUN_INTERFACE$1          : loaded 2 times (x 73B)
Class kotlin.collections.MutableMapWithDefaultImpl                                    : loaded 2 times (x 143B)
Class org.jetbrains.kotlin.psi.KtObjectDeclaration                                    : loaded 2 times (x 1102B)
Class com.android.utils.SdkUtils                                                      : loaded 2 times (x 70B)
Class org.jetbrains.kotlin.diagnostics.PositioningStrategies$FindReferencePositioningStrategy: loaded 2 times (x 73B)
Class com.android.ide.common.resources.configuration.NavigationStateQualifier         : loaded 2 times (x 89B)
Class com.android.SdkConstants                                                        : loaded 2 times (x 70B)
Class com.android.tools.lint.model.LintModelArtifactType                              : loaded 2 times (x 78B)
Class org.gradle.internal.classpath.DefaultClassPath                                  : loaded 2 times (x 89B)
Class com.google.protobuf.ProtocolStringList                                          : loaded 2 times (x 69B)
Class org.jetbrains.kotlin.builtins.jvm.JavaToKotlinClassMap                          : loaded 2 times (x 70B)
Class com.google.common.collect.AbstractMultimap$Values                               : loaded 2 times (x 117B)
Class org.jetbrains.kotlin.psi.KtTypeParameterListOwnerNotStubbed                     : loaded 2 times (x 925B)
Class org.jetbrains.kotlin.fir.extensions.FirExtensionRegistrarAdapter                : loaded 2 times (x 70B)
Class kotlin.reflect.jvm.internal.KDeclarationContainerImpl$Data                      : loaded 2 times (x 71B)
Class org.jetbrains.kotlin.descriptors.CallableMemberDescriptor$Kind                  : loaded 2 times (x 78B)
Class com.google.wireless.android.sdk.stats.EditorPickerEventOrBuilder                : loaded 2 times (x 69B)
Class com.google.wireless.android.sdk.stats.NavEditorEventOrBuilder                   : loaded 2 times (x 69B)
Class org.jetbrains.kotlin.util.ArrayMap                                              : loaded 2 times (x 82B)
Class com.google.common.collect.AbstractSetMultimap                                   : loaded 2 times (x 173B)
Class org.jetbrains.kotlin.load.java.NullabilityAnnotationStatesImpl                  : loaded 2 times (x 74B)
Class com.google.wireless.android.sdk.stats.ProjectViewSelectionChangeEventOrBuilder  : loaded 2 times (x 69B)
Class org.jetbrains.kotlin.resolve.checkers.ExplicitApiDeclarationChecker$Companion   : loaded 2 times (x 70B)
Class org.jetbrains.kotlin.load.kotlin.KotlinClassFinder$Result$KotlinClass           : loaded 2 times (x 71B)
Class org.jetbrains.kotlin.container.StorageComponentContainer                        : loaded 2 times (x 85B)
Class org.jetbrains.kotlin.psi.KtDotQualifiedExpression                               : loaded 2 times (x 574B)
Class org.jetbrains.kotlin.psi.stubs.KotlinStubWithFqName                             : loaded 2 times (x 69B)
Class com.google.common.hash.Hashing$Sha256Holder                                     : loaded 2 times (x 70B)
Class org.jetbrains.kotlin.load.java.SpecialGenericSignatures                         : loaded 2 times (x 70B)
Class com.google.common.collect.AbstractMapBasedMultimap$1                            : loaded 2 times (x 83B)
Class [Lcom.android.resources.ScreenSize;                                             : loaded 2 times (x 68B)
Class [Lorg.jetbrains.kotlin.metadata.ProtoBuf$Annotation$Argument$Value$Type;        : loaded 2 times (x 68B)
Class [Lorg.jetbrains.kotlin.psi.KtContextReceiver;                                   : loaded 2 times (x 68B)
Class kotlin.sequences.FlatteningSequence                                             : loaded 2 times (x 74B)
Class org.jetbrains.kotlin.resolve.calls.checkers.CoroutineSuspendCallChecker         : loaded 2 times (x 73B)
Class kotlin.reflect.jvm.internal.KProperty0Impl$$Lambda$0                            : loaded 2 times (x 75B)
Class kotlin.reflect.jvm.internal.ReflectProperties$LazySoftVal                       : loaded 2 times (x 77B)
Class com.google.common.collect.AbstractMapBasedMultimap$2                            : loaded 2 times (x 84B)
Class org.jetbrains.kotlin.load.java.typeEnhancement.TypeComponentPositionKt          : loaded 2 times (x 70B)
Class kotlin.reflect.jvm.internal.KProperty0Impl$$Lambda$1                            : loaded 2 times (x 75B)
Class [Lorg.jetbrains.kotlin.psi.KtDelegatedSuperTypeEntry;                           : loaded 2 times (x 68B)
Class kotlin.Result                                                                   : loaded 2 times (x 71B)
Class org.jetbrains.kotlin.diagnostics.PositioningStrategies$SECONDARY_CONSTRUCTOR_DELEGATION_CALL$1: loaded 2 times (x 73B)
Class com.google.wireless.android.sdk.stats.CoroutineDebuggerEvent                    : loaded 2 times (x 196B)
Class org.jetbrains.kotlin.builtins.functions.FunctionTypeKind$KFunction              : loaded 2 times (x 76B)
Class org.jetbrains.kotlin.asJava.KotlinAsJavaSupport                                 : loaded 2 times (x 88B)
Class com.android.tools.lint.model.DefaultLintModelAndroidArtifact                    : loaded 2 times (x 92B)
Class org.jetbrains.kotlin.resolve.calls.inference.model.NewConstraintSystemImpl      : loaded 2 times (x 1441B)
Class org.jetbrains.kotlin.metadata.ProtoBuf$QualifiedNameTable                       : loaded 2 times (x 106B)
Class kotlin.annotation.Retention                                                     : loaded 2 times (x 69B)
Class com.android.Version                                                             : loaded 2 times (x 70B)
Class com.google.common.util.concurrent.AbstractFuture$SetFuture                      : loaded 2 times (x 74B)
Class org.jetbrains.kotlin.types.checker.ClassicTypeSystemContextKt$WhenMappings      : loaded 2 times (x 70B)
Class org.jetbrains.kotlin.load.java.JavaClassFinder                                  : loaded 2 times (x 69B)
Class [Lorg.jetbrains.kotlin.psi.KtStringTemplateExpression;                          : loaded 2 times (x 68B)
Class org.jetbrains.kotlin.cli.common.messages.CompilerMessageSeverity                : loaded 2 times (x 78B)
Class com.google.protobuf.ExtensionRegistryLite                                       : loaded 2 times (x 73B)
Class [Lcom.android.tools.lint.model.LintModelModuleType;                             : loaded 2 times (x 68B)
Class com.google.wireless.android.sdk.stats.CppHeadersViewEventOrBuilder              : loaded 2 times (x 69B)
Class com.android.tools.lint.model.LintModelVariant                                   : loaded 2 times (x 69B)
Class com.google.protobuf.MessageLite$Builder                                         : loaded 2 times (x 69B)
Class org.jetbrains.kotlin.psi.stubs.elements.KtCollectionLiteralExpressionElementType: loaded 2 times (x 99B)
Class org.jetbrains.org.objectweb.asm.tree.VarInsnNode                                : loaded 2 times (x 77B)
Class com.google.wireless.android.sdk.stats.KotlinSupportDeclined                     : loaded 2 times (x 194B)
Class kotlin.collections.builders.MapBuilder$Itr                                      : loaded 2 times (x 71B)
Class kotlin.jvm.internal.Ref$BooleanRef                                              : loaded 2 times (x 70B)
Class org.jetbrains.kotlin.resolve.calls.checkers.DslScopeViolationCallChecker        : loaded 2 times (x 73B)
Class com.android.ide.common.resources.configuration.TouchScreenQualifier             : loaded 2 times (x 89B)
Class org.jetbrains.kotlin.cli.jvm.modules.JavaModuleGraph                            : loaded 2 times (x 71B)
Class org.jetbrains.kotlin.psi.KtLiteralStringTemplateEntry                           : loaded 2 times (x 445B)
Class org.jetbrains.kotlin.load.java.typeEnhancement.TypeEnhancementInfo              : loaded 2 times (x 71B)
Class com.android.resources.KeyboardState                                             : loaded 2 times (x 85B)
Class org.jetbrains.kotlin.diagnostics.rendering.DiagnosticParameterRenderer          : loaded 2 times (x 69B)
Class com.google.wireless.android.sdk.stats.AdbAssistantStats                         : loaded 2 times (x 194B)
Class org.jetbrains.kotlin.types.TypeCheckerState                                     : loaded 2 times (x 75B)
Class org.jetbrains.kotlin.container.ComponentStorage                                 : loaded 2 times (x 74B)
Class [Lcom.android.resources.TouchScreen;                                            : loaded 2 times (x 68B)
Class com.android.tools.lint.model.LintModelBuildFeatures                             : loaded 2 times (x 69B)
Class [Lorg.jetbrains.kotlin.descriptors.DescriptorVisibility;                        : loaded 2 times (x 68B)
Class com.google.wireless.android.sdk.stats.GradlePluginDslUsageStats                 : loaded 2 times (x 198B)
Class org.jetbrains.kotlin.types.model.CapturedTypeConstructorMarker                  : loaded 2 times (x 69B)
Class org.jetbrains.kotlin.config.AnalysisFlag$Delegates$Boolean                      : loaded 2 times (x 70B)
Class [Lorg.jetbrains.kotlin.psi.KtTypeParameter;                                     : loaded 2 times (x 68B)
Class kotlin.sequences.FlatteningSequence$iterator$1                                  : loaded 2 times (x 78B)
Class org.jetbrains.org.objectweb.asm.tree.LineNumberNode                             : loaded 2 times (x 78B)
Class org.jetbrains.kotlin.types.TypeApproximatorConfiguration$IntersectionStrategy   : loaded 2 times (x 78B)
Class kotlin.annotation.MustBeDocumented                                              : loaded 2 times (x 69B)
Class org.jetbrains.kotlin.psi.KtLoopExpression                                       : loaded 2 times (x 439B)
Class [Landroidx.appcompat.BaseMethodDeprecationDetector$DeprecationCondition;        : loaded 2 times (x 68B)
Class org.jetbrains.kotlin.metadata.ProtoBuf$Effect$EffectType                        : loaded 2 times (x 81B)
Class org.jetbrains.kotlin.descriptors.annotations.KotlinTarget$Companion             : loaded 2 times (x 70B)
Class kotlin.reflect.jvm.internal.impl.utils.CollectionsKt                            : loaded 2 times (x 70B)
Class jdk.internal.jimage.BasicImageReader                                            : loaded 2 times (x 94B)
Class it.unimi.dsi.fastutil.BidirectionalIterator                                     : loaded 2 times (x 69B)
Class kotlin.reflect.jvm.internal.KPropertyImpl                                       : loaded 2 times (x 114B)
Class com.android.resources.ResourceType$Kind                                         : loaded 2 times (x 78B)
Class org.jetbrains.kotlin.resolve.deprecation.DeprecationInfo                        : loaded 2 times (x 78B)
Class androidx.compose.material.lint.ScaffoldPaddingDetector                          : loaded 2 times (x 169B)
Class [Lorg.jetbrains.kotlin.load.java.typeEnhancement.JavaTypeQualifiers;            : loaded 2 times (x 68B)
Class org.jetbrains.kotlin.parsing.PrecedingDocCommentsBinder                         : loaded 2 times (x 75B)
Class [Lorg.jetbrains.kotlin.psi.KtImportDirective;                                   : loaded 2 times (x 68B)
Class com.google.wireless.android.sdk.stats.PreviewRefreshEvent                       : loaded 2 times (x 210B)
Class [Lorg.jetbrains.kotlin.resolve.jvm.diagnostics.JvmDeclarationOriginKind;        : loaded 2 times (x 68B)
Class kotlin.annotation.AnnotationRetention                                           : loaded 2 times (x 78B)
Class org.jetbrains.kotlin.types.TypeCheckerState$SupertypesPolicy                    : loaded 2 times (x 71B)
Class org.jetbrains.kotlin.load.kotlin.VirtualFileFinderFactory$SERVICE               : loaded 2 times (x 70B)
Class kotlin.reflect.jvm.internal.impl.builtins.functions.FunctionTypeKind$KSuspendFunction: loaded 2 times (x 71B)
Class org.jetbrains.kotlin.diagnostics.rendering.DiagnosticParameterRendererKt        : loaded 2 times (x 70B)
Class org.jetbrains.kotlin.diagnostics.PositioningStrategies$DELEGATED_SUPERTYPE_BY_KEYWORD$1: loaded 2 times (x 73B)
Class org.jetbrains.kotlin.resolve.calls.inference.components.TypeVariableDependencyInformationProvider: loaded 2 times (x 71B)
Class org.jetbrains.kotlin.mpp.ClassifierSymbolMarker                                 : loaded 2 times (x 69B)
Class com.android.ide.common.resources.configuration.ScreenRatioQualifier             : loaded 2 times (x 90B)
Class com.android.ide.common.gradle.Version$Companion$ParseState$EMPTY                : loaded 2 times (x 73B)
Class org.jetbrains.kotlin.resolve.calls.checkers.SafeCallChecker                     : loaded 2 times (x 73B)
Class kotlin.reflect.jvm.internal.impl.name.ClassId$Companion                         : loaded 2 times (x 70B)
Class com.android.sdklib.AndroidVersion                                               : loaded 2 times (x 74B)
Class org.jetbrains.org.objectweb.asm.tree.LocalVariableAnnotationNode                : loaded 2 times (x 80B)
Class com.google.protobuf.CodedInputStream$ArrayDecoder                               : loaded 2 times (x 119B)
Class org.jetbrains.kotlin.load.java.structure.MapBasedJavaAnnotationOwner            : loaded 2 times (x 69B)
Class com.google.common.collect.ImmutableMultisetGwtSerializationDependencies         : loaded 2 times (x 124B)
Class com.google.wireless.android.sdk.stats.ParallelAndroidTestReportUiEvent          : loaded 2 times (x 201B)
Class com.google.wireless.android.sdk.stats.AndroidStudioEvent$IdeBrand               : loaded 2 times (x 86B)
Class [Lorg.jetbrains.kotlin.resolve.calls.inference.components.ConstraintSystemCompletionMode;: loaded 2 times (x 68B)
Class [Lcom.android.resources.ScreenRatio;                                            : loaded 2 times (x 68B)
Class kotlin.reflect.KTypeParameter                                                   : loaded 2 times (x 69B)
Class org.jetbrains.kotlin.diagnostics.PositioningStrategies$RECEIVER$1               : loaded 2 times (x 73B)
Class com.google.wireless.android.sdk.stats.EmulatorDetails                           : loaded 2 times (x 302B)
Class com.google.wireless.android.sdk.stats.LintAction                                : loaded 2 times (x 204B)
Class org.jetbrains.kotlin.container.UnresolvedServiceException                       : loaded 2 times (x 81B)
Class org.jetbrains.kotlin.resolve.extensions.ExtraImportsProviderExtension           : loaded 2 times (x 69B)
Class kotlin.reflect.jvm.internal.ClassValueCache                                     : loaded 2 times (x 73B)
Class com.google.common.reflect.TypeParameter                                         : loaded 2 times (x 71B)
Class com.google.wireless.android.sdk.stats.BuildAttributionStats                     : loaded 2 times (x 206B)
Class com.google.common.collect.ImmutableListMultimap                                 : loaded 2 times (x 175B)
Class com.google.common.cache.LocalCache$LocalManualCache$1                           : loaded 2 times (x 74B)
Class kotlin.ranges.IntProgressionIterator                                            : loaded 2 times (x 81B)
Class org.jetbrains.kotlin.metadata.builtins.BuiltInsProtoBuf                         : loaded 2 times (x 70B)
Class [Lorg.jetbrains.kotlin.psi.KtScript;                                            : loaded 2 times (x 68B)
Class kotlin.reflect.jvm.internal.impl.builtins.jvm.JavaToKotlinClassMap              : loaded 2 times (x 70B)
Class org.jetbrains.kotlin.resolve.checkers.DataClassDeclarationChecker               : loaded 2 times (x 73B)
Class kotlin.jvm.JvmClassMappingKt                                                    : loaded 2 times (x 70B)
Class org.jetbrains.kotlin.mpp.TypeRefMarker                                          : loaded 2 times (x 69B)
Class org.jetbrains.kotlin.parsing.TokenStreamPredicate                               : loaded 2 times (x 69B)
Class org.jetbrains.kotlin.parsing.SemanticWhitespaceAwarePsiBuilderImpl              : loaded 2 times (x 196B)
Class [Lorg.jetbrains.kotlin.psi.KtFileAnnotationList;                                : loaded 2 times (x 68B)
Class com.android.tools.lint.model.LintModelArtifact                                  : loaded 2 times (x 69B)
Class jdk.internal.jimage.ImageLocation                                               : loaded 2 times (x 89B)
Class com.google.wireless.android.sdk.stats.ComposeSampleEvent                        : loaded 2 times (x 194B)
Class org.jetbrains.kotlin.resolve.checkers.StubForBuilderInferenceParameterTypeChecker: loaded 2 times (x 73B)
Class org.jetbrains.kotlin.resolve.checkers.InlineParameterChecker                    : loaded 2 times (x 73B)
Class org.jetbrains.kotlin.psi.KtBlockCodeFragmentType                                : loaded 2 times (x 83B)
Class com.google.common.reflect.Types$ClassOwnership$1LocalClass                      : loaded 2 times (x 70B)
Class com.google.wireless.android.sdk.stats.StudioPerformanceStatsOrBuilder           : loaded 2 times (x 69B)
Class com.google.wireless.android.sdk.stats.TestRunOrBuilder                          : loaded 2 times (x 69B)
Class org.jetbrains.kotlin.types.AbstractTypeRefiner                                  : loaded 2 times (x 71B)
Class org.jetbrains.kotlin.load.kotlin.FacadeClassSource                              : loaded 2 times (x 69B)
Class com.google.wireless.android.sdk.stats.IDeviceUsageEventOrBuilder                : loaded 2 times (x 69B)
Class com.google.wireless.android.sdk.stats.DeviceInfoOrBuilder                       : loaded 2 times (x 69B)
Class org.jetbrains.kotlin.resolve.checkers.DynamicReceiverChecker                    : loaded 2 times (x 73B)
Class [Lcom.android.prefs.VariableType;                                               : loaded 2 times (x 68B)
Class org.jetbrains.kotlin.resolve.calls.inference.model.NewConstraintMismatch        : loaded 2 times (x 69B)
Class org.jetbrains.kotlin.config.JvmAnalysisFlags                                    : loaded 2 times (x 70B)
Class org.jetbrains.kotlin.cli.jvm.compiler.KotlinCoreApplicationEnvironmentMode$UnitTest: loaded 2 times (x 70B)
Class com.google.common.collect.Lists$RandomAccessReverseList                         : loaded 2 times (x 161B)
Class org.jetbrains.kotlin.psi.KtPsiUtil                                              : loaded 2 times (x 70B)
Class org.jetbrains.kotlin.diagnostics.PositioningStrategies$AS_TYPE$1                : loaded 2 times (x 73B)
Class com.google.wireless.android.sdk.stats.PromptLibraryEvent                        : loaded 2 times (x 199B)
Class com.google.wireless.android.sdk.stats.DeviceInfo                                : loaded 2 times (x 235B)
Class com.google.wireless.android.sdk.stats.IDeviceUsageEvent                         : loaded 2 times (x 198B)
Class com.google.wireless.android.sdk.stats.LintTooltipLinkEventOrBuilder             : loaded 2 times (x 69B)
Class org.jetbrains.kotlin.resolve.calls.checkers.CallableReferenceCompatibilityChecker: loaded 2 times (x 73B)
Class com.android.ide.common.resources.configuration.VersionQualifier$Companion       : loaded 2 times (x 70B)
Class [Lcom.google.common.collect.AbstractIterator$State;                             : loaded 2 times (x 68B)
Class org.objectweb.asm.SymbolTable$Entry                                             : loaded 2 times (x 73B)
Class [Lcom.google.common.cache.LocalCache$EntryFactory;                              : loaded 2 times (x 68B)
Class com.google.wireless.android.sdk.stats.GfxTracingDetails                         : loaded 2 times (x 211B)
Class com.google.wireless.android.sdk.stats.AndroidStudioEvent$IdeBrand$1             : loaded 2 times (x 75B)
Class org.jetbrains.kotlin.parsing.AbstractKotlinParsing$AtSet                        : loaded 2 times (x 77B)
Class org.jetbrains.kotlin.utils.addToStdlib.AddToStdlibKt                            : loaded 2 times (x 70B)
Class kotlin.jvm.functions.Function4                                                  : loaded 2 times (x 69B)
Class com.google.wireless.android.sdk.stats.ThreadingAgentUsageEvent                  : loaded 2 times (x 196B)
Class com.google.wireless.android.sdk.stats.SdkIndexProjectStatsOrBuilder             : loaded 2 times (x 69B)
Class kotlin.jvm.functions.Function5                                                  : loaded 2 times (x 69B)
Class androidx.activity.compose.lint.CollectProgressDetectorKt                        : loaded 2 times (x 70B)
Class com.google.wireless.android.sdk.stats.OptOutOfMetricsOrBuilder                  : loaded 2 times (x 69B)
Class kotlin.jvm.internal.PropertyReference0Impl                                      : loaded 2 times (x 126B)
Class kotlin.jvm.functions.Function6                                                  : loaded 2 times (x 69B)
Class jdk.internal.jimage.ImageReader$Node                                            : loaded 2 times (x 83B)
Class kotlin.jvm.functions.Function7                                                  : loaded 2 times (x 69B)
Class kotlin.jvm.functions.Function8                                                  : loaded 2 times (x 69B)
Class com.google.protobuf.UnsafeUtil$Android64MemoryAccessor                          : loaded 2 times (x 90B)
Class org.jetbrains.kotlin.types.model.TypeArgumentListMarker                         : loaded 2 times (x 69B)
Class kotlin.jvm.functions.Function9                                                  : loaded 2 times (x 69B)
Class com.google.wireless.android.sdk.stats.EditorPickerEvent                         : loaded 2 times (x 200B)
Class org.jetbrains.kotlin.name.StandardClassIds$Annotations                          : loaded 2 times (x 70B)
Class org.jetbrains.kotlin.platform.SimplePlatform                                    : loaded 2 times (x 74B)
Class com.google.common.collect.Maps$AbstractFilteredMap                              : loaded 2 times (x 126B)
Class org.jetbrains.kotlin.container.ComponentProvider                                : loaded 2 times (x 69B)
Class org.jetbrains.kotlin.psi.stubs.elements.KtConstantExpressionElementType         : loaded 2 times (x 99B)
Class com.google.common.base.Suppliers$NonSerializableMemoizingSupplier               : loaded 2 times (x 78B)
Class [Lorg.jetbrains.kotlin.types.model.CaptureStatus;                               : loaded 2 times (x 68B)
Class com.google.wireless.android.sdk.stats.JvmDetails$1                              : loaded 2 times (x 150B)
Class com.google.wireless.android.sdk.stats.ApkDebugProject                           : loaded 2 times (x 196B)
Class com.google.wireless.android.sdk.stats.VsPluginEventOrBuilder                    : loaded 2 times (x 69B)
Class org.jetbrains.kotlin.resolve.calls.inference.model.MutableConstraintStorage     : loaded 2 times (x 88B)
Class org.jetbrains.kotlin.fileClasses.JvmFileClassInfo                               : loaded 2 times (x 69B)
Class org.jetbrains.kotlin.types.model.TypeSystemCommonSuperTypesContext              : loaded 2 times (x 69B)
Class org.jetbrains.kotlin.psi.KtFile                                                 : loaded 2 times (x 945B)
Class com.google.protobuf.ByteString$ArraysByteArrayCopier                            : loaded 2 times (x 73B)
Class org.jetbrains.kotlin.types.AbstractTypeChecker                                  : loaded 2 times (x 70B)
Class androidx.activity.lint.OnBackPressedDetectorKt                                  : loaded 2 times (x 70B)
Class com.google.wireless.android.sdk.stats.GradleDaemonJvmCriteriaErrorEventOrBuilder: loaded 2 times (x 69B)
Class jdk.internal.jimage.decompressor.CompressedResourceHeader                       : loaded 2 times (x 70B)
Class org.jetbrains.kotlin.storage.MemoizedFunctionToNullable                         : loaded 2 times (x 69B)
Class [Lorg.jetbrains.kotlin.psi.KtElementImplStub;                                   : loaded 2 times (x 68B)
Class com.android.prefs.PathLocator$WhenMappings                                      : loaded 2 times (x 70B)
Class com.google.wireless.android.sdk.stats.SentimentSurveyEventOrBuilder             : loaded 2 times (x 69B)
Class com.google.protobuf.Reader                                                      : loaded 2 times (x 69B)
Class [Lcom.google.common.base.Supplier;                                              : loaded 2 times (x 68B)
Class com.google.wireless.android.sdk.stats.DaggerEditorEventOrBuilder                : loaded 2 times (x 69B)
Class org.jetbrains.kotlin.load.java.SpecialGenericSignatures$Companion$NameAndSignature: loaded 2 times (x 71B)
Class kotlin.reflect.jvm.internal.CachesKt                                            : loaded 2 times (x 70B)
Class org.jetbrains.kotlin.load.java.BuiltinSpecialPropertiesKt                       : loaded 2 times (x 70B)
Class it.unimi.dsi.fastutil.ints.IntSpliterator                                       : loaded 2 times (x 69B)
Class androidx.appcompat.BaseMethodDeprecationDetector$MethodLocation                 : loaded 2 times (x 74B)
Class com.google.wireless.android.sdk.stats.DynamicLayoutInspectorEvent               : loaded 2 times (x 210B)
Class com.google.wireless.android.sdk.stats.GradleVersionCatalogDetectorEvent         : loaded 2 times (x 194B)
Class [Lkotlin.sequences.Sequence;                                                    : loaded 2 times (x 68B)
Class com.google.common.collect.ImmutableSetMultimap                                  : loaded 2 times (x 179B)
Class com.google.wireless.android.sdk.stats.LldbSessionEndDetailsOrBuilder            : loaded 2 times (x 69B)
Class org.jetbrains.kotlin.lexer.KtToken                                              : loaded 2 times (x 74B)
Class kotlinx.coroutines.CompletionHandlerBase                                        : loaded 2 times (x 79B)
Class org.jetbrains.kotlin.psi.KtNameReferenceExpression$Companion                    : loaded 2 times (x 70B)
Class org.jetbrains.kotlin.load.kotlin.KotlinBinaryClassCache$Companion               : loaded 2 times (x 70B)
Class [Lkotlin.coroutines.intrinsics.CoroutineSingletons;                             : loaded 2 times (x 68B)
Class org.jetbrains.kotlin.diagnostics.PositioningStrategies$DECLARATION_SIGNATURE_OR_DEFAULT$1: loaded 2 times (x 73B)
Class com.google.wireless.android.sdk.stats.SmlChatBotEventOrBuilder                  : loaded 2 times (x 69B)
Class org.jetbrains.kotlin.descriptors.Visibilities                                   : loaded 2 times (x 70B)
Class org.jetbrains.kotlin.load.java.NullabilityAnnotationStates                      : loaded 2 times (x 69B)
Class org.jetbrains.kotlin.psi.KtWhenCondition                                        : loaded 2 times (x 375B)
Class kotlin.reflect.jvm.internal.CacheByClass                                        : loaded 2 times (x 72B)
Class kotlin.sequences.EmptySequence                                                  : loaded 2 times (x 77B)
Class com.google.wireless.android.sdk.stats.ResizeComposePreviewEvent                 : loaded 2 times (x 216B)
Class com.google.protobuf.AbstractProtobufList                                        : loaded 2 times (x 190B)
Class [Lorg.jetbrains.kotlin.metadata.ProtoBuf$Expression$ConstantValue;              : loaded 2 times (x 68B)
Class [Lorg.jetbrains.kotlin.psi.KtClassInitializer;                                  : loaded 2 times (x 68B)
Class kotlin.ranges.ClosedRange                                                       : loaded 2 times (x 69B)
Class com.android.tools.lint.model.LintModelLibrary                                   : loaded 2 times (x 69B)
Class com.google.common.io.Resources$UrlByteSource                                    : loaded 2 times (x 84B)
Class com.google.wireless.android.sdk.stats.OptOutOfMetrics                           : loaded 2 times (x 192B)
Class com.google.wireless.android.sdk.stats.StudioCoreGeminiActionsEventOrBuilder     : loaded 2 times (x 69B)
Class org.apache.commons.io.CloseableURLConnection                                    : loaded 2 times (x 115B)
Class org.jetbrains.kotlin.cli.jvm.modules.CliJavaModuleFinder$systemModules$1        : loaded 2 times (x 79B)
Class jdk.internal.jrtfs.JrtPath                                                      : loaded 2 times (x 117B)
Class org.jetbrains.kotlin.resolve.calls.results.FlatSignature$Companion              : loaded 2 times (x 70B)
Class org.jetbrains.kotlin.codegen.extensions.ClassBuilderInterceptorExtension$Companion: loaded 2 times (x 71B)
Class kotlin.jvm.internal.AdaptedFunctionReference                                    : loaded 2 times (x 76B)
Class org.jetbrains.kotlin.psi.stubs.elements.KtTypeProjectionElementType             : loaded 2 times (x 102B)
Class com.google.common.reflect.TypeResolver$TypeTable$1                              : loaded 2 times (x 72B)
Class kotlin.collections.CharIterator                                                 : loaded 2 times (x 81B)
Class com.android.tools.analytics.HostData$graphicsEnvironment$2                      : loaded 2 times (x 77B)
Class kotlin.sequences.GeneratorSequence                                              : loaded 2 times (x 74B)
Class kotlin.Triple                                                                   : loaded 2 times (x 71B)
Class kotlinx.coroutines.CoroutineDispatcher$Key$1                                    : loaded 2 times (x 77B)
Class com.google.common.hash.MessageDigestHashFunction                                : loaded 2 times (x 95B)
Class [Lorg.jetbrains.kotlin.resolve.checkers.DeclarationChecker;                     : loaded 2 times (x 68B)
Class org.jetbrains.kotlin.psi.stubs.elements.KtValueArgumentElementType              : loaded 2 times (x 99B)
Class [Lorg.jetbrains.kotlin.psi.KtDeclaration;                                       : loaded 2 times (x 68B)
Class org.jetbrains.kotlin.load.java.structure.JavaMethod                             : loaded 2 times (x 69B)
Class [Lorg.jetbrains.kotlin.psi.KtIntersectionType;                                  : loaded 2 times (x 68B)
Class [Lorg.jetbrains.kotlin.psi.KtClass;                                             : loaded 2 times (x 68B)
Class com.google.common.cache.CacheLoader                                             : loaded 2 times (x 73B)
Class [Lorg.jetbrains.kotlin.builtins.jvm.JavaToKotlinClassMap$PlatformMutabilityMapping;: loaded 2 times (x 68B)
Class com.google.wireless.android.sdk.stats.SmlAiExcludeEvent                         : loaded 2 times (x 200B)
Class com.google.wireless.android.sdk.stats.SdkIndexLoadingDetailsOrBuilder           : loaded 2 times (x 69B)
Class org.jetbrains.kotlin.types.model.TypeVariance                                   : loaded 2 times (x 78B)
Class org.jetbrains.kotlin.resolve.jvm.KotlinJavaPsiFacade$1                          : loaded 2 times (x 77B)
Class org.jetbrains.kotlin.psi.KtValueArgumentList                                    : loaded 2 times (x 453B)
Class kotlin.io.NoSuchFileException                                                   : loaded 2 times (x 81B)
Class jdk.internal.jimage.ImageStrings                                                : loaded 2 times (x 69B)
Class org.jetbrains.kotlin.resolve.jvm.KotlinJavaPsiFacade$2                          : loaded 2 times (x 76B)
Class kotlin.jvm.internal.SpreadBuilder                                               : loaded 2 times (x 75B)
Class org.jetbrains.kotlin.types.Variance                                             : loaded 2 times (x 79B)
Class [Lorg.jetbrains.kotlin.name.ClassId;                                            : loaded 2 times (x 68B)
Class org.objectweb.asm.MethodTooLargeException                                       : loaded 2 times (x 82B)
Class com.google.wireless.android.sdk.stats.GradleCppSyncStats                        : loaded 2 times (x 202B)
Class com.google.wireless.android.sdk.stats.K2ModeEventOrBuilder                      : loaded 2 times (x 69B)
Class org.jetbrains.kotlin.resolve.jvm.KotlinJavaPsiFacade$3                          : loaded 2 times (x 70B)
Class com.android.ide.common.resources.configuration.WideGamutColorQualifier          : loaded 2 times (x 90B)
Class kotlin.text.CharsKt                                                             : loaded 2 times (x 70B)
Class org.jetbrains.kotlin.resolve.calls.checkers.UnitConversionCallChecker           : loaded 2 times (x 73B)
Class com.android.resources.Density                                                   : loaded 2 times (x 91B)
Class com.google.common.base.CaseFormat$StringConverter                               : loaded 2 times (x 89B)
Class com.google.common.collect.HashBiMap$Inverse                                     : loaded 2 times (x 141B)
Class org.jetbrains.kotlin.psi.KtExpression                                           : loaded 2 times (x 69B)
Class org.jetbrains.kotlin.config.JVMAssertionsMode                                   : loaded 2 times (x 78B)
Class org.jetbrains.kotlin.load.java.structure.JavaPrimitiveType                      : loaded 2 times (x 69B)
Class [Lorg.jetbrains.kotlin.types.model.TypeArgumentMarker;                          : loaded 2 times (x 68B)
Class kotlin.reflect.jvm.internal.KProperty0Impl                                      : loaded 2 times (x 127B)
Class com.android.tools.lint.model.LintModelSerialization$TargetFile                  : loaded 2 times (x 78B)
Class jdk.internal.jrtfs.JrtFileAttributes                                            : loaded 2 times (x 82B)
Class com.google.protobuf.LazyStringArrayList                                         : loaded 2 times (x 275B)
Class com.google.wireless.android.sdk.stats.GoogleLoginPluginEventOrBuilder           : loaded 2 times (x 69B)
Class org.jetbrains.kotlin.codegen.state.KotlinTypeMapper$Companion                   : loaded 2 times (x 70B)
Class [Lorg.jetbrains.kotlin.metadata.ProtoBuf$Effect$InvocationKind;                 : loaded 2 times (x 68B)
Class org.jetbrains.kotlin.psi.KtSimpleNameExpressionImpl$Companion                   : loaded 2 times (x 70B)
Class org.jetbrains.kotlin.psi.KtExpressionWithLabel                                  : loaded 2 times (x 436B)
Class com.android.tools.analytics.CommonMetricsData                                   : loaded 2 times (x 70B)
Class com.google.wireless.android.sdk.stats.StudioDeprecationNotificationEvent        : loaded 2 times (x 196B)
Class kotlin.InitializedLazyImpl                                                      : loaded 2 times (x 75B)
Class org.jetbrains.kotlin.metadata.ProtoBuf$ExpressionOrBuilder                      : loaded 2 times (x 69B)
Class com.android.ide.common.rendering.api.StyleResourceValueImpl                     : loaded 2 times (x 118B)
Class org.jetbrains.kotlin.psi.KtScriptInitializer                                    : loaded 2 times (x 715B)
Class org.jetbrains.kotlin.psi.KtContinueExpression                                   : loaded 2 times (x 436B)
Class kotlin.sequences.SequencesKt__SequenceBuilderKt$sequence$$inlined$Sequence$1    : loaded 2 times (x 74B)
Class org.apache.commons.io.output.NullWriter                                         : loaded 2 times (x 98B)
Class com.google.common.cache.Cache                                                   : loaded 2 times (x 69B)
Class com.android.tools.analytics.Environment$SystemProperty                          : loaded 2 times (x 78B)
Class org.jetbrains.kotlin.resolve.checkers.MultiFieldValueClassAnnotationsChecker    : loaded 2 times (x 73B)
Class com.google.wireless.android.sdk.stats.DeviceExplorerEventOrBuilder              : loaded 2 times (x 69B)
Class com.android.resources.ResourceType                                              : loaded 2 times (x 78B)
Class com.google.protobuf.CodedOutputStream$UnsafeDirectNioEncoder                    : loaded 2 times (x 109B)
Class org.jetbrains.kotlin.resolve.calls.checkers.AssigningNamedArgumentToVarargChecker: loaded 2 times (x 73B)
Class com.google.common.collect.Maps$EntrySet                                         : loaded 2 times (x 135B)
Class com.android.ide.common.resources.configuration.UiModeQualifier                  : loaded 2 times (x 89B)
Class com.google.wireless.android.sdk.stats.VsPluginEvent                             : loaded 2 times (x 201B)
Class org.jetbrains.kotlin.load.kotlin.VirtualFileKotlinClass                         : loaded 2 times (x 87B)
Class org.jetbrains.kotlin.descriptors.VariableDescriptor                             : loaded 2 times (x 69B)
Class org.jetbrains.kotlin.serialization.deserialization.FlexibleTypeDeserializer     : loaded 2 times (x 69B)
Class [Lorg.jetbrains.kotlin.psi.KtValVarKeywordOwner;                                : loaded 2 times (x 68B)
Class com.android.tools.lint.model.LintModelDependency                                : loaded 2 times (x 69B)
Class org.gradle.internal.classloader.SystemClassLoaderSpec                           : loaded 2 times (x 70B)
Class kotlin.collections.builders.MapBuilderEntries                                   : loaded 2 times (x 144B)
Class org.jetbrains.kotlin.load.java.Jsr305Settings                                   : loaded 2 times (x 71B)
Class org.jetbrains.kotlin.storage.LockBasedStorageManager$MapBasedMemoizedFunction   : loaded 2 times (x 81B)
Class com.google.wireless.android.sdk.stats.ApplyChangesAgentError                    : loaded 2 times (x 204B)
Class org.jetbrains.org.objectweb.asm.ByteVector                                      : loaded 2 times (x 77B)
Class org.jetbrains.kotlin.utils.StringsKt                                            : loaded 2 times (x 70B)
Class com.google.common.util.concurrent.internal.InternalFutureFailureAccess          : loaded 2 times (x 71B)
Class androidx.compose.material.lint.ScaffoldPaddingDetector$Companion                : loaded 2 times (x 70B)
Class [Lorg.jetbrains.kotlin.psi.KtTypeElement;                                       : loaded 2 times (x 68B)
Class org.jetbrains.kotlin.diagnostics.PositioningStrategies$SUPERTYPES_LIST$1        : loaded 2 times (x 73B)
Class com.google.common.collect.Multimaps$CustomListMultimap                          : loaded 2 times (x 173B)
Class com.android.ide.common.resources.configuration.VersionQualifier                 : loaded 2 times (x 88B)
Class org.jetbrains.kotlin.cli.common.PropertiesKt                                    : loaded 2 times (x 70B)
Class [Lcom.android.tools.lint.model.LintModelNamespacingMode;                        : loaded 2 times (x 68B)
Class org.jetbrains.kotlin.load.java.structure.JavaClassifierType                     : loaded 2 times (x 69B)
Class org.jetbrains.kotlin.psi.KtDestructuringDeclaration                             : loaded 2 times (x 779B)
Class org.jetbrains.kotlin.psi.stubs.KotlinFileStub                                   : loaded 2 times (x 69B)
Class org.jetbrains.kotlin.diagnostics.DiagnosticWithParameters2Marker                : loaded 2 times (x 69B)
Class com.google.wireless.android.sdk.stats.TestRecorderDetails                       : loaded 2 times (x 196B)
Class org.jetbrains.kotlin.resolve.calls.inference.components.VariableFixationFinder$VariableForFixation: loaded 2 times (x 71B)
Class org.jetbrains.kotlin.load.java.typeEnhancement.NullabilityQualifierWithMigrationStatus: loaded 2 times (x 71B)
Class kotlin.collections.ReversedListReadOnly                                         : loaded 2 times (x 159B)
Class [Lorg.jetbrains.kotlin.platform.TargetPlatformVersion;                          : loaded 2 times (x 68B)
Class com.google.wireless.android.sdk.stats.DataBindingEvent                          : loaded 2 times (x 203B)
Class com.google.wireless.android.sdk.stats.InteractivePreviewEvent                   : loaded 2 times (x 204B)
Class org.jetbrains.kotlin.resolve.checkers.DelegationChecker                         : loaded 2 times (x 73B)
Class com.google.wireless.android.sdk.stats.MemorySettingsEvent                       : loaded 2 times (x 204B)
Class com.google.protobuf.Message                                                     : loaded 2 times (x 69B)
Class com.android.ide.common.rendering.api.ResourceNamespace$ResAutoNamespace         : loaded 2 times (x 79B)
Class it.unimi.dsi.fastutil.ints.IntArrays$ArrayHashStrategy                          : loaded 2 times (x 74B)
Class kotlin.collections.CollectionsKt___CollectionsKt$withIndex$1                    : loaded 2 times (x 78B)
Class org.jetbrains.kotlin.diagnostics.PositioningStrategies$InlineFunPositioningStrategy: loaded 2 times (x 74B)
Class kotlin.reflect.jvm.internal.KMutableProperty0Impl$$Lambda$0                     : loaded 2 times (x 75B)
Class org.jetbrains.kotlin.utils.NumberWithRadix                                      : loaded 2 times (x 71B)
Class [Lorg.jetbrains.kotlin.psi.KtProjectionKind;                                    : loaded 2 times (x 68B)
Class com.google.common.reflect.Types$TypeVariableImpl                                : loaded 2 times (x 71B)
Class com.google.common.collect.Interners$InternerBuilder                             : loaded 2 times (x 75B)
Class org.jetbrains.kotlin.container.ClassInfo                                        : loaded 2 times (x 71B)
Class [Lcom.android.resources.Keyboard;                                               : loaded 2 times (x 68B)
Class org.jetbrains.kotlin.psi.stubs.KotlinContractEffectStub                         : loaded 2 times (x 69B)
Class com.google.wireless.android.sdk.stats.OomDialogEvent                            : loaded 2 times (x 210B)
Class org.jetbrains.kotlin.utils.DFS$Visited                                          : loaded 2 times (x 69B)
Class it.unimi.dsi.fastutil.Function                                                  : loaded 2 times (x 69B)
Class org.jetbrains.org.objectweb.asm.tree.IincInsnNode                               : loaded 2 times (x 77B)
Class kotlin.reflect.jvm.internal.KCallableImpl$$Lambda$0                             : loaded 2 times (x 75B)
Class kotlin.reflect.jvm.internal.KCallableImpl$$Lambda$1                             : loaded 2 times (x 75B)
Class org.jetbrains.kotlin.diagnostics.PositioningStrategies$COMMAS$1                 : loaded 2 times (x 73B)
Class org.jetbrains.kotlin.resolve.AdditionalAnnotationChecker                        : loaded 2 times (x 69B)
Class kotlin.reflect.jvm.internal.KCallableImpl$$Lambda$2                             : loaded 2 times (x 75B)
Class org.jetbrains.kotlin.cli.common.messages.MessageRenderer                        : loaded 2 times (x 69B)
Class kotlin.io.FileAlreadyExistsException                                            : loaded 2 times (x 81B)
Class org.jetbrains.kotlin.psi.KtTypeConstraint                                       : loaded 2 times (x 572B)
Class org.jetbrains.kotlin.psi.stubs.elements.KtObjectElementType                     : loaded 2 times (x 103B)
Class kotlin.reflect.jvm.internal.KCallableImpl$$Lambda$3                             : loaded 2 times (x 75B)
Class org.jetbrains.kotlin.container.ComponentDescriptor                              : loaded 2 times (x 69B)
Class kotlin.reflect.jvm.internal.KCallableImpl$$Lambda$4                             : loaded 2 times (x 75B)
Class org.jetbrains.kotlin.diagnostics.PositioningStrategies$PROPERTY_DELEGATE$1      : loaded 2 times (x 73B)
Class org.jetbrains.kotlin.resolve.calls.inference.components.ConstraintContext       : loaded 2 times (x 71B)
Class org.jetbrains.kotlin.types.model.TypeVariableMarker                             : loaded 2 times (x 69B)
Class org.jetbrains.kotlin.resolve.lazy.AbsentDescriptorHandler                       : loaded 2 times (x 69B)
Class com.android.resources.HighDynamicRange                                          : loaded 2 times (x 85B)
Class org.jetbrains.kotlin.psi.psiUtil.PsiUtilsKt$siblings$1                          : loaded 2 times (x 74B)
Class kotlin.reflect.jvm.internal.KCallableImpl$$Lambda$5                             : loaded 2 times (x 75B)
Class org.objectweb.asm.ClassWriter                                                   : loaded 2 times (x 105B)
Class com.google.wireless.android.play.playlog.proto.ClientAnalytics$LogEvent         : loaded 2 times (x 197B)
Class org.jetbrains.kotlin.KtNodeType$KtLeftBoundNodeType                             : loaded 2 times (x 75B)
Class org.jetbrains.org.objectweb.asm.TypePath                                        : loaded 2 times (x 71B)
Class org.jetbrains.kotlin.metadata.jvm.deserialization.BinaryModuleData              : loaded 2 times (x 71B)
Class com.google.wireless.android.sdk.stats.CommitMetricsEvent                        : loaded 2 times (x 198B)
Class org.jetbrains.kotlin.load.java.structure.JavaAnnotationArgument                 : loaded 2 times (x 69B)
Class [Lorg.jetbrains.kotlin.config.JVMAssertionsMode;                                : loaded 2 times (x 68B)
Class com.google.wireless.android.sdk.stats.DaggerEditorEvent                         : loaded 2 times (x 204B)
Class org.jetbrains.kotlin.psi.KtAnnotationsContainer                                 : loaded 2 times (x 69B)
Class com.google.wireless.android.sdk.stats.OptInToMetrics                            : loaded 2 times (x 192B)
Class org.jetbrains.kotlin.types.TypeApproximatorConfiguration$AllFlexibleSameValue   : loaded 2 times (x 86B)
Class kotlin.text.Charsets                                                            : loaded 2 times (x 70B)
Class org.jetbrains.org.objectweb.asm.tree.MethodInsnNode                             : loaded 2 times (x 78B)
Class org.jetbrains.kotlin.psi.KtNamed                                                : loaded 2 times (x 69B)
Class jdk.internal.jimage.decompressor.ResourceDecompressorRepository                 : loaded 2 times (x 70B)
Class com.google.wireless.android.sdk.stats.EditorHighlightingStatsOrBuilder          : loaded 2 times (x 69B)
Class com.google.wireless.android.sdk.stats.UserSentimentOrBuilder                    : loaded 2 times (x 69B)
Class org.jetbrains.kotlin.config.CommonConfigurationKeys                             : loaded 2 times (x 70B)
Class org.jetbrains.org.objectweb.asm.tree.LabelNode                                  : loaded 2 times (x 79B)
Class com.android.tools.analytics.JournalingUsageTracker$scheduleFlush$1              : loaded 2 times (x 74B)
Class org.apache.commons.io.IOUtils                                                   : loaded 2 times (x 70B)
Class org.jetbrains.kotlin.diagnostics.PositioningStrategies$IF_EXPRESSION$1          : loaded 2 times (x 73B)
Class org.jetbrains.kotlin.parsing.KotlinExpressionParsing$Precedence                 : loaded 2 times (x 80B)
Class kotlin.coroutines.AbstractCoroutineContextKey                                   : loaded 2 times (x 71B)
Class org.jetbrains.kotlin.diagnostics.PositioningStrategies$DECLARATION_NAME_ONLY$1  : loaded 2 times (x 73B)
Class org.jetbrains.kotlin.resolve.checkers.TrailingCommaCallChecker                  : loaded 2 times (x 73B)
Class org.jetbrains.kotlin.resolve.checkers.ExpectActualInTheSameModuleChecker        : loaded 2 times (x 73B)
Class com.android.ide.common.rendering.api.StyleableResourceValue                     : loaded 2 times (x 69B)
Class it.unimi.dsi.fastutil.ints.IntArrays$ForkJoinQuickSort2                         : loaded 2 times (x 89B)
Class it.unimi.dsi.fastutil.objects.ObjectBidirectionalIterator                       : loaded 2 times (x 69B)
Class androidx.compose.runtime.lint.ComposableFlowOperatorDetectorKt                  : loaded 2 times (x 70B)
Class org.jetbrains.kotlin.resolve.calls.checkers.CallCheckerContext                  : loaded 2 times (x 77B)
Class com.google.wireless.android.sdk.stats.UiDeviceSettingsEvent                     : loaded 2 times (x 194B)
Class com.android.ide.common.resources.configuration.ScreenHeightQualifier            : loaded 2 times (x 87B)
Class org.jetbrains.kotlin.KtNodeTypes                                                : loaded 2 times (x 69B)
Class org.jetbrains.kotlin.resolve.jvm.KotlinJavaPsiFacade                            : loaded 2 times (x 85B)
Class org.jetbrains.kotlin.config.MavenComparableVersion$Item                         : loaded 2 times (x 69B)
Class com.google.wireless.android.sdk.stats.FirebaseContextDetails                    : loaded 2 times (x 208B)
Class com.android.ide.common.rendering.api.ResourceNamespace                          : loaded 2 times (x 79B)
Class kotlin.text.MatcherMatchResult                                                  : loaded 2 times (x 79B)
Class org.jetbrains.kotlin.resolve.jvm.AsmTypes$1                                     : loaded 2 times (x 70B)
Class org.jetbrains.kotlin.descriptors.ClassifierDescriptor                           : loaded 2 times (x 69B)
Class org.jetbrains.kotlin.load.kotlin.MetadataFinderFactory                          : loaded 2 times (x 69B)
Class kotlin.collections.MapWithDefault                                               : loaded 2 times (x 69B)
Class kotlin.io.LinesSequence                                                         : loaded 2 times (x 74B)
Class kotlinx.coroutines.internal.OpDescriptor                                        : loaded 2 times (x 72B)
Class [Lcom.google.common.cache.CacheBuilder$OneWeigher;                              : loaded 2 times (x 68B)
Class com.google.wireless.android.sdk.stats.GradleCppSyncStatsOrBuilder               : loaded 2 times (x 69B)
Class org.jetbrains.kotlin.metadata.ProtoBuf$Expression$ConstantValue                 : loaded 2 times (x 81B)
Class org.jetbrains.kotlin.lexer.KtKeywordToken                                       : loaded 2 times (x 77B)
Class org.jetbrains.kotlin.metadata.ProtoBuf$Annotation$Argument$Value$1              : loaded 2 times (x 143B)
Class org.jetbrains.kotlin.psi.KtScript                                               : loaded 2 times (x 918B)
Class com.google.common.cache.LocalCache$ComputingValueReference                      : loaded 2 times (x 95B)
Class org.jetbrains.kotlin.utils.SmartSet$Companion                                   : loaded 2 times (x 70B)
Class kotlin.KotlinVersion                                                            : loaded 2 times (x 73B)
Class org.jetbrains.kotlin.psi.KtCodeFragmentBase                                     : loaded 2 times (x 69B)
Class org.jetbrains.kotlin.psi.KtEscapeStringTemplateEntry                            : loaded 2 times (x 446B)
Class org.jetbrains.kotlin.psi.KtDoubleColonExpression                                : loaded 2 times (x 69B)
Class [Lorg.jetbrains.kotlin.psi.KtContextReceiverList;                               : loaded 2 times (x 68B)
Class org.jetbrains.kotlin.psi.stubs.KotlinBackingFieldStub                           : loaded 2 times (x 69B)
Class [Lorg.jetbrains.kotlin.psi.KtElement;                                           : loaded 2 times (x 68B)
Class com.android.sdklib.AndroidApiLevel$Companion                                    : loaded 2 times (x 70B)
Class org.jetbrains.kotlin.cli.common.arguments.CommonCompilerArguments               : loaded 2 times (x 79B)
Class org.jetbrains.kotlin.resolve.deprecation.CommonDeprecationUtilsKt$WhenMappings  : loaded 2 times (x 70B)
Class kotlin.reflect.jvm.internal.impl.builtins.PrimitiveType                         : loaded 2 times (x 78B)
Class kotlin.reflect.jvm.internal.KProperty2Impl$$Lambda$0                            : loaded 2 times (x 75B)
Class com.android.tools.lint.model.DefaultLintModelLibraryResolver                    : loaded 2 times (x 75B)
Class com.google.common.collect.ImmutableList$SerializedForm                          : loaded 2 times (x 72B)
Class com.google.wireless.android.sdk.stats.AndroidProfilerEventOrBuilder             : loaded 2 times (x 69B)
Class org.jetbrains.kotlin.psi.KtCommonFileKt                                         : loaded 2 times (x 70B)
Class kotlin.reflect.jvm.internal.KProperty2Impl$$Lambda$1                            : loaded 2 times (x 75B)
Class org.gradle.api.UncheckedIOException                                             : loaded 2 times (x 81B)
Class com.google.common.collect.LinkedListMultimap$Node                               : loaded 2 times (x 81B)
Class org.jetbrains.kotlin.metadata.ProtoBuf$Annotation$Argument                      : loaded 2 times (x 107B)
Class kotlin.collections.builders.ListBuilder                                         : loaded 2 times (x 168B)
Class org.jetbrains.kotlin.load.java.structure.JavaConstructor                        : loaded 2 times (x 69B)
Class org.jetbrains.kotlin.load.java.structure.JavaField                              : loaded 2 times (x 69B)
Class org.jetbrains.kotlin.load.kotlin.VirtualFileFinder$SERVICE                      : loaded 2 times (x 70B)
Class org.jetbrains.kotlin.parsing.KotlinExpressionParsing                            : loaded 2 times (x 111B)
Class kotlin.reflect.jvm.internal.CacheByClassKt                                      : loaded 2 times (x 70B)
Class com.google.protobuf.UnsafeUtil$1                                                : loaded 2 times (x 75B)
Class com.google.wireless.android.sdk.stats.EssentialsModeEventOrBuilder              : loaded 2 times (x 69B)
Class com.google.wireless.android.sdk.stats.KotlinProjectConfigurationOrBuilder       : loaded 2 times (x 69B)
Class [Lorg.jetbrains.kotlin.resolve.deprecation.DeprecationLevelValue;               : loaded 2 times (x 68B)
Class kotlin.coroutines.jvm.internal.RestrictedContinuationImpl                       : loaded 2 times (x 86B)
Class com.google.wireless.android.sdk.stats.EmulatorHostOrBuilder                     : loaded 2 times (x 69B)
Class org.jetbrains.kotlin.psi.KtSimpleNameExpression                                 : loaded 2 times (x 69B)
Class org.jetbrains.kotlin.psi.KtValueArgument                                        : loaded 2 times (x 463B)
Class kotlinx.coroutines.scheduling.DefaultIoScheduler                                : loaded 2 times (x 112B)
Class com.android.tools.analytics.HostData$threadBean$2                               : loaded 2 times (x 77B)
Class com.google.wireless.android.sdk.stats.ResourceManagerEventOrBuilder             : loaded 2 times (x 69B)
Class kotlin.sequences.DistinctIterator                                               : loaded 2 times (x 82B)
Class org.jetbrains.kotlin.load.java.structure.impl.JavaElementCollectionFromPsiArrayUtil: loaded 2 times (x 70B)
Class com.google.wireless.android.sdk.stats.FirebaseContextDetailsOrBuilder           : loaded 2 times (x 69B)
Class org.jetbrains.kotlin.psi.KtExpressionImpl                                       : loaded 2 times (x 436B)
Class org.jetbrains.kotlin.psi.KtFunction                                             : loaded 2 times (x 69B)
Class org.jetbrains.kotlin.psi.stubs.KotlinCallableStubBase                           : loaded 2 times (x 69B)
Class com.google.wireless.android.sdk.stats.Align16kbEventOrBuilder                   : loaded 2 times (x 69B)
Class org.jetbrains.kotlin.parsing.AllCommentsBinder                                  : loaded 2 times (x 75B)
Class com.android.ide.common.repository.AgpVersion$PreviewKind                        : loaded 2 times (x 78B)
Class [Lkotlin.annotation.AnnotationTarget;                                           : loaded 2 times (x 68B)
Class org.jetbrains.kotlin.resolve.calls.inference.components.ConstraintInjector$Context: loaded 2 times (x 69B)
Class org.jetbrains.kotlin.types.UtilsKt                                              : loaded 2 times (x 70B)
Class com.google.common.collect.ForwardingCollection                                  : loaded 2 times (x 129B)
Class org.jetbrains.kotlin.load.java.structure.JavaAnnotation                         : loaded 2 times (x 69B)
Class org.jetbrains.kotlin.builtins.jvm.JavaToKotlinClassMap$PlatformMutabilityMapping: loaded 2 times (x 71B)
Class org.jetbrains.kotlin.psi.KtSuperTypeCallEntry                                   : loaded 2 times (x 520B)
Class com.google.wireless.android.sdk.stats.AutoImportEventOrBuilder                  : loaded 2 times (x 69B)
Class org.jetbrains.kotlin.resolve.calls.inference.InferenceUtilsKt                   : loaded 2 times (x 70B)
Class org.jetbrains.kotlin.psi.KtWhenEntry                                            : loaded 2 times (x 382B)
Class androidx.compose.lint.Names$Ui$Platform                                         : loaded 2 times (x 70B)
Class com.google.wireless.android.sdk.stats.WearPairingEventOrBuilder                 : loaded 2 times (x 69B)
Class org.jetbrains.kotlin.resolve.calls.tasks.ExplicitReceiverKind                   : loaded 2 times (x 78B)
Class kotlin.coroutines.AbstractCoroutineContextElement                               : loaded 2 times (x 88B)
Class org.jetbrains.kotlin.types.TypeCheckerState$SupertypesPolicy$None               : loaded 2 times (x 71B)
Class kotlin.reflect.full.IllegalCallableAccessException                              : loaded 2 times (x 81B)
Class org.jetbrains.org.objectweb.asm.SymbolTable                                     : loaded 2 times (x 71B)
Class org.jetbrains.kotlin.storage.LockBasedStorageManager$ExceptionHandlingStrategy  : loaded 2 times (x 69B)
Class com.google.gson.JsonParseException                                              : loaded 2 times (x 81B)
Class androidx.compose.animation.lint.SharedTransitionScopeDetector                   : loaded 2 times (x 169B)
Class org.jetbrains.kotlin.load.kotlin.KotlinJvmBinaryClass$MethodAnnotationVisitor   : loaded 2 times (x 69B)
Class kotlin.coroutines.CoroutineContext$Element$DefaultImpls                         : loaded 2 times (x 70B)
Class com.google.wireless.android.sdk.stats.GarbageCollectionStatsOrBuilder           : loaded 2 times (x 69B)
Class com.google.wireless.android.sdk.stats.SoongSyncStats                            : loaded 2 times (x 206B)
Class org.jetbrains.kotlin.psi.stubs.elements.KtNameReferenceExpressionElementType    : loaded 2 times (x 102B)
Class org.jetbrains.kotlin.psi.KtSecondaryConstructor                                 : loaded 2 times (x 1275B)
Class jdk.internal.jimage.decompressor.ResourceDecompressor$StringsProvider           : loaded 2 times (x 69B)
Class org.jetbrains.kotlin.resolve.calls.inference.model.ArgumentConstraintPosition   : loaded 2 times (x 71B)
Class org.jetbrains.kotlin.load.java.structure.JavaValueParameter                     : loaded 2 times (x 69B)
Class com.android.ide.common.resources.ResourceMergerItem$1                           : loaded 2 times (x 122B)
Class org.jetbrains.kotlin.psi.KtReturnExpression                                     : loaded 2 times (x 439B)
Class [Lorg.jetbrains.kotlin.psi.KtDeclarationWithBody;                               : loaded 2 times (x 68B)
Class org.jetbrains.kotlin.compiler.plugin.CompilerPluginRegistrar                    : loaded 2 times (x 72B)
Class org.apache.commons.io.output.UnsynchronizedByteArrayOutputStream                : loaded 2 times (x 101B)
Class com.android.ide.common.resources.ResourceMergerItem$2                           : loaded 2 times (x 116B)
Class org.jetbrains.kotlin.metadata.builtins.BuiltInsBinaryVersion$Companion          : loaded 2 times (x 70B)
Class kotlin.properties.ReadOnlyProperty                                              : loaded 2 times (x 69B)
Class jdk.internal.jimage.decompressor.Decompressor                                   : loaded 2 times (x 71B)
Class com.google.wireless.android.sdk.stats.IntellijProjectSizeStats                  : loaded 2 times (x 198B)
Class com.google.common.hash.HashCode$IntHashCode                                     : loaded 2 times (x 79B)
Class org.jetbrains.kotlin.types.AbstractTypeRefiner$Default                          : loaded 2 times (x 71B)
Class org.jetbrains.kotlin.load.kotlin.VirtualFileKotlinClass$Factory                 : loaded 2 times (x 70B)
Class org.jetbrains.kotlin.psi.KtTypeElement                                          : loaded 2 times (x 69B)
Class org.jetbrains.kotlin.diagnostics.PositioningStrategies$DEFAULT$1                : loaded 2 times (x 73B)
Class kotlin.collections.ArraysKt___ArraysKt$asIterable$$inlined$Iterable$1           : loaded 2 times (x 78B)
Class kotlin.reflect.jvm.internal.ReflectProperties$Val                               : loaded 2 times (x 73B)
Class org.jetbrains.kotlin.load.java.structure.impl.classFiles.BinaryClassSignatureParser$ClsFormatException: loaded 2 times (x 81B)
Class com.android.prefs.PathLocator                                                   : loaded 2 times (x 72B)
Class com.google.common.cache.LocalCache$Strength                                     : loaded 2 times (x 80B)
Class org.jetbrains.kotlin.container.ComponentResolveContext                          : loaded 2 times (x 74B)
Class com.google.wireless.android.sdk.stats.CMakeEditingEvent                         : loaded 2 times (x 196B)
Class com.google.wireless.android.sdk.stats.ProductDetails$ActiveExperiment           : loaded 2 times (x 198B)
Class com.google.wireless.android.sdk.stats.AdbUsageEventOrBuilder                    : loaded 2 times (x 69B)
Class org.jetbrains.kotlin.metadata.jvm.deserialization.ModuleMapping$Companion       : loaded 2 times (x 70B)
Class org.jetbrains.kotlin.psi.KtExpressionCodeFragmentType                           : loaded 2 times (x 83B)
Class kotlin.collections.builders.MapBuilder$EntriesItr                               : loaded 2 times (x 80B)
Class org.jetbrains.kotlin.resolve.checkers.LocalVariableTypeParametersChecker        : loaded 2 times (x 73B)
Class kotlin.reflect.jvm.internal.impl.builtins.functions.FunctionTypeKind$Function   : loaded 2 times (x 71B)
Class kotlin.reflect.KProperty$Getter                                                 : loaded 2 times (x 69B)
Class org.jetbrains.kotlin.load.kotlin.MemberSignature                                : loaded 2 times (x 71B)
Class kotlin.text.MatcherMatchResult$groupValues$1                                    : loaded 2 times (x 159B)
Class jdk.internal.jrtfs.JrtFileSystem                                                : loaded 2 times (x 101B)
Class org.jetbrains.kotlin.psi.psiUtil.KtPsiUtilKt                                    : loaded 2 times (x 70B)
Class com.google.wireless.android.sdk.stats.ProjectViewDefaultViewEventOrBuilder      : loaded 2 times (x 69B)
Class org.jetbrains.kotlin.load.java.structure.JavaEnumValueAnnotationArgument        : loaded 2 times (x 69B)
Class org.jetbrains.kotlin.builtins.functions.FunctionTypeKind$Function               : loaded 2 times (x 76B)
Class org.jetbrains.kotlin.descriptors.annotations.AnnotationUseSiteTarget            : loaded 2 times (x 78B)
Class org.jetbrains.kotlin.psi.KtVisitor                                              : loaded 2 times (x 191B)
Class it.unimi.dsi.fastutil.Hash$Strategy                                             : loaded 2 times (x 69B)
Class com.android.tools.analytics.AnalyticsSettingsData$DataTypeAdapter               : loaded 2 times (x 72B)
Class org.jetbrains.kotlin.contracts.description.EventOccurrencesRange$Companion      : loaded 2 times (x 70B)
Class org.jetbrains.kotlin.container.CacheKt                                          : loaded 2 times (x 70B)
Class com.android.ide.common.rendering.api.ArrayResourceValueImpl                     : loaded 2 times (x 122B)
Class [Lorg.jetbrains.kotlin.psi.KtAnnotationsContainer;                              : loaded 2 times (x 68B)
Class com.google.wireless.android.sdk.stats.MetaMetrics                               : loaded 2 times (x 198B)
Class org.objectweb.asm.Handler                                                       : loaded 2 times (x 71B)
Class org.gradle.api.internal.classpath.GlobalCacheRootsProvider                      : loaded 2 times (x 69B)
Class org.jetbrains.kotlin.diagnostics.PositioningStrategies$PARAMETERS_WITH_DEFAULT_VALUE$1: loaded 2 times (x 73B)
Class com.google.protobuf.IterableByteBufferInputStream                               : loaded 2 times (x 91B)
Class com.google.wireless.android.sdk.stats.MlModelBindingEvent                       : loaded 2 times (x 202B)
Class com.google.wireless.android.sdk.stats.MotionLayoutEditorEventOrBuilder          : loaded 2 times (x 69B)
Class org.jetbrains.kotlin.mpp.TypeParameterSymbolMarker                              : loaded 2 times (x 69B)
Class [Lorg.jetbrains.kotlin.psi.KtTypeReference;                                     : loaded 2 times (x 68B)
Class kotlin.reflect.jvm.internal.KDeclarationContainerImpl$Data$$Lambda$0            : loaded 2 times (x 75B)
Class com.google.wireless.android.sdk.stats.GarbageCollectionStats                    : loaded 2 times (x 200B)
Class com.google.wireless.android.sdk.stats.IdePluginInfoOrBuilder                    : loaded 2 times (x 69B)
Class com.google.protobuf.MutabilityOracle                                            : loaded 2 times (x 69B)
Class org.jetbrains.kotlin.descriptors.ClassKind                                      : loaded 2 times (x 78B)
Class org.jetbrains.kotlin.psi.KtSuperExpression                                      : loaded 2 times (x 438B)
Class kotlin.reflect.jvm.internal.impl.name.FqNameUnsafe                              : loaded 2 times (x 71B)
Class org.jetbrains.kotlin.platform.TargetPlatformVersion$NoVersion                   : loaded 2 times (x 73B)
Class com.google.protobuf.AbstractMessageLite                                         : loaded 2 times (x 100B)
Class org.jetbrains.kotlin.resolve.calls.inference.model.ExpectedTypeConstraintPosition: loaded 2 times (x 71B)
Class org.jetbrains.kotlin.load.java.BuiltinSpecialProperties                         : loaded 2 times (x 70B)
Class kotlin.coroutines.CoroutineContext$Key                                          : loaded 2 times (x 69B)
Class org.jetbrains.kotlin.name.State                                                 : loaded 2 times (x 78B)
Class [Lorg.jetbrains.kotlin.psi.KtTypeConstraint;                                    : loaded 2 times (x 68B)
Class com.android.ide.common.gradle.Numeric                                           : loaded 2 times (x 76B)
Class [Lorg.jetbrains.org.objectweb.asm.Symbol;                                       : loaded 2 times (x 68B)
Class com.google.wireless.android.sdk.stats.FileUsage                                 : loaded 2 times (x 207B)
Class com.google.protobuf.InvalidProtocolBufferException                              : loaded 2 times (x 87B)
Class org.jetbrains.kotlin.types.TypeMappingContext                                   : loaded 2 times (x 69B)
Class org.jetbrains.kotlin.parsing.BindAll                                            : loaded 2 times (x 75B)
Class org.jetbrains.kotlin.protobuf.LazyStringList                                    : loaded 2 times (x 69B)
Class [Lorg.jetbrains.kotlin.psi.KtTypeConstraintList;                                : loaded 2 times (x 68B)
Class com.google.wireless.android.sdk.stats.StartupPerformanceCodeLoadedAndVisibleInEditor: loaded 2 times (x 206B)
Class org.jetbrains.org.objectweb.asm.tree.AbstractInsnNode                           : loaded 2 times (x 77B)
Class com.android.utils.PositionXmlParser$AbstractParserPool                          : loaded 2 times (x 69B)
Class [Lorg.jetbrains.kotlin.psi.KtDeclarationStub;                                   : loaded 2 times (x 68B)
Class com.google.wireless.android.sdk.stats.AdbServerStateOrBuilder                   : loaded 2 times (x 69B)
Class org.jetbrains.kotlin.psi.KtImportInfo$ImportContent                             : loaded 2 times (x 70B)
Class [Lorg.jetbrains.kotlin.psi.KtParameterList;                                     : loaded 2 times (x 68B)
Class jdk.internal.jrtfs.JrtFileSystemProvider                                        : loaded 2 times (x 98B)
Class org.jetbrains.kotlin.platform.jvm.JvmPlatformKt                                 : loaded 2 times (x 70B)
Class org.jetbrains.kotlin.psi.KtContextReceiverList                                  : loaded 2 times (x 444B)
Class com.google.common.cache.LocalCache$ValueReference                               : loaded 2 times (x 69B)
Class com.google.wireless.android.sdk.stats.StudioToolWindowActionStats               : loaded 2 times (x 200B)
Class com.google.wireless.android.sdk.stats.SuppressedSyncEvent                       : loaded 2 times (x 196B)
Class com.google.wireless.android.sdk.stats.StartupPerformanceFrameBecameInteractiveEvent: loaded 2 times (x 194B)
Class org.jetbrains.kotlin.psi.KtWhenConditionIsPattern                               : loaded 2 times (x 377B)
Class com.google.common.collect.CollectSpliterators                                   : loaded 2 times (x 70B)
Class com.google.protobuf.ByteString$2                                                : loaded 2 times (x 90B)
Class org.jetbrains.kotlin.parsing.AbstractTokenStreamPattern                         : loaded 2 times (x 82B)
Class org.jetbrains.kotlin.diagnostics.PositioningStrategies$TYPEALIAS_TYPE_REFERENCE$1: loaded 2 times (x 73B)
Class com.google.protobuf.UnsafeUtil                                                  : loaded 2 times (x 70B)
Class com.google.wireless.android.sdk.stats.StudioUpdateFlowEvent                     : loaded 2 times (x 203B)
Class com.google.wireless.android.sdk.stats.SplittingTabsUsageEventOrBuilder          : loaded 2 times (x 69B)
Class org.jetbrains.kotlin.load.java.JavaNullabilityAnnotationsStatus                 : loaded 2 times (x 71B)
Class com.android.ide.common.resources.configuration.ScreenWidthQualifier             : loaded 2 times (x 87B)
Class kotlin.coroutines.jvm.internal.CompletedContinuation                            : loaded 2 times (x 74B)
Class com.google.wireless.android.sdk.stats.SurveyResponse                            : loaded 2 times (x 199B)
Class com.google.wireless.android.sdk.stats.AndroidProfilerDbStatsOrBuilder           : loaded 2 times (x 69B)
Class org.objectweb.asm.ClassReader                                                   : loaded 2 times (x 93B)
Class com.android.tools.lint.model.DefaultLintModelLintOptions                        : loaded 2 times (x 102B)
Class androidx.compose.ui.test.manifest.lint.TestManifestIssueRegistry                : loaded 2 times (x 82B)
Class com.google.wireless.android.sdk.stats.MultiViewEvent                            : loaded 2 times (x 198B)
Class com.google.wireless.android.sdk.stats.KotlinSupportDeclinedOrBuilder            : loaded 2 times (x 69B)
Class com.android.ide.common.rendering.api.ResourceNamespace$Resolver                 : loaded 2 times (x 69B)
Class org.jetbrains.kotlin.resolve.jvm.modules.JavaModuleResolver$SERVICE             : loaded 2 times (x 70B)
Class it.unimi.dsi.fastutil.objects.AbstractObject2IntFunction                        : loaded 2 times (x 118B)
Class org.jetbrains.kotlin.utils.WrappedValues$WrappedProcessCanceledException        : loaded 2 times (x 81B)
Class org.jetbrains.org.objectweb.asm.RecordComponentWriter                           : loaded 2 times (x 77B)
Class org.jetbrains.kotlin.types.TypeApproximatorConfiguration                        : loaded 2 times (x 85B)
Class org.jetbrains.kotlin.load.java.SpecialGenericSignatures$TypeSafeBarrierDescription: loaded 2 times (x 79B)
Class org.jetbrains.org.objectweb.asm.tree.JumpInsnNode                               : loaded 2 times (x 77B)
Class org.gradle.internal.classloader.ClasspathUtil                                   : loaded 2 times (x 70B)
Class com.google.wireless.android.sdk.stats.JavaProcessStats$1                        : loaded 2 times (x 150B)
Class org.jetbrains.kotlin.descriptors.ValueClassRepresentation                       : loaded 2 times (x 73B)
Class org.apache.commons.io.FileUtils                                                 : loaded 2 times (x 70B)
Class org.jetbrains.kotlin.diagnostics.Severity                                       : loaded 2 times (x 78B)
Class org.jetbrains.kotlin.fir.extensions.FirExtensionRegistrarAdapter$Companion      : loaded 2 times (x 71B)
Class org.objectweb.asm.CurrentFrame                                                  : loaded 2 times (x 72B)
Class jdk.internal.jrtfs.JrtDirectoryStream                                           : loaded 2 times (x 88B)
Class androidx.compose.animation.core.lint.TransitionDetectorKt                       : loaded 2 times (x 70B)
Class com.google.wireless.android.sdk.stats.DeviceManagerEventOrBuilder               : loaded 2 times (x 69B)
Class org.jetbrains.kotlin.psi.KtDestructuringDeclarationEntry                        : loaded 2 times (x 1236B)
Class org.jetbrains.kotlin.load.java.structure.impl.classFiles.BinaryClassSignatureParser: loaded 2 times (x 71B)
Class com.google.common.util.concurrent.AbstractFuture                                : loaded 2 times (x 94B)
Class org.jetbrains.kotlin.diagnostics.PositioningStrategies$PROPERTY_INITIALIZER$1   : loaded 2 times (x 73B)
Class com.android.tools.analytics.AnalyticsSettingsData                               : loaded 2 times (x 71B)
Class com.android.tools.analytics.Environment$Companion$SYSTEM$1                      : loaded 2 times (x 72B)
Class org.jetbrains.kotlin.resolve.extensions.AssignResolutionAltererExtension$Companion: loaded 2 times (x 71B)
Class org.jetbrains.kotlin.psi.stubs.KotlinClassifierStub                             : loaded 2 times (x 69B)
Class com.android.ide.common.gradle.Version$Companion                                 : loaded 2 times (x 70B)
Class org.jetbrains.org.objectweb.asm.SymbolTable$Entry                               : loaded 2 times (x 73B)
Class com.google.common.reflect.TypeResolver                                          : loaded 2 times (x 71B)
Class org.jetbrains.kotlin.load.kotlin.JvmDescriptorTypeWriter                        : loaded 2 times (x 75B)
Class org.jetbrains.kotlin.analyzer.CompilationErrorException                         : loaded 2 times (x 81B)
Class it.unimi.dsi.fastutil.objects.ObjectSpliterator                                 : loaded 2 times (x 69B)
Class com.google.wireless.android.sdk.stats.BuildOutputWindowStatsOrBuilder           : loaded 2 times (x 69B)
Class com.google.wireless.android.sdk.stats.DeviceMirroringAbnormalAgentTerminationOrBuilder: loaded 2 times (x 69B)
Class org.jetbrains.kotlin.types.model.DynamicTypeMarker                              : loaded 2 times (x 69B)
Class org.jetbrains.kotlin.builtins.PrimitiveType                                     : loaded 2 times (x 78B)
Class org.jetbrains.kotlin.types.TypeSystemCommonBackendContext                       : loaded 2 times (x 69B)
Class org.jetbrains.kotlin.psi.KtLabeledExpression                                    : loaded 2 times (x 553B)
Class kotlin.reflect.jvm.internal.impl.builtins.functions.FunctionTypeKind            : loaded 2 times (x 71B)
Class kotlin.properties.ReadWriteProperty                                             : loaded 2 times (x 69B)
Class org.jetbrains.kotlin.name.FqNamesUtilKt                                         : loaded 2 times (x 70B)
Class [Lorg.jetbrains.kotlin.psi.KtTypeAlias;                                         : loaded 2 times (x 68B)
Class com.google.wireless.android.sdk.stats.StartupEventOrBuilder                     : loaded 2 times (x 69B)
Class org.jetbrains.kotlin.metadata.ProtoBuf$TypeAlias                                : loaded 2 times (x 139B)
Class com.google.wireless.android.sdk.stats.ProjectViewSelectionChangeEvent           : loaded 2 times (x 196B)
Class org.jetbrains.kotlin.load.java.structure.impl.JavaClassImpl                     : loaded 2 times (x 176B)
Class com.google.protobuf.ByteString$ByteArrayCopier                                  : loaded 2 times (x 69B)
Class com.google.wireless.android.sdk.stats.DeviceMirroringSession                    : loaded 2 times (x 200B)
Class com.google.wireless.android.sdk.stats.BackupUsageEventOrBuilder                 : loaded 2 times (x 69B)
Class org.jetbrains.kotlin.mpp.PropertySymbolMarker                                   : loaded 2 times (x 69B)
Class org.jetbrains.kotlin.parsing.KotlinParsing$1                                    : loaded 2 times (x 77B)
Class org.jetbrains.kotlin.cli.jvm.modules.CoreJrtFileSystem$Companion                : loaded 2 times (x 70B)
Class [Lcom.android.ide.common.repository.AgpVersion$PreviewKind;                     : loaded 2 times (x 68B)
Class jdk.internal.jimage.decompressor.ResourceDecompressor                           : loaded 2 times (x 69B)
Class org.jetbrains.kotlin.container.PlatformExtensionsClashResolver$FallbackToDefault: loaded 2 times (x 72B)
Class org.jetbrains.kotlin.parsing.KotlinParsing$2                                    : loaded 2 times (x 77B)
Class com.google.protobuf.ProtocolMessageEnum                                         : loaded 2 times (x 69B)
Class org.jetbrains.kotlin.resolve.checkers.PlatformDiagnosticSuppressor              : loaded 2 times (x 69B)
Class com.android.resources.FolderTypeRelationship                                    : loaded 2 times (x 70B)
Class org.jetbrains.kotlin.parsing.KotlinParsing$3                                    : loaded 2 times (x 111B)
Class org.jetbrains.kotlin.resolve.jvm.KotlinJavaPsiFacade$KotlinPsiElementFinderWrapperImpl: loaded 2 times (x 81B)
Class kotlin.coroutines.CoroutineContext$Element                                      : loaded 2 times (x 69B)
Class com.google.common.base.CaseFormat$1                                             : loaded 2 times (x 82B)
Class org.jetbrains.kotlin.types.AbstractStrictEqualityTypeChecker                    : loaded 2 times (x 70B)
Class org.jetbrains.kotlin.descriptors.EffectiveVisibility$Permissiveness             : loaded 2 times (x 78B)
Class com.android.prefs.AndroidLocationsException                                     : loaded 2 times (x 81B)
Class com.google.common.base.CaseFormat$2                                             : loaded 2 times (x 82B)
Class org.jetbrains.kotlin.diagnostics.PositioningStrategies$PARAMETER_VARARG_MODIFIER$1: loaded 2 times (x 73B)
Class [Lcom.google.protobuf.ProtocolMessageEnum;                                      : loaded 2 times (x 68B)
Class org.jetbrains.kotlin.psi.KtSuperTypeList                                        : loaded 2 times (x 448B)
Class kotlin.reflect.jvm.internal.impl.resolve.jvm.JvmPrimitiveType                   : loaded 2 times (x 78B)
Class com.google.common.base.CaseFormat$3                                             : loaded 2 times (x 82B)
Class org.jetbrains.kotlin.load.java.JavaClassFinder$Request                          : loaded 2 times (x 71B)
Class org.jetbrains.kotlin.resolve.DefaultImportProvider$DefaultImportsKey            : loaded 2 times (x 70B)
Class org.jetbrains.kotlin.util.TypeRegistry                                          : loaded 2 times (x 72B)
Class com.android.ide.common.resources.DataFile$FileType                              : loaded 2 times (x 78B)
Class com.google.common.collect.TransformedListIterator                               : loaded 2 times (x 92B)
Class com.google.common.base.CaseFormat$4                                             : loaded 2 times (x 82B)
Class com.google.wireless.android.sdk.stats.LayoutEditorEvent                         : loaded 2 times (x 233B)
Class org.jetbrains.kotlin.psi.KtArrayAccessExpression                                : loaded 2 times (x 504B)
Class kotlin.reflect.jvm.internal.impl.builtins.CompanionObjectMapping                : loaded 2 times (x 70B)
Class org.jetbrains.org.objectweb.asm.tree.IntInsnNode                                : loaded 2 times (x 77B)
Class com.google.common.cache.LocalCache$ValueIterator                                : loaded 2 times (x 85B)
Class com.google.common.base.Ticker$1                                                 : loaded 2 times (x 71B)
Class org.gradle.api.internal.DefaultClassPathRegistry                                : loaded 2 times (x 75B)
Class com.google.common.base.CaseFormat$5                                             : loaded 2 times (x 82B)
Class com.google.gson.TypeAdapter                                                     : loaded 2 times (x 72B)
Class [Lorg.jetbrains.kotlin.psi.KtModifierListOwnerStub;                             : loaded 2 times (x 68B)
Class com.google.common.base.Splitter$5                                               : loaded 2 times (x 79B)
Class [Lorg.jetbrains.kotlin.descriptors.annotations.KotlinTarget;                    : loaded 2 times (x 68B)
Class com.google.common.collect.Iterators$SingletonIterator                           : loaded 2 times (x 80B)
Class com.android.tools.lint.model.LintModelModuleType                                : loaded 2 times (x 78B)
Class com.google.wireless.android.sdk.stats.JavaProcessStatsOrBuilder                 : loaded 2 times (x 69B)
Class org.jetbrains.kotlin.builtins.functions.FunctionTypeKind$SuspendFunction        : loaded 2 times (x 76B)
Class com.google.common.collect.AbstractIterator$State                                : loaded 2 times (x 78B)
Class [Lorg.objectweb.asm.Symbol;                                                     : loaded 2 times (x 68B)
Class com.google.common.util.concurrent.AbstractFuture$Cancellation                   : loaded 2 times (x 71B)
Class org.jetbrains.kotlin.metadata.ProtoBuf$Expression                               : loaded 2 times (x 119B)
Class org.jetbrains.kotlin.resolve.calls.checkers.CompanionIncorrectlyUnboundedWhenUsedAsLHSCallChecker: loaded 2 times (x 73B)
Class org.jetbrains.kotlin.psi.KtConstructorDelegationReferenceExpression             : loaded 2 times (x 498B)
Class org.jetbrains.kotlin.psi.stubs.elements.KtModifierListElementType               : loaded 2 times (x 102B)
Class com.google.common.collect.Multimaps$Entries                                     : loaded 2 times (x 117B)
Class org.jetbrains.kotlin.resolve.calls.context.ResolutionContext                    : loaded 2 times (x 84B)
Class org.jetbrains.kotlin.serialization.deserialization.KotlinMetadataFinder         : loaded 2 times (x 69B)
Class com.google.common.base.Predicates                                               : loaded 2 times (x 70B)
Class com.google.common.collect.Interner                                              : loaded 2 times (x 69B)
Class org.jetbrains.kotlin.resolve.calls.inference.components.VariableFixationFinder  : loaded 2 times (x 71B)
Class [Lorg.jetbrains.kotlin.psi.KtStringTemplateEntry;                               : loaded 2 times (x 68B)
Class org.jetbrains.kotlin.utils.PlatformUtilsKt                                      : loaded 2 times (x 70B)
Class com.google.wireless.android.sdk.stats.FastPreviewEventOrBuilder                 : loaded 2 times (x 69B)
Class org.objectweb.asm.tree.ClassNode                                                : loaded 2 times (x 90B)
Class com.android.tools.lint.model.DefaultLintModelMavenName                          : loaded 2 times (x 86B)
Class org.jetbrains.kotlin.resolve.calls.inference.model.ExplicitTypeParameterConstraintPosition: loaded 2 times (x 71B)
Class kotlin.reflect.jvm.internal.KPackageImpl                                        : loaded 2 times (x 84B)
Class com.google.wireless.android.play.playlog.proto.ClientAnalytics$LogEventOrBuilder: loaded 2 times (x 69B)
Class com.google.protobuf.InvalidProtocolBufferException$InvalidWireTypeException     : loaded 2 times (x 87B)
Class com.android.tools.analytics.HostDataKt                                          : loaded 2 times (x 70B)
Class org.gradle.api.internal.classpath.DefaultModuleRegistry$DefaultModule           : loaded 2 times (x 85B)
Class kotlin.coroutines.ContinuationInterceptor$Key                                   : loaded 2 times (x 70B)
Class org.jetbrains.kotlin.utils.SmartSet$ArrayIterator                               : loaded 2 times (x 80B)
Class org.jetbrains.kotlin.resolve.calls.inference.components.ConstraintSystemUtilContext: loaded 2 times (x 69B)
Class org.jetbrains.kotlin.load.java.structure.impl.source.JavaElementSourceFactory   : loaded 2 times (x 78B)
Class org.jetbrains.org.objectweb.asm.tree.FieldInsnNode                              : loaded 2 times (x 78B)
Class kotlin.sequences.DropWhileSequence$iterator$1                                   : loaded 2 times (x 78B)
Class org.jetbrains.kotlin.container.DynamicComponentDescriptor                       : loaded 2 times (x 73B)
Class org.jetbrains.kotlin.psi.KtTypeProjection                                       : loaded 2 times (x 585B)
Class org.jetbrains.kotlin.name.JvmStandardClassIds                                   : loaded 2 times (x 70B)
Class org.jetbrains.kotlin.resolve.InlineClassDescriptorResolver                      : loaded 2 times (x 70B)
Class org.jetbrains.kotlin.config.ApiVersion$Companion                                : loaded 2 times (x 70B)
Class org.jetbrains.kotlin.psi.KtTreeVisitorVoid                                      : loaded 2 times (x 303B)
Class com.google.wireless.android.sdk.stats.ProjectViewDefaultViewEvent               : loaded 2 times (x 194B)
Class org.jetbrains.kotlin.diagnostics.PositioningStrategies$CUT_CHAR_QUOTES$1        : loaded 2 times (x 73B)
Class org.jetbrains.kotlin.diagnostics.PositioningStrategies$VALUE_ARGUMENTS_LIST$1   : loaded 2 times (x 73B)
Class com.google.wireless.android.sdk.stats.SdkIndexLibraryDetails                    : loaded 2 times (x 207B)
Class org.jetbrains.kotlin.resolve.calls.inference.model.IncorporationConstraintPosition: loaded 2 times (x 71B)
Class com.google.common.collect.AbstractTable$CellSet                                 : loaded 2 times (x 135B)
Class com.android.ide.common.rendering.api.AttrResourceValueImpl                      : loaded 2 times (x 121B)
Class com.google.protobuf.AbstractMessage                                             : loaded 2 times (x 163B)
Class com.android.resources.ScreenRatio                                               : loaded 2 times (x 85B)
Class org.jetbrains.kotlin.types.expressions.OperatorConventions                      : loaded 2 times (x 70B)
Class org.jetbrains.kotlin.metadata.jvm.deserialization.ModuleMappingKt               : loaded 2 times (x 70B)
Class org.jetbrains.kotlin.psi.KtAnnotation                                           : loaded 2 times (x 447B)
Class [Lorg.jetbrains.kotlin.psi.KtObjectDeclaration;                                 : loaded 2 times (x 68B)
Class org.jetbrains.kotlin.builtins.jvm.JvmBuiltInsSignatures                         : loaded 2 times (x 70B)
Class com.google.wireless.android.sdk.stats.CoroutineDebuggerEventOrBuilder           : loaded 2 times (x 69B)
Class org.jetbrains.kotlin.resolve.calls.checkers.CallChecker                         : loaded 2 times (x 69B)
Class org.jetbrains.kotlin.psi.KtWhileExpression                                      : loaded 2 times (x 440B)
Class kotlin.reflect.KMutableProperty                                                 : loaded 2 times (x 69B)
Class kotlin.reflect.KClassifier                                                      : loaded 2 times (x 69B)
Class [Lorg.jetbrains.kotlin.psi.ValueArgument;                                       : loaded 2 times (x 68B)
Class [Lorg.jetbrains.kotlin.psi.KtNamedDeclaration;                                  : loaded 2 times (x 68B)
Class org.jetbrains.kotlin.load.kotlin.KotlinJvmBinarySourceElement                   : loaded 2 times (x 80B)
Class com.google.wireless.android.sdk.stats.WifiPairingEvent                          : loaded 2 times (x 209B)
Class org.jetbrains.kotlin.resolve.jvm.extensions.AnalysisHandlerExtension            : loaded 2 times (x 69B)
Class com.google.common.cache.RemovalCause$1                                          : loaded 2 times (x 79B)
Class org.jetbrains.kotlin.diagnostics.rendering.ContextIndependentParameterRenderer  : loaded 2 times (x 69B)
Class com.google.wireless.android.sdk.stats.JourneyFinishedEvent                      : loaded 2 times (x 194B)
Class org.jetbrains.kotlin.metadata.ProtoBuf$Effect$InvocationKind                    : loaded 2 times (x 81B)
Class org.jetbrains.kotlin.util.OperatorNameConventions                               : loaded 2 times (x 70B)
Class com.google.common.cache.RemovalCause$2                                          : loaded 2 times (x 79B)
Class com.google.wireless.android.sdk.stats.GradleSyncStats                           : loaded 2 times (x 233B)
Class com.google.common.cache.RemovalCause$3                                          : loaded 2 times (x 79B)
Class org.gradle.kotlin.dsl.VersionCatalogAccessorsKt                                 : loaded 2 times (x 70B)
Class com.google.wireless.android.sdk.stats.InstantRun                                : loaded 2 times (x 206B)
Class com.google.wireless.android.sdk.stats.UpgradeAssistantProcessorEvent            : loaded 2 times (x 216B)
Class com.google.wireless.android.sdk.stats.BuildAttributionStatsOrBuilder            : loaded 2 times (x 69B)
Class com.google.common.cache.RemovalCause$4                                          : loaded 2 times (x 79B)
Class kotlin.collections.ReversedListReadOnly$listIterator$1                          : loaded 2 times (x 89B)
Class [Lorg.jetbrains.kotlin.psi.KtNullableType;                                      : loaded 2 times (x 68B)
Class com.android.tools.lint.model.DefaultLintModelVariant$artifact$2                 : loaded 2 times (x 78B)
Class com.google.common.cache.RemovalCause$5                                          : loaded 2 times (x 79B)
Class org.jetbrains.kotlin.types.TypeMappingUtil                                      : loaded 2 times (x 70B)
Class org.jetbrains.kotlin.psi.stubs.KotlinScriptStub                                 : loaded 2 times (x 69B)
Class com.google.wireless.android.sdk.stats.StudioToolWindowActionStatsOrBuilder      : loaded 2 times (x 69B)
Class com.google.wireless.android.sdk.stats.SuppressedSyncEventOrBuilder              : loaded 2 times (x 69B)
Class com.google.wireless.android.sdk.stats.StartupPerformanceFrameBecameInteractiveEventOrBuilder: loaded 2 times (x 69B)
Class org.jetbrains.kotlin.psi.KtNullableType                                         : loaded 2 times (x 511B)
Class org.jetbrains.kotlin.psi.stubs.elements.KtAnnotationEntryElementType            : loaded 2 times (x 103B)
Class org.jetbrains.kotlin.platform.jvm.JvmPlatform                                   : loaded 2 times (x 74B)
Class com.google.common.base.Suppliers$SupplierOfInstance                             : loaded 2 times (x 78B)
Class org.jetbrains.kotlin.load.java.typeEnhancement.JavaTypeQualifiers$Companion     : loaded 2 times (x 70B)
Class org.jetbrains.kotlin.load.java.structure.impl.JavaModifierListOwnerImpl         : loaded 2 times (x 69B)
Class org.objectweb.asm.RecordComponentVisitor                                        : loaded 2 times (x 76B)
Class com.google.wireless.android.sdk.stats.AndroidStudioEventOrBuilder               : loaded 2 times (x 69B)
Class org.jetbrains.kotlin.config.JvmTarget$Companion                                 : loaded 2 times (x 70B)
Class org.jetbrains.kotlin.diagnostics.PositioningStrategies$SELECTOR_BY_QUALIFIED$1  : loaded 2 times (x 73B)
Class org.jetbrains.kotlin.build.report.metrics.GradleBuildTime                       : loaded 2 times (x 85B)
Class org.jetbrains.kotlin.serialization.deserialization.IncompatibleVersionErrorData : loaded 2 times (x 71B)
Class org.jetbrains.kotlin.diagnostics.PositioningStrategies$TYPE_PARAMETERS_OR_DECLARATION_SIGNATURE$1: loaded 2 times (x 73B)
Class com.android.ide.common.resources.configuration.CountryCodeQualifier             : loaded 2 times (x 87B)
Class kotlin.text.Regex$Companion                                                     : loaded 2 times (x 70B)
Class com.google.common.reflect.Types$ClassOwnership$1                                : loaded 2 times (x 79B)
Class com.google.common.reflect.Invokable                                             : loaded 2 times (x 100B)
Class org.jetbrains.kotlin.parsing.KotlinParserDefinition                             : loaded 2 times (x 94B)
Class com.google.common.reflect.Types$ClassOwnership$2                                : loaded 2 times (x 79B)
Class com.google.wireless.android.sdk.stats.GradleDaemonJvmCriteriaErrorEvent         : loaded 2 times (x 194B)
Class com.google.wireless.android.sdk.stats.UserIdResetEventOrBuilder                 : loaded 2 times (x 69B)
Class org.jetbrains.kotlin.psi.UserDataProperty                                       : loaded 2 times (x 71B)
Class com.google.common.reflect.Types$ClassOwnership$3                                : loaded 2 times (x 70B)
Class org.jetbrains.kotlin.codegen.signature.BothSignatureWriter                      : loaded 2 times (x 106B)
Class com.android.tools.lint.model.LintModelDependencies                              : loaded 2 times (x 69B)
Class com.google.wireless.android.sdk.stats.UiToolsPreferencesEvent                   : loaded 2 times (x 204B)
Class org.jetbrains.kotlin.metadata.ProtoBuf$Effect$InvocationKind$1                  : loaded 2 times (x 73B)
Class org.jetbrains.kotlin.psi.KtContractEffect                                       : loaded 2 times (x 444B)
Class [Lkotlin.jvm.internal.markers.KMappedMarker;                                    : loaded 2 times (x 68B)
Class it.unimi.dsi.fastutil.ints.IntArrays$ForkJoinQuickSortComp                      : loaded 2 times (x 89B)
Class com.google.wireless.android.sdk.stats.IdePluginInfo                             : loaded 2 times (x 198B)
Class [Lorg.jetbrains.kotlin.metadata.ProtoBuf$QualifiedNameTable$QualifiedName$Kind; : loaded 2 times (x 68B)
Class com.google.wireless.android.sdk.stats.EditorNotification                        : loaded 2 times (x 194B)
Class com.android.ide.common.resources.DataFile                                       : loaded 2 times (x 82B)
Class org.jetbrains.kotlin.psi.KtContextReceiver                                      : loaded 2 times (x 444B)
Class org.jetbrains.kotlin.psi.KtCallElement                                          : loaded 2 times (x 69B)
Class org.jetbrains.kotlin.cli.jvm.compiler.IdeaExtensionPoints                       : loaded 2 times (x 70B)
Class kotlin.collections.AbstractSet$Companion                                        : loaded 2 times (x 70B)
Class com.android.tools.lint.model.DefaultLintModelModule                             : loaded 2 times (x 97B)
Class com.google.common.cache.LocalCache$HashIterator                                 : loaded 2 times (x 85B)
Class androidx.compose.material.lint.ColorsDetector$Companion                         : loaded 2 times (x 70B)
Class org.jetbrains.kotlin.diagnostics.PositioningStrategies$PARAMETER_DEFAULT_VALUE$1: loaded 2 times (x 73B)
Class org.jetbrains.kotlin.cli.jvm.compiler.KotlinCoreProjectEnvironment              : loaded 2 times (x 88B)
Class [Lcom.android.resources.NavigationState;                                        : loaded 2 times (x 68B)
Class com.google.wireless.android.sdk.stats.EditingMetricsEvent                       : loaded 2 times (x 202B)
Class com.google.wireless.android.sdk.stats.GradleSyncStatsOrBuilder                  : loaded 2 times (x 69B)
Class org.jetbrains.kotlin.resolve.calls.checkers.UnsupportedUntilRangeDeclarationChecker: loaded 2 times (x 73B)
Class org.jetbrains.kotlin.serialization.DescriptorSerializerPlugin$Companion         : loaded 2 times (x 71B)
Class org.jetbrains.kotlin.metadata.deserialization.VersionRequirement$Companion      : loaded 2 times (x 70B)
Class org.jetbrains.kotlin.protobuf.UnmodifiableLazyStringList$2                      : loaded 2 times (x 82B)
Class org.jetbrains.kotlin.cli.common.CompilerSystemProperties$value$2                : loaded 2 times (x 124B)
Class com.google.common.cache.LocalCache$WriteThroughEntry                            : loaded 2 times (x 78B)
Class org.objectweb.asm.ClassTooLargeException                                        : loaded 2 times (x 82B)
Class org.jetbrains.kotlin.config.LanguageVersion$Companion                           : loaded 2 times (x 70B)
Class com.google.wireless.android.sdk.stats.KotlinProjectConfiguration                : loaded 2 times (x 214B)
Class com.google.wireless.android.sdk.stats.EssentialsModeEvent                       : loaded 2 times (x 194B)
Class com.google.wireless.android.sdk.stats.MemoryUsageReportEventOrBuilder           : loaded 2 times (x 69B)
Class org.jetbrains.kotlin.metadata.ProtoBuf$VersionRequirementOrBuilder              : loaded 2 times (x 69B)
Class com.google.protobuf.UnsafeUtil$MemoryAccessor                                   : loaded 2 times (x 90B)
Class com.google.wireless.android.sdk.stats.GradleFailureDetails                      : loaded 2 times (x 198B)
Class com.google.wireless.android.sdk.stats.OomDialogEventOrBuilder                   : loaded 2 times (x 69B)
Class com.android.tools.analytics.UsageTracker$setMaxJournalTime$1                    : loaded 2 times (x 78B)
Class org.jetbrains.kotlin.load.java.ReportLevel$Companion                            : loaded 2 times (x 70B)
Class androidx.compose.material.lint.MaterialIssueRegistry                            : loaded 2 times (x 82B)
Class com.google.wireless.android.sdk.stats.WindowsDefenderStatusOrBuilder            : loaded 2 times (x 69B)
Class org.jetbrains.kotlin.extensions.AnnotationBasedExtension                        : loaded 2 times (x 69B)
Class com.android.prefs.AndroidLocationsProvider                                      : loaded 2 times (x 69B)
Class org.gradle.api.internal.classpath.UnknownModuleException                        : loaded 2 times (x 81B)
Class org.jetbrains.kotlin.resolve.checkers.DeprecatedClassifierUsageChecker          : loaded 2 times (x 73B)
Class org.jetbrains.kotlin.resolve.extensions.SyntheticResolveExtension               : loaded 2 times (x 69B)
Class kotlin.coroutines.intrinsics.IntrinsicsKt__IntrinsicsJvmKt                      : loaded 2 times (x 70B)
Class com.android.tools.analytics.Environment                                         : loaded 2 times (x 72B)
Class org.jetbrains.kotlin.load.java.structure.JavaClass                              : loaded 2 times (x 69B)
Class com.google.wireless.android.sdk.stats.RenderSecurityManagerEvent                : loaded 2 times (x 198B)
Class org.jetbrains.kotlin.parsing.KotlinExpressionParsing$Precedence$1               : loaded 2 times (x 80B)
Class com.google.common.util.concurrent.AbstractFuture$Listener                       : loaded 2 times (x 71B)
Class com.google.protobuf.CodedInputStream                                            : loaded 2 times (x 118B)
Class org.jetbrains.kotlin.parsing.KotlinExpressionParsing$Precedence$2               : loaded 2 times (x 80B)
Class org.jetbrains.kotlin.resolve.constants.ClassLiteralValue                        : loaded 2 times (x 71B)
Class org.jetbrains.kotlin.name.NameUtils                                             : loaded 2 times (x 70B)
Class kotlin.reflect.KProperty0                                                       : loaded 2 times (x 69B)
Class com.android.tools.lint.model.DefaultLintModelVariant$mainArtifact$2             : loaded 2 times (x 78B)
Class com.google.common.collect.CollectSpliterators$1                                 : loaded 2 times (x 89B)
Class com.google.wireless.android.sdk.stats.StudioProjectChangeOrBuilder              : loaded 2 times (x 69B)
Class org.jetbrains.kotlin.resolve.jvm.diagnostics.JvmDeclarationOriginKind           : loaded 2 times (x 78B)
Class org.jetbrains.kotlin.parsing.KotlinExpressionParsing$Precedence$3               : loaded 2 times (x 80B)
Class org.jetbrains.kotlin.asJava.finder.JavaElementFinder$Companion                  : loaded 2 times (x 70B)
Class kotlin.reflect.KProperty1                                                       : loaded 2 times (x 69B)
Class org.apache.commons.io.output.AbstractByteArrayOutputStream                      : loaded 2 times (x 101B)
Class com.google.wireless.android.sdk.stats.DirectAccessUsageEvent                    : loaded 2 times (x 221B)
Class org.jetbrains.kotlin.lexer.KtTokens                                             : loaded 2 times (x 69B)
Class kotlin.reflect.KProperty2                                                       : loaded 2 times (x 69B)
Class com.google.wireless.android.sdk.stats.ApkAnalyzerStatsOrBuilder                 : loaded 2 times (x 69B)
Class [Lcom.google.protobuf.Internal$EnumLite;                                        : loaded 2 times (x 68B)
Class com.android.tools.analytics.UsageTrackerWriter                                  : loaded 2 times (x 80B)
Class org.jetbrains.kotlin.resolve.checkers.TrailingCommaDeclarationChecker           : loaded 2 times (x 73B)
Class [Lorg.jetbrains.kotlin.psi.KtSuperTypeCallEntry;                                : loaded 2 times (x 68B)
Class com.google.common.collect.MapMakerInternalMap$StrongKeyDummyValueEntry$LinkedStrongKeyDummyValueEntry: loaded 2 times (x 81B)
Class com.google.protobuf.NioByteString                                               : loaded 2 times (x 103B)
Class org.jetbrains.kotlin.storage.CacheWithNotNullValues                             : loaded 2 times (x 69B)
Class com.google.common.collect.Iterables$4                                           : loaded 2 times (x 80B)
Class com.google.wireless.android.sdk.stats.SystemHealthEventOrBuilder                : loaded 2 times (x 69B)
Class com.google.common.collect.Iterables$5                                           : loaded 2 times (x 80B)
Class org.objectweb.asm.Edge                                                          : loaded 2 times (x 71B)
Class com.android.tools.analytics.AnalyticsSettingsData$Companion                     : loaded 2 times (x 70B)
Class org.jetbrains.kotlin.resolve.calls.results.TypeWithConversion                   : loaded 2 times (x 71B)
Class org.jetbrains.kotlin.platform.TargetPlatform                                    : loaded 2 times (x 118B)
Class com.google.wireless.android.sdk.stats.GradleJdkInvalidEventOrBuilder            : loaded 2 times (x 69B)
Class com.google.wireless.android.sdk.stats.PSDEventOrBuilder                         : loaded 2 times (x 69B)
Class com.google.protobuf.Internal$ProtobufList                                       : loaded 2 times (x 69B)
Class org.jetbrains.kotlin.resolve.jvm.KotlinJavaPsiFacade$KotlinPsiElementFinderWrapper: loaded 2 times (x 69B)
Class org.jetbrains.kotlin.resolve.calls.tower.CandidateApplicabilityKt               : loaded 2 times (x 70B)
Class org.jetbrains.kotlin.psi.stubs.elements.KtFileElementType                       : loaded 2 times (x 110B)
Class com.android.ide.common.gradle.Version$Companion$ParseState                      : loaded 2 times (x 69B)
Class org.jetbrains.kotlin.cli.common.ModuleVisibilityHelperImpl                      : loaded 2 times (x 73B)
Class org.jetbrains.org.objectweb.asm.tree.InsnList                                   : loaded 2 times (x 102B)
Class [Lorg.jetbrains.org.objectweb.asm.Type;                                         : loaded 2 times (x 68B)
Class org.jetbrains.kotlin.resolve.calls.checkers.CapturingInClosureChecker           : loaded 2 times (x 73B)
Class org.jetbrains.kotlin.resolve.jvm.extensions.PackageFragmentProviderExtension    : loaded 2 times (x 69B)
Class org.jetbrains.kotlin.metadata.ProtoBuf$StringTable                              : loaded 2 times (x 107B)
Class it.unimi.dsi.fastutil.longs.LongSet                                             : loaded 2 times (x 69B)
Class [Lorg.jetbrains.kotlin.psi.KtTypeParameterList;                                 : loaded 2 times (x 68B)
Class kotlin.jvm.internal.ArrayIteratorKt                                             : loaded 2 times (x 70B)
Class com.android.ide.common.rendering.api.ResourceValue                              : loaded 2 times (x 69B)
Class org.jetbrains.kotlin.protobuf.LazyStringArrayList                               : loaded 2 times (x 241B)
Class [Lcom.android.prefs.LocationValue;                                              : loaded 2 times (x 68B)
Class com.google.wireless.android.sdk.stats.PreviewRefreshEventOrBuilder              : loaded 2 times (x 69B)
Class org.jetbrains.kotlin.resolve.calls.checkers.LambdaWithSuspendModifierCallChecker: loaded 2 times (x 73B)
Class org.jetbrains.kotlin.serialization.deserialization.MetadataPartProvider         : loaded 2 times (x 69B)
Class org.jetbrains.kotlin.descriptors.Visibilities$Inherited                         : loaded 2 times (x 78B)
Class org.jetbrains.kotlin.serialization.SerializerExtensionProtocol                  : loaded 2 times (x 71B)
Class org.jetbrains.kotlin.descriptors.annotations.AnnotationDescriptor               : loaded 2 times (x 69B)
Class org.jetbrains.kotlin.psi.stubs.elements.KtPropertyElementType                   : loaded 2 times (x 103B)
Class kotlin.coroutines.Continuation                                                  : loaded 2 times (x 69B)
Class [Lorg.jetbrains.kotlin.cli.common.messages.CompilerMessageSeverity;             : loaded 2 times (x 68B)
Class org.jetbrains.kotlin.metadata.ProtoBuf$TypeAlias$1                              : loaded 2 times (x 143B)
Class org.jetbrains.kotlin.storage.LockBasedStorageManager$MapBasedMemoizedFunctionToNotNull: loaded 2 times (x 84B)
Class [Lorg.objectweb.asm.SymbolTable$Entry;                                          : loaded 2 times (x 68B)
Class org.jetbrains.kotlin.cli.jvm.compiler.MockInferredAnnotationsManager            : loaded 2 times (x 73B)
Class kotlin.ranges.IntProgression$Companion                                          : loaded 2 times (x 70B)
Class com.google.common.reflect.Types$JavaVersion                                     : loaded 2 times (x 82B)
Class org.jetbrains.kotlin.psi.stubs.elements.KtConstructorElementType                : loaded 2 times (x 106B)
Class com.google.protobuf.Internal$ListAdapter$Converter                              : loaded 2 times (x 69B)
Class kotlin.collections.builders.AbstractMapBuilderEntrySet                          : loaded 2 times (x 143B)
Class org.jetbrains.kotlin.builtins.functions.FunctionTypeKind$KSuspendFunction       : loaded 2 times (x 76B)
Class com.google.wireless.android.sdk.stats.BrowserSurveyEvent                        : loaded 2 times (x 199B)
Class kotlin.KotlinVersionCurrentValue                                                : loaded 2 times (x 70B)
Class org.jetbrains.kotlin.container.PlatformSpecificExtension                        : loaded 2 times (x 69B)
Class kotlin.text.CharsKt__CharJVMKt                                                  : loaded 2 times (x 70B)
Class org.jetbrains.kotlin.load.java.structure.JavaTypeParameter                      : loaded 2 times (x 69B)
Class org.jetbrains.kotlin.resolve.PlatformDependentAnalyzerServices                  : loaded 2 times (x 76B)
Class org.apache.commons.io.file.PathFilter                                           : loaded 2 times (x 69B)
Class org.jetbrains.kotlin.container.ClassTraversalCache                              : loaded 2 times (x 70B)
Class com.android.ide.common.resources.configuration.ScreenDimensionQualifier         : loaded 2 times (x 88B)
Class org.jetbrains.kotlin.metadata.deserialization.NameResolverImpl                  : loaded 2 times (x 76B)
Class com.google.common.collect.CollectSpliterators$1WithCharacteristics              : loaded 2 times (x 89B)
Class com.google.common.base.Suppliers$MemoizingSupplier                              : loaded 2 times (x 78B)
Class com.google.wireless.android.sdk.stats.SystemHealthEvent                         : loaded 2 times (x 209B)
Class com.google.wireless.android.sdk.stats.DeviceMirroringSessionOrBuilder           : loaded 2 times (x 69B)
Class org.jetbrains.kotlin.resolve.checkers.ValueClassDeclarationChecker              : loaded 2 times (x 73B)
Class it.unimi.dsi.fastutil.ints.IntArraySet                                          : loaded 2 times (x 234B)
Class it.unimi.dsi.fastutil.Hash                                                      : loaded 2 times (x 69B)
Class com.google.common.base.Suppliers                                                : loaded 2 times (x 70B)
Class org.jetbrains.kotlin.fileClasses.JvmSimpleFileClassInfo                         : loaded 2 times (x 77B)
Class org.jetbrains.kotlin.storage.LockBasedStorageManager$NotValue                   : loaded 2 times (x 78B)
Class kotlin.reflect.jvm.internal.KClassifierImpl                                     : loaded 2 times (x 69B)
Class org.jetbrains.kotlin.diagnostics.DiagnosticWithParameters1Marker                : loaded 2 times (x 69B)
Class com.google.wireless.android.sdk.stats.StudioCrash                               : loaded 2 times (x 208B)
Class org.jetbrains.kotlin.parsing.KotlinParsing$PropertyComponentKind$Collector      : loaded 2 times (x 73B)
Class org.jetbrains.kotlin.metadata.jvm.JvmModuleProtoBuf$PackageParts                : loaded 2 times (x 127B)
Class org.jetbrains.kotlin.metadata.jvm.deserialization.JvmMetadataVersion            : loaded 2 times (x 73B)
Class com.google.wireless.android.sdk.stats.ComposePreviewLiteModeEvent               : loaded 2 times (x 196B)
Class org.jetbrains.kotlin.metadata.ProtoBuf$QualifiedNameTable$QualifiedName$Kind    : loaded 2 times (x 81B)
Class kotlin.jvm.internal.MutablePropertyReference1Impl                               : loaded 2 times (x 136B)
Class com.google.wireless.android.sdk.stats.JniInspectionEvent                        : loaded 2 times (x 200B)
Class com.google.wireless.android.sdk.stats.UIActionStats                             : loaded 2 times (x 207B)
Class com.google.protobuf.MapFieldReflectionAccessor                                  : loaded 2 times (x 73B)
Class org.jetbrains.kotlin.extensions.StorageComponentContainerContributor            : loaded 2 times (x 69B)
Class org.jetbrains.kotlin.psi.KtParameterList                                        : loaded 2 times (x 455B)
Class com.google.wireless.android.sdk.stats.GradleSyncIssue                           : loaded 2 times (x 198B)
Class org.jetbrains.kotlin.resolve.calls.inference.components.ConstraintIncorporator$Context: loaded 2 times (x 69B)
Class com.android.ide.common.rendering.api.TextResourceValueImpl                      : loaded 2 times (x 108B)
Class com.google.common.collect.MapMakerInternalMap$StrongKeyDummyValueEntry          : loaded 2 times (x 81B)
Class com.google.common.cache.LoadingCache                                            : loaded 2 times (x 69B)
Class org.gradle.internal.service.ServiceLookupException                              : loaded 2 times (x 81B)
Class org.jetbrains.kotlin.psi.KtWhenExpression                                       : loaded 2 times (x 445B)
Class kotlin.SafePublicationLazyImpl$Companion                                        : loaded 2 times (x 70B)
Class com.google.common.collect.MapMakerInternalMap$StrongKeyDummyValueSegment        : loaded 2 times (x 141B)
Class org.jetbrains.kotlin.resolve.calls.checkers.ApiVersionCallChecker               : loaded 2 times (x 73B)
Class org.jetbrains.kotlin.resolve.checkers.KClassWithIncorrectTypeArgumentChecker    : loaded 2 times (x 73B)
Class com.android.tools.lint.model.DefaultLintModelVariant                            : loaded 2 times (x 100B)
Class com.google.wireless.android.sdk.stats.TestRecorderDetailsOrBuilder              : loaded 2 times (x 69B)
Class org.jetbrains.kotlin.resolve.annotations.AnnotationUtilKt                       : loaded 2 times (x 70B)
Class org.jetbrains.kotlin.cli.common.arguments.CommonToolArguments                   : loaded 2 times (x 72B)
Class org.jetbrains.kotlin.diagnostics.rendering.RenderingContext                     : loaded 2 times (x 71B)
Class org.jetbrains.kotlin.load.kotlin.SignatureBuildingComponents                    : loaded 2 times (x 70B)
Class org.jetbrains.kotlin.load.java.structure.JavaModifierListOwner                  : loaded 2 times (x 69B)
Class com.android.prefs.LocationValue                                                 : loaded 2 times (x 69B)
Class com.google.wireless.android.sdk.stats.AndroidProfilerDbStats                    : loaded 2 times (x 202B)
Class com.google.wireless.android.sdk.stats.EditingMetricsEventOrBuilder              : loaded 2 times (x 69B)
Class jdk.internal.jimage.ImageStringsReader                                          : loaded 2 times (x 79B)
Class com.google.protobuf.ByteString                                                  : loaded 2 times (x 100B)
Class org.jetbrains.kotlin.psi.KtTreeVisitor                                          : loaded 2 times (x 193B)
Class [Lorg.jetbrains.kotlin.types.TypeApproximatorConfiguration$IntersectionStrategy;: loaded 2 times (x 68B)
Class com.android.utils.DateProvider$1                                                : loaded 2 times (x 74B)
Class org.jetbrains.kotlin.resolve.checkers.SuspendLimitationsChecker                 : loaded 2 times (x 73B)
Class com.google.wireless.android.sdk.stats.VfsRefreshOrBuilder                       : loaded 2 times (x 69B)
Class org.jetbrains.kotlin.types.checker.ClassicTypeSystemContextKt                   : loaded 2 times (x 70B)
Class org.jetbrains.kotlin.resolve.multiplatform.ExpectActualAnnotationsIncompatibilityType: loaded 2 times (x 71B)
Class org.jetbrains.kotlin.resolve.ImportPath                                         : loaded 2 times (x 71B)
Class org.jetbrains.kotlin.container.PlatformExtensionsClashResolver$FirstWins        : loaded 2 times (x 72B)
Class [Lorg.jetbrains.kotlin.psi.KtDeclarationModifierList;                           : loaded 2 times (x 68B)
Class jdk.internal.jimage.decompressor.ResourceDecompressorFactory                    : loaded 2 times (x 73B)
Class org.jetbrains.kotlin.load.java.JavaModuleAnnotationsProvider                    : loaded 2 times (x 69B)
Class com.google.wireless.android.sdk.stats.StudioPatchUpdaterEvent                   : loaded 2 times (x 204B)
Class com.android.utils.PositionXmlParser$SaxParserFactoryFunction                    : loaded 2 times (x 69B)
Class com.google.common.collect.ReverseNaturalOrdering                                : loaded 2 times (x 113B)
Class kotlin.reflect.jvm.internal.KMutableProperty1Impl                               : loaded 2 times (x 134B)
Class org.jetbrains.kotlin.psi.KtBreakExpression                                      : loaded 2 times (x 436B)
Class [Lorg.jetbrains.kotlin.psi.KtAnonymousInitializer;                              : loaded 2 times (x 68B)
Class com.android.ProgressManagerAdapter                                              : loaded 2 times (x 72B)
Class kotlin.reflect.jvm.internal.EmptyContainerForLocal                              : loaded 2 times (x 83B)
Class kotlin.text.DelimitedRangesSequence                                             : loaded 2 times (x 74B)
Class org.jetbrains.kotlin.diagnostics.KtDiagnostic                                   : loaded 2 times (x 82B)
Class org.jetbrains.kotlin.psi.KtNamedDeclaration                                     : loaded 2 times (x 69B)
Class org.jetbrains.kotlin.resolve.extensions.AnalysisHandlerExtension                : loaded 2 times (x 69B)
Class it.unimi.dsi.fastutil.objects.ObjectIterator                                    : loaded 2 times (x 69B)
Class [Lorg.gradle.api.internal.ClassPathProvider;                                    : loaded 2 times (x 68B)
Class org.jetbrains.kotlin.diagnostics.PositioningStrategy                            : loaded 2 times (x 73B)
Class kotlin.collections.MutableMapWithDefault                                        : loaded 2 times (x 69B)
Class com.google.common.util.concurrent.AbstractFuture$SafeAtomicHelper               : loaded 2 times (x 78B)
Class jdk.internal.jimage.ImageReader$SharedImageReader$LocationVisitor               : loaded 2 times (x 69B)
Class org.jetbrains.kotlin.resolve.AnnotationsKt                                      : loaded 2 times (x 70B)
Class org.jetbrains.kotlin.config.AnalysisFlag$Delegate                               : loaded 2 times (x 74B)
Class com.google.common.collect.ImmutableMultimap$Values                              : loaded 2 times (x 125B)
Class org.jetbrains.kotlin.load.java.typeEnhancement.MutabilityQualifier              : loaded 2 times (x 78B)
Class kotlinx.coroutines.DefaultExecutorKt                                            : loaded 2 times (x 70B)
Class com.google.wireless.android.sdk.stats.AdbAssistantStatsOrBuilder                : loaded 2 times (x 69B)
Class it.unimi.dsi.fastutil.objects.ObjectIterable                                    : loaded 2 times (x 69B)
Class org.jetbrains.kotlin.types.TypeCheckerState$SupertypesPolicy$LowerIfFlexible    : loaded 2 times (x 71B)
Class org.jetbrains.kotlin.load.kotlin.JvmPackagePartSource                           : loaded 2 times (x 84B)
Class org.jetbrains.kotlin.serialization.deserialization.ProtoContainer$Package       : loaded 2 times (x 72B)
Class com.google.wireless.android.sdk.stats.DeviceScreenshotEventOrBuilder            : loaded 2 times (x 69B)
Class org.jetbrains.kotlin.parsing.KotlinParserDefinition$Companion                   : loaded 2 times (x 70B)
Class org.jetbrains.kotlin.parsing.KotlinParsing$AnnotationParsingMode                : loaded 2 times (x 78B)
Class org.jetbrains.kotlin.cli.jvm.index.JavaRoot                                     : loaded 2 times (x 71B)
Class org.jetbrains.kotlin.metadata.jvm.deserialization.ClassMapperLite               : loaded 2 times (x 70B)
Class org.jetbrains.kotlin.resolve.checkers.VolatileAnnotationChecker                 : loaded 2 times (x 73B)
Class org.gradle.util.internal.GUtil                                                  : loaded 2 times (x 70B)
Class com.google.wireless.android.sdk.stats.SdkIndexLoadingDetails                    : loaded 2 times (x 196B)
Class it.unimi.dsi.fastutil.ints.AbstractIntSet                                       : loaded 2 times (x 232B)
Class kotlin.coroutines.ContinuationInterceptor                                       : loaded 2 times (x 69B)
Class jdk.internal.jimage.decompressor.ZipDecompressor                                : loaded 2 times (x 74B)
Class com.google.wireless.android.sdk.stats.AndroidStudioEvent$EventKind              : loaded 2 times (x 86B)
Class com.google.wireless.android.sdk.stats.GfxTracingDetailsOrBuilder                : loaded 2 times (x 69B)
Class kotlin.jvm.internal.CollectionToArray                                           : loaded 2 times (x 70B)
Class org.jetbrains.kotlin.diagnostics.PositioningStrategies$DECLARATION_RETURN_TYPE$1: loaded 2 times (x 73B)
Class com.google.wireless.android.sdk.stats.LldbSessionStartDetailsOrBuilder          : loaded 2 times (x 69B)
Class org.jetbrains.kotlin.utils.SortUtilsKt$topologicalSort$1                        : loaded 2 times (x 73B)
Class org.jetbrains.kotlin.resolve.calls.checkers.SelfCallInNestedObjectConstructorChecker: loaded 2 times (x 73B)
Class kotlin.reflect.jvm.internal.ReflectProperties                                   : loaded 2 times (x 70B)
Class com.google.wireless.android.sdk.stats.DialogStatsOrBuilder                      : loaded 2 times (x 69B)
Class org.jetbrains.kotlin.resolve.calls.inference.model.NewConstraintError           : loaded 2 times (x 76B)
Class org.jetbrains.kotlin.name.CallableId                                            : loaded 2 times (x 71B)
Class [Lorg.jetbrains.kotlin.psi.KtUserType;                                          : loaded 2 times (x 68B)
Class [Lorg.jetbrains.kotlin.psi.KtClassBody;                                         : loaded 2 times (x 68B)
Class com.google.wireless.android.play.playlog.proto.ClientAnalytics$LogEvent$Builder : loaded 2 times (x 297B)
Class org.jetbrains.kotlin.load.java.NullabilityAnnotationStates$Companion            : loaded 2 times (x 70B)
Class [Lcom.google.common.reflect.Types$JavaVersion;                                  : loaded 2 times (x 68B)
Class com.google.gson.stream.JsonWriter                                               : loaded 2 times (x 97B)
Class [Lorg.jetbrains.kotlin.psi.KtNameReferenceExpression;                           : loaded 2 times (x 68B)
Class com.android.tools.lint.model.LintModelDependencyGraph                           : loaded 2 times (x 69B)
Class androidx.compose.material.lint.MaterialNames$Material                           : loaded 2 times (x 70B)
Class com.google.wireless.android.sdk.stats.StudioPerformanceStats                    : loaded 2 times (x 208B)
Class com.google.wireless.android.sdk.stats.TestRun                                   : loaded 2 times (x 222B)
Class org.gradle.internal.classloader.ClassLoaderSpec                                 : loaded 2 times (x 70B)
Class org.jetbrains.kotlin.load.java.SpecialGenericSignatures$Companion               : loaded 2 times (x 70B)
Class org.jetbrains.kotlin.load.java.JvmAnnotationNamesKt                             : loaded 2 times (x 70B)
Class org.jetbrains.kotlin.resolve.calls.checkers.InfixCallChecker                    : loaded 2 times (x 73B)
Class org.jetbrains.kotlin.metadata.deserialization.VersionRequirement$Version        : loaded 2 times (x 70B)
Class com.google.common.collect.StandardTable                                         : loaded 2 times (x 123B)
Class org.jetbrains.kotlin.cli.common.messages.CompilerMessageLocationWithRange       : loaded 2 times (x 79B)
Class androidx.compose.lint.Names$Ui$Pointer                                          : loaded 2 times (x 70B)
Class com.google.wireless.android.sdk.stats.KotlinSupportOrBuilder                    : loaded 2 times (x 69B)
Class com.android.tools.analytics.Environment$Companion                               : loaded 2 times (x 70B)
Class org.jetbrains.kotlin.resolve.jvm.NotFoundPackagesCachingStrategy$CacheType      : loaded 2 times (x 78B)
Class org.jetbrains.kotlin.utils.SortUtilsKt                                          : loaded 2 times (x 70B)
Class org.jetbrains.kotlin.types.model.TypeSystemOptimizationContext                  : loaded 2 times (x 69B)
Class org.jetbrains.kotlin.resolve.checkers.ExpectActualClassifiersAreInBetaChecker   : loaded 2 times (x 73B)
Class org.jetbrains.kotlin.kdoc.lexer.KDocToken                                       : loaded 2 times (x 74B)
Class org.jetbrains.kotlin.psi.stubs.KotlinTypeProjectionStub                         : loaded 2 times (x 69B)
Class com.google.wireless.android.sdk.stats.ComposeMultiPreviewEventOrBuilder         : loaded 2 times (x 69B)
Class kotlin.jvm.JvmStatic                                                            : loaded 2 times (x 69B)
Class org.jetbrains.kotlin.diagnostics.rendering.CommonRenderers                      : loaded 2 times (x 70B)
Class org.jetbrains.kotlin.diagnostics.PositioningStrategies$NOT_SUPPORTED_IN_INLINE_MOST_RELEVANT$1: loaded 2 times (x 73B)
Class org.jetbrains.kotlin.cli.jvm.compiler.CliVirtualFileFinder                      : loaded 2 times (x 90B)
Class org.jetbrains.kotlin.psi.stubs.elements.KtPropertyAccessorElementType           : loaded 2 times (x 102B)
Class org.jetbrains.kotlin.resolve.calls.inference.model.FixVariableConstraintPosition: loaded 2 times (x 71B)
Class org.jetbrains.kotlin.types.model.CapturedTypeMarker                             : loaded 2 times (x 69B)
Class org.objectweb.asm.Frame                                                         : loaded 2 times (x 72B)
Class com.google.common.cache.LocalCache$LocalManualCache                             : loaded 2 times (x 98B)
Class org.jetbrains.kotlin.resolve.calls.checkers.ResolutionToPrivateConstructorOfSealedClassChecker: loaded 2 times (x 73B)
Class com.google.wireless.android.sdk.stats.RunEvent                                  : loaded 2 times (x 255B)
Class kotlin.sequences.DropSequence                                                   : loaded 2 times (x 78B)
Class org.jetbrains.kotlin.load.java.structure.JavaLoadingKt                          : loaded 2 times (x 70B)
Class com.google.wireless.android.sdk.stats.EditorHighlightingStats                   : loaded 2 times (x 198B)
Class com.google.wireless.android.sdk.stats.UserSentiment                             : loaded 2 times (x 196B)
Class com.google.protobuf.Internal$DoubleList                                         : loaded 2 times (x 69B)
Class [Lorg.jetbrains.kotlin.types.Variance;                                          : loaded 2 times (x 68B)
Class com.google.common.cache.CacheLoader$1                                           : loaded 2 times (x 74B)
Class com.google.wireless.android.sdk.stats.SmlGeolocationEvent                       : loaded 2 times (x 200B)
Class org.jetbrains.kotlin.serialization.deserialization.AnnotatedCallableKind        : loaded 2 times (x 78B)
Class com.google.wireless.android.sdk.stats.ProductDetails                            : loaded 2 times (x 222B)
Class com.google.wireless.android.sdk.stats.OptInToMetricsOrBuilder                   : loaded 2 times (x 69B)
Class org.jetbrains.kotlin.psi.KtWhileExpressionBase                                  : loaded 2 times (x 440B)
Class org.jetbrains.kotlin.load.java.typeEnhancement.SignatureEnhancementBuilder$ClassEnhancementBuilder: loaded 2 times (x 71B)
Class org.jetbrains.kotlin.diagnostics.UnboundDiagnostic                              : loaded 2 times (x 69B)
Class org.jetbrains.kotlin.psi.KtStringTemplateExpression                             : loaded 2 times (x 679B)
Class com.android.ide.common.gradle.Version$Companion$ParseState$NUMERIC              : loaded 2 times (x 73B)
Class com.google.wireless.android.sdk.stats.FileType                                  : loaded 2 times (x 201B)
Class org.jetbrains.kotlin.container.ContainerConsistencyException                    : loaded 2 times (x 81B)
Class com.google.wireless.android.sdk.stats.GoogleLoginPluginEvent                    : loaded 2 times (x 202B)
Class [Lcom.android.resources.Navigation;                                             : loaded 2 times (x 68B)
Class com.android.ide.common.resources.configuration.NavigationMethodQualifier        : loaded 2 times (x 89B)
Class [Lorg.jetbrains.kotlin.psi.KtClassLiteralExpression;                            : loaded 2 times (x 68B)
Class com.google.common.util.concurrent.AbstractFuture$TrustedFuture                  : loaded 2 times (x 96B)
Class com.google.wireless.android.sdk.stats.ScreenshotTestComposePreviewEvent         : loaded 2 times (x 201B)
Class kotlin.sequences.TakeWhileSequence                                              : loaded 2 times (x 74B)
Class org.jetbrains.kotlin.diagnostics.PositioningStrategies$NAME_IDENTIFIER$1        : loaded 2 times (x 73B)
Class org.jetbrains.kotlin.metadata.ProtoBuf$Effect$1                                 : loaded 2 times (x 143B)
Class org.jetbrains.kotlin.resolve.checkers.SuspendFunctionAsSupertypeChecker         : loaded 2 times (x 73B)
Class com.android.ide.common.resources.configuration.NetworkCodeQualifier             : loaded 2 times (x 87B)
Class org.jetbrains.kotlin.psi.stubs.elements.KtTypeAliasElementType                  : loaded 2 times (x 99B)
Class com.google.common.cache.RemovalCause                                            : loaded 2 times (x 79B)
Class com.google.wireless.android.sdk.stats.BackupUsageEvent                          : loaded 2 times (x 201B)
Class [Lkotlin.Pair;                                                                  : loaded 2 times (x 68B)
Class com.android.tools.lint.model.DefaultLintModelLibrary                            : loaded 2 times (x 85B)
Class org.jetbrains.kotlin.resolve.calls.inference.ConstraintSystemBuilderKt$WhenMappings: loaded 2 times (x 70B)
Class com.android.ide.common.resources.ResourceFile                                   : loaded 2 times (x 86B)
Class org.jetbrains.kotlin.psi.KtVisitorVoid                                          : loaded 2 times (x 303B)
Class org.jetbrains.kotlin.metadata.jvm.JvmModuleProtoBuf$Module$1                    : loaded 2 times (x 143B)
Class org.jetbrains.kotlin.lexer.KtSingleValueToken                                   : loaded 2 times (x 76B)
Class org.jetbrains.kotlin.psi.KtDeclarationWithBody                                  : loaded 2 times (x 69B)
Class kotlin.SafePublicationLazyImpl                                                  : loaded 2 times (x 75B)
Class org.jetbrains.kotlin.load.kotlin.TypeMappingMode                                : loaded 2 times (x 71B)
Class org.jetbrains.kotlin.parsing.SemanticWhitespaceAwarePsiBuilder                  : loaded 2 times (x 69B)
Class org.jetbrains.kotlin.name.SpecialNames                                          : loaded 2 times (x 70B)
Class org.jetbrains.kotlin.cli.jvm.compiler.MockExternalAnnotationsManager            : loaded 2 times (x 88B)
Class org.gradle.internal.classloader.InstrumentingClassLoader                        : loaded 2 times (x 69B)
Class com.google.wireless.android.sdk.stats.SdkIndexProjectStats                      : loaded 2 times (x 206B)
Class [Lorg.jetbrains.kotlin.load.java.typeEnhancement.TypeComponentPosition;         : loaded 2 times (x 68B)
Class kotlin.reflect.KProperty$Accessor                                               : loaded 2 times (x 69B)
Class org.jetbrains.kotlin.diagnostics.PositioningStrategies$LONG_LITERAL_SUFFIX$1    : loaded 2 times (x 73B)
Class com.google.wireless.android.sdk.stats.AutoSyncSettingChangeEventOrBuilder       : loaded 2 times (x 69B)
Class com.google.wireless.android.sdk.stats.StopEventOrBuilder                        : loaded 2 times (x 69B)
Class org.jetbrains.kotlin.serialization.deserialization.AnnotationLoader             : loaded 2 times (x 69B)
Class org.jetbrains.kotlin.psi.stubs.KotlinObjectStub                                 : loaded 2 times (x 69B)
Class com.google.protobuf.Descriptors$GenericDescriptor                               : loaded 2 times (x 74B)
Class org.jetbrains.kotlin.types.model.SimpleTypeMarker                               : loaded 2 times (x 69B)
Class org.jetbrains.kotlin.psi.KtLabelReferenceExpression                             : loaded 2 times (x 568B)
Class org.jetbrains.kotlin.psi.KtUnaryExpression                                      : loaded 2 times (x 501B)
Class org.jetbrains.kotlin.psi.stubs.KotlinClassOrObjectStub                          : loaded 2 times (x 69B)
Class org.apache.commons.io.FileExistsException                                       : loaded 2 times (x 81B)
Class org.jetbrains.kotlin.builtins.functions.FunctionTypeKind                        : loaded 2 times (x 76B)
Class org.jetbrains.kotlin.storage.LockBasedStorageManager$ExceptionHandlingStrategy$1: loaded 2 times (x 73B)
Class org.jetbrains.org.objectweb.asm.CurrentFrame                                    : loaded 2 times (x 72B)
Class com.android.ide.common.rendering.api.TextResourceValue                          : loaded 2 times (x 69B)
Class org.jetbrains.kotlin.serialization.deserialization.FlexibleTypeDeserializer$ThrowException: loaded 2 times (x 73B)
Class org.jetbrains.kotlin.load.kotlin.KotlinClassFinder                              : loaded 2 times (x 69B)
Class [Lcom.android.tools.analytics.Environment$SystemProperty;                       : loaded 2 times (x 68B)
Class org.jetbrains.kotlin.parsing.KotlinWhitespaceAndCommentsBindersKt               : loaded 2 times (x 70B)
Class org.jetbrains.kotlin.resolve.diagnostics.DiagnosticSuppressor                   : loaded 2 times (x 69B)
Class org.jetbrains.kotlin.serialization.deserialization.DeserializationConfiguration : loaded 2 times (x 69B)
Class com.google.wireless.android.sdk.stats.ComposeSampleEventOrBuilder               : loaded 2 times (x 69B)
Class com.google.protobuf.GeneratedMessageV3$BuilderParent                            : loaded 2 times (x 69B)
Class org.apache.commons.io.output.QueueOutputStream                                  : loaded 2 times (x 86B)
Class kotlin.annotation.AnnotationTarget                                              : loaded 2 times (x 78B)
Class com.google.wireless.android.sdk.stats.SurveyResponseOrBuilder                   : loaded 2 times (x 69B)
Class org.jetbrains.kotlin.resolve.checkers.ReservedMembersAndConstructsForValueClass$Companion: loaded 2 times (x 70B)
Class kotlin.text.Regex                                                               : loaded 2 times (x 71B)
Class org.jetbrains.kotlin.diagnostics.PositioningStrategies$WHEN_GUARD$1             : loaded 2 times (x 73B)
Class com.android.ide.common.resources.configuration.FolderConfiguration              : loaded 2 times (x 74B)
Class com.android.tools.lint.model.LintModelModuleLoader                              : loaded 2 times (x 69B)
Class [Lcom.android.tools.analytics.Environment$EnvironmentVariable;                  : loaded 2 times (x 68B)
Class com.google.wireless.android.sdk.stats.ScreenshotTestComposePreviewEventOrBuilder: loaded 2 times (x 69B)
Class [Lorg.jetbrains.kotlin.descriptors.EffectiveVisibility$Permissiveness;          : loaded 2 times (x 68B)
Class org.jetbrains.kotlin.load.java.structure.impl.source.JavaElementPsiSource       : loaded 2 times (x 72B)
Class org.jetbrains.kotlin.resolve.RequireKotlinConstants                             : loaded 2 times (x 70B)
Class org.jetbrains.kotlin.config.CompilerConfiguration                               : loaded 2 times (x 87B)
Class org.jetbrains.kotlin.resolve.calls.inference.ConstraintSystemTransaction        : loaded 2 times (x 72B)
Class org.jetbrains.kotlin.load.kotlin.KotlinJvmBinaryClass$MemberVisitor             : loaded 2 times (x 69B)
Class com.google.common.collect.Sets$FilteredSet                                      : loaded 2 times (x 136B)
Class [Lorg.jetbrains.kotlin.psi.KtFunction;                                          : loaded 2 times (x 68B)
Class [Lorg.jetbrains.kotlin.psi.KtExpression;                                        : loaded 2 times (x 68B)
Class [Lorg.jetbrains.kotlin.descriptors.annotations.AnnotationUseSiteTarget;         : loaded 2 times (x 68B)
Class org.jetbrains.kotlin.resolve.calls.checkers.SynchronizedByValueChecker          : loaded 2 times (x 73B)
Class org.jetbrains.kotlin.serialization.deserialization.ClassData                    : loaded 2 times (x 71B)
Class org.jetbrains.kotlin.cli.jvm.index.JavaRoot$RootType                            : loaded 2 times (x 78B)
Class it.unimi.dsi.fastutil.ints.IntCollection                                        : loaded 2 times (x 69B)
Class com.google.wireless.android.sdk.stats.AppQualityInsightsUsageEvent              : loaded 2 times (x 249B)
Class kotlin.collections.AbstractMap$Companion                                        : loaded 2 times (x 70B)
Class org.jetbrains.kotlin.asJava.KotlinAsJavaSupportBase                             : loaded 2 times (x 103B)
Class org.jetbrains.kotlin.storage.LockBasedStorageManager                            : loaded 2 times (x 107B)
Class org.apache.commons.io.output.StringBuilderWriter                                : loaded 2 times (x 99B)
Class [Lcom.android.resources.ScreenOrientation;                                      : loaded 2 times (x 68B)
Class [Lorg.jetbrains.kotlin.psi.KtImportInfo;                                        : loaded 2 times (x 68B)
Class kotlin.reflect.jvm.internal.KCallableImpl                                       : loaded 2 times (x 104B)
Class org.jetbrains.kotlin.resolve.calls.inference.model.ConstraintStorage            : loaded 2 times (x 69B)
Class org.jetbrains.kotlin.resolve.checkers.PrivateInlineFunctionsReturningAnonymousObjectsChecker: loaded 2 times (x 73B)
Class kotlin.properties.Delegates                                                     : loaded 2 times (x 70B)
Class org.jetbrains.kotlin.psi.KtElementImpl                                          : loaded 2 times (x 375B)
Class org.jetbrains.kotlin.psi.stubs.KotlinModifierListStub                           : loaded 2 times (x 69B)
Class org.jetbrains.kotlin.psi.KtFile$Companion                                       : loaded 2 times (x 70B)
Class org.objectweb.asm.SymbolTable                                                   : loaded 2 times (x 71B)
Class [Lorg.jetbrains.kotlin.psi.KtStringTemplateEntryWithExpression;                 : loaded 2 times (x 68B)
Class kotlin.reflect.KMutableProperty0                                                : loaded 2 times (x 69B)
Class com.android.tools.lint.model.PathVariables$Companion$PATH_COMPARATOR$1          : loaded 2 times (x 77B)
Class androidx.compose.runtime.lint.ComposableStateFlowValueDetector$createUastHandler$1: loaded 2 times (x 126B)
Class kotlin.reflect.KMutableProperty1                                                : loaded 2 times (x 69B)
Class com.android.tools.lint.model.PathVariables$Companion$PATH_COMPARATOR$2          : loaded 2 times (x 77B)
Class [Lorg.objectweb.asm.AnnotationVisitor;                                          : loaded 2 times (x 68B)
Class com.google.wireless.android.sdk.stats.BackupAndSyncEventOrBuilder               : loaded 2 times (x 69B)
Class org.jetbrains.kotlin.psi.KtConstructorDelegationCall                            : loaded 2 times (x 451B)
Class kotlin.reflect.KMutableProperty2                                                : loaded 2 times (x 69B)
Class com.android.tools.lint.model.PathVariables$Companion$PATH_COMPARATOR$3          : loaded 2 times (x 77B)
Class com.google.common.cache.CacheStats                                              : loaded 2 times (x 70B)
Class org.jetbrains.kotlin.psi.KtInstanceExpressionWithLabel                          : loaded 2 times (x 437B)
Class org.jetbrains.kotlin.psi.KtForExpression                                        : loaded 2 times (x 444B)
Class com.android.tools.lint.model.PathVariables$Companion$PATH_COMPARATOR$4          : loaded 2 times (x 77B)
Class com.google.wireless.android.sdk.stats.BuildOutputDownloadsInfoEvent             : loaded 2 times (x 200B)
Class com.google.protobuf.Internal$LongList                                           : loaded 2 times (x 69B)
Class kotlin.coroutines.jvm.internal.BaseContinuationImpl                             : loaded 2 times (x 86B)
Class it.unimi.dsi.fastutil.ints.IntSet                                               : loaded 2 times (x 69B)
Class org.jetbrains.kotlin.psi.stubs.KotlinConstantExpressionStub                     : loaded 2 times (x 69B)
Class org.jetbrains.kotlin.parsing.KotlinCommonParserDefinition                       : loaded 2 times (x 94B)
Class com.google.wireless.android.sdk.stats.CppHeadersViewEvent                       : loaded 2 times (x 198B)
Class com.google.wireless.android.sdk.stats.DirectAccessUsageEventOrBuilder           : loaded 2 times (x 69B)
Class com.android.ide.common.resources.configuration.ResourceQualifier                : loaded 2 times (x 87B)
Class com.google.wireless.android.sdk.stats.DefaultActivityLocatorStatsOrBuilder      : loaded 2 times (x 69B)
Class org.jetbrains.kotlin.config.CompilerConfigurationKey                            : loaded 2 times (x 71B)
Class com.android.tools.lint.model.LintModelMavenName$Companion                       : loaded 2 times (x 70B)
Class org.jetbrains.kotlin.psi.psiUtil.PsiUtilsKt$siblings$1$iterator$1               : loaded 2 times (x 78B)
Class org.gradle.internal.classloader.VisitableURLClassLoader                         : loaded 2 times (x 116B)
Class org.jetbrains.kotlin.resolve.checkers.SinceKotlinAnnotationValueChecker         : loaded 2 times (x 76B)
Class org.jetbrains.kotlin.psi.stubs.KotlinConstructorStub                            : loaded 2 times (x 69B)
Class com.google.common.cache.LocalCache$LocalLoadingCache                            : loaded 2 times (x 133B)
Class com.google.wireless.android.sdk.stats.AndroidProfilerEvent                      : loaded 2 times (x 281B)
Class org.jetbrains.kotlin.psi.KtDeclarationStub                                      : loaded 2 times (x 714B)
Class androidx.compose.runtime.lint.CompositionLocalNamingDetector$createUastHandler$1: loaded 2 times (x 126B)
Class com.google.wireless.android.sdk.stats.GarbageCollectionStats$Builder            : loaded 2 times (x 300B)
Class org.jetbrains.kotlin.util.AbstractArrayMapOwner                                 : loaded 2 times (x 80B)
Class [Lorg.jetbrains.kotlin.psi.KtDynamicType;                                       : loaded 2 times (x 68B)
Class kotlin.reflect.jvm.internal.RuntimeTypeMapper                                   : loaded 2 times (x 70B)
Class com.android.tools.analytics.HostData$garbageCollectorBeans$2                    : loaded 2 times (x 77B)
Class com.google.wireless.android.sdk.stats.ComposePreviewLiteModeEventOrBuilder      : loaded 2 times (x 69B)
Class com.google.common.collect.HashBiMap$BiEntry                                     : loaded 2 times (x 82B)
Class org.jetbrains.kotlin.psi.stubs.elements.KtStringTemplateExpressionElementType   : loaded 2 times (x 102B)
Class org.jetbrains.kotlin.diagnostics.PositioningStrategies$RETURN_WITH_LABEL$1      : loaded 2 times (x 73B)
Class com.google.wireless.android.sdk.stats.MemoryUsageReportEvent                    : loaded 2 times (x 211B)
Class org.jetbrains.kotlin.metadata.ProtoBuf$VersionRequirement                       : loaded 2 times (x 115B)
Class org.jetbrains.kotlin.descriptors.ModuleDescriptor                               : loaded 2 times (x 69B)
Class org.jetbrains.kotlin.load.java.structure.JavaElement                            : loaded 2 times (x 69B)
Class org.jetbrains.kotlin.storage.StorageManager                                     : loaded 2 times (x 69B)
Class org.jetbrains.kotlin.psi.stubs.KotlinUserTypeStub                               : loaded 2 times (x 69B)
Class org.jetbrains.org.objectweb.asm.Symbol                                          : loaded 2 times (x 72B)
Class com.google.wireless.android.sdk.stats.DaemonCodeAnalyzerFinishedEventOrBuilder  : loaded 2 times (x 69B)
Class [Lorg.jetbrains.kotlin.metadata.ProtoBuf$Effect$EffectType;                     : loaded 2 times (x 68B)
Class com.android.ide.common.gradle.Separator                                         : loaded 2 times (x 78B)
Class com.android.utils.EnvironmentProvider$DirectEnvironmentProvider                 : loaded 2 times (x 79B)
Class com.google.common.collect.ImmutableMultimap$Keys                                : loaded 2 times (x 165B)
Class com.google.common.util.concurrent.AbstractFuture$AtomicHelper                   : loaded 2 times (x 77B)
Class androidx.appcompat.BaseMethodDeprecationDetector$DeprecationCondition           : loaded 2 times (x 74B)
Class org.jetbrains.kotlin.resolve.calls.checkers.EqualityCallChecker                 : loaded 2 times (x 73B)
Class org.jetbrains.kotlin.asJava.KotlinAsJavaSupport$Companion                       : loaded 2 times (x 70B)
Class org.gradle.internal.Cast                                                        : loaded 2 times (x 70B)
Class com.google.protobuf.ByteString$CodedBuilder                                     : loaded 2 times (x 71B)
Class com.google.wireless.android.sdk.stats.BackupAndSyncEvent                        : loaded 2 times (x 196B)
Class com.android.ide.common.resources.configuration.KeyboardStateQualifier           : loaded 2 times (x 89B)
Class [Lorg.jetbrains.kotlin.psi.KtPropertyAccessor;                                  : loaded 2 times (x 68B)
Class com.google.wireless.android.sdk.stats.OSMetrics                                 : loaded 2 times (x 198B)
Class org.jetbrains.kotlin.load.java.structure.impl.JavaAnnotationImpl                : loaded 2 times (x 98B)
Class kotlin.reflect.KMutableProperty$Setter                                          : loaded 2 times (x 69B)
Class org.jetbrains.org.objectweb.asm.FieldWriter                                     : loaded 2 times (x 76B)
Class org.jetbrains.kotlin.builtins.FunctionTypesKt                                   : loaded 2 times (x 70B)
Class org.jetbrains.kotlin.diagnostics.PositioningStrategies$OPERATOR$1               : loaded 2 times (x 73B)
Class com.google.wireless.android.sdk.stats.LiveLiteralsEventOrBuilder                : loaded 2 times (x 69B)
Class org.jetbrains.kotlin.resolve.checkers.FunInterfaceDeclarationChecker            : loaded 2 times (x 73B)
Class com.android.tools.analytics.HostData                                            : loaded 2 times (x 70B)
Class org.jetbrains.kotlin.resolve.checkers.SealedInheritorInSamePackageChecker       : loaded 2 times (x 73B)
Class org.jetbrains.kotlin.metadata.ProtoBuf$QualifiedNameTable$1                     : loaded 2 times (x 143B)
Class kotlin.reflect.jvm.internal.ReflectionFactoryImpl                               : loaded 2 times (x 90B)
Class com.google.protobuf.Internal$BooleanList                                        : loaded 2 times (x 69B)
Class org.jetbrains.kotlin.load.java.structure.impl.JavaClassImpl$Companion           : loaded 2 times (x 70B)
Class org.gradle.api.internal.ClassPathRegistry                                       : loaded 2 times (x 69B)
Class androidx.appcompat.BaseMethodDeprecationDetector$SubClassOf                     : loaded 2 times (x 74B)
Class com.google.protobuf.Internal$EnumLite                                           : loaded 2 times (x 69B)
Class com.google.common.collect.RegularImmutableBiMap$Inverse                         : loaded 2 times (x 142B)
Class org.jetbrains.kotlin.load.java.typeEnhancement.SignatureEnhancementBuilder      : loaded 2 times (x 71B)
Class org.jetbrains.kotlin.metadata.builtins.BuiltInsBinaryVersion                    : loaded 2 times (x 73B)
Class org.jetbrains.kotlin.platform.TargetPlatformKt                                  : loaded 2 times (x 70B)
Class com.google.gson.stream.JsonReader                                               : loaded 2 times (x 96B)
Class org.jetbrains.kotlin.load.java.structure.impl.JavaAnnotationOwnerImpl           : loaded 2 times (x 69B)
Class com.google.common.cache.LocalCache$EntryFactory                                 : loaded 2 times (x 82B)
Class com.google.gson.stream.MalformedJsonException                                   : loaded 2 times (x 81B)
Class org.jetbrains.kotlin.container.InstanceComponentDescriptor                      : loaded 2 times (x 84B)
Class org.jetbrains.kotlin.metadata.jvm.JvmModuleProtoBuf$ModuleOrBuilder             : loaded 2 times (x 69B)
Class org.jetbrains.kotlin.cli.common.arguments.K2JVMCompilerArguments                : loaded 2 times (x 80B)
Class com.google.common.util.concurrent.UncheckedExecutionException                   : loaded 2 times (x 81B)
Class com.google.common.hash.Hasher                                                   : loaded 2 times (x 69B)
Class org.gradle.internal.classloader.VisitableURLClassLoader$InstrumentingVisitableURLClassLoader: loaded 2 times (x 122B)
Class kotlin.coroutines.jvm.internal.DebugProbesKt                                    : loaded 2 times (x 70B)
Class com.android.tools.lint.model.PathVariables                                      : loaded 2 times (x 71B)
Class org.gradle.internal.classloader.ClassLoaderHierarchy                            : loaded 2 times (x 69B)
Class com.google.wireless.android.sdk.stats.VfsRefresh                                : loaded 2 times (x 194B)
Class org.jetbrains.kotlin.cli.jvm.compiler.KotlinCliJavaFileManagerImplKt            : loaded 2 times (x 70B)
Class org.jetbrains.kotlin.psi.KtOperationExpression                                  : loaded 2 times (x 69B)
Class com.android.tools.lint.model.LintModelSerialization$LintModelSerializationFileAdapter$WhenMappings: loaded 2 times (x 70B)
Class org.jetbrains.kotlin.types.TypeCheckerState$SupertypesPolicy$UpperIfFlexible    : loaded 2 times (x 71B)
Class [Lorg.jetbrains.kotlin.psi.ValueArgumentName;                                   : loaded 2 times (x 68B)
Class org.jetbrains.kotlin.platform.TargetPlatformVersion                             : loaded 2 times (x 69B)
Class androidx.compose.animation.lint.AnimatedContentDetectorKt                       : loaded 2 times (x 70B)
Class org.jetbrains.kotlin.diagnostics.PositioningStrategies$IMPORT_LAST_BUT_ONE_NAME$1: loaded 2 times (x 73B)
Class com.google.wireless.android.sdk.stats.ResourceManagerEvent                      : loaded 2 times (x 196B)
Class org.jetbrains.kotlin.resolve.checkers.PrimitiveNumericComparisonCallChecker     : loaded 2 times (x 73B)
Class org.jetbrains.kotlin.config.LanguageFeature$Companion                           : loaded 2 times (x 70B)
Class org.jetbrains.kotlin.load.java.structure.JavaType                               : loaded 2 times (x 69B)
Class [Lorg.jetbrains.kotlin.lexer.KtSingleValueToken;                                : loaded 2 times (x 68B)
Class com.android.tools.lint.model.LintModelNamespacingMode                           : loaded 2 times (x 78B)
Class org.apache.commons.io.file.DeleteOption                                         : loaded 2 times (x 69B)
Class org.jetbrains.kotlin.metadata.ProtoBuf$PackageFragmentOrBuilder                 : loaded 2 times (x 69B)
Class org.jetbrains.kotlin.cli.jvm.modules.CliJavaModuleResolver                      : loaded 2 times (x 77B)
Class kotlin.jvm.internal.MutablePropertyReference                                    : loaded 2 times (x 118B)
Class org.jetbrains.kotlin.cli.jvm.compiler.MockInferredAnnotationsManager$Companion  : loaded 2 times (x 70B)
Class org.jetbrains.kotlin.types.model.TypeCheckerProviderContext                     : loaded 2 times (x 69B)
Class it.unimi.dsi.fastutil.longs.LongCollection                                      : loaded 2 times (x 69B)
Class kotlin.jvm.internal.MutablePropertyReference0Impl                               : loaded 2 times (x 136B)
Class com.google.wireless.android.sdk.stats.StudioProjectChange                       : loaded 2 times (x 194B)
Class com.google.wireless.android.sdk.stats.TestScenarioEventOrBuilder                : loaded 2 times (x 69B)
Class [Lorg.jetbrains.kotlin.psi.KtSecondaryConstructor;                              : loaded 2 times (x 68B)
Class com.android.tools.analytics.UsageTracker$log$1                                  : loaded 2 times (x 78B)
Class com.google.protobuf.Utf8                                                        : loaded 2 times (x 70B)
Class com.google.wireless.android.sdk.stats.MemorySettingsEventOrBuilder              : loaded 2 times (x 69B)
Class com.google.protobuf.MessageOrBuilder                                            : loaded 2 times (x 69B)
Class org.jetbrains.kotlin.serialization.deserialization.AbstractAnnotationLoader     : loaded 2 times (x 93B)
Class org.jetbrains.kotlin.utils.DFS$NodeHandler                                      : loaded 2 times (x 69B)
Class [Lorg.jetbrains.kotlin.psi.KtContractEffect;                                    : loaded 2 times (x 68B)
Class com.google.wireless.android.sdk.stats.WhatsNewAssistantUpdateEvent              : loaded 2 times (x 212B)
Class org.jetbrains.kotlin.resolve.calls.inference.components.ConstraintInjector$TypeCheckerStateForConstraintInjector: loaded 2 times (x 702B)
Class org.jetbrains.kotlin.resolve.jvm.TopPackageNamesProvider                        : loaded 2 times (x 69B)
Class org.jetbrains.kotlin.resolve.calls.inference.components.ConstraintInjector      : loaded 2 times (x 71B)
Class org.jetbrains.kotlin.diagnostics.PositioningStrategies$CALL_ELEMENT$1           : loaded 2 times (x 73B)
Class com.google.wireless.android.sdk.stats.GradleFailureDetailsOrBuilder             : loaded 2 times (x 69B)
Class kotlin.collections.builders.MapBuilder                                          : loaded 2 times (x 111B)
Class org.jetbrains.kotlin.cli.jvm.compiler.KotlinCoreApplicationEnvironmentMode      : loaded 2 times (x 69B)
Class org.jetbrains.kotlin.load.java.typeEnhancement.JavaTypeQualifiers               : loaded 2 times (x 71B)
Class org.jetbrains.kotlin.diagnostics.PositioningStrategies$SPECIAL_CONSTRUCT_TOKEN$1: loaded 2 times (x 73B)
Class com.google.wireless.android.sdk.stats.SoongRunEvent                             : loaded 2 times (x 203B)
Class com.google.wireless.android.sdk.stats.StartupPerformanceFrameBecameVisibleEvent : loaded 2 times (x 198B)
Class org.jetbrains.kotlin.resolve.jvm.JvmTypeSpecificityComparator                   : loaded 2 times (x 76B)
Class kotlin.text.CharsKt__CharKt                                                     : loaded 2 times (x 70B)
Class com.google.common.collect.LinkedListMultimap$KeyList                            : loaded 2 times (x 71B)
Class [Lorg.jetbrains.kotlin.psi.KtQualifiedExpression;                               : loaded 2 times (x 68B)
Class org.jetbrains.kotlin.cli.jvm.compiler.KotlinCoreEnvironment$Companion           : loaded 2 times (x 70B)
Class com.google.common.collect.Lists$ReverseList                                     : loaded 2 times (x 161B)
Class com.google.wireless.android.sdk.stats.SmlChatBotEvent                           : loaded 2 times (x 236B)
Class org.jetbrains.kotlin.load.java.typeEnhancement.TypeEnhancementUtilsKt           : loaded 2 times (x 70B)
Class com.google.wireless.android.sdk.stats.ConnectionAssistantEventOrBuilder         : loaded 2 times (x 69B)
Class org.jetbrains.kotlin.resolve.calls.inference.components.TrivialConstraintTypeInferenceOracle: loaded 2 times (x 546B)
Class [Lcom.android.tools.lint.model.LintModelSerialization$TargetFile;               : loaded 2 times (x 68B)
Class com.google.wireless.android.sdk.stats.LogcatUsageEvent                          : loaded 2 times (x 207B)
Class org.jetbrains.kotlin.util.AttributeArrayOwner                                   : loaded 2 times (x 81B)
Class org.jetbrains.kotlin.serialization.deserialization.ProtoContainer$Class         : loaded 2 times (x 73B)
Class jdk.internal.jimage.ImageReader                                                 : loaded 2 times (x 74B)
Class com.google.wireless.android.sdk.stats.SmlTransformEvent                         : loaded 2 times (x 216B)
Class com.google.wireless.android.sdk.stats.BrowserSurveyEventOrBuilder               : loaded 2 times (x 69B)
Class [Lorg.jetbrains.kotlin.psi.KtConstructorCalleeExpression;                       : loaded 2 times (x 68B)
Class org.jetbrains.kotlin.diagnostics.PositioningStrategies$FUNCTION_PARAMETERS$1    : loaded 2 times (x 73B)
Class kotlin.collections.ReversedList$listIterator$1                                  : loaded 2 times (x 93B)
Class org.jetbrains.kotlin.diagnostics.PositioningStrategies$TYPE_ARGUMENT_LIST_OR_SELF$1: loaded 2 times (x 73B)
Class com.google.protobuf.ByteString$LiteralByteString                                : loaded 2 times (x 105B)
Class org.jetbrains.kotlin.psi.KtParenthesizedExpression                              : loaded 2 times (x 437B)
Class kotlinx.coroutines.DefaultExecutor                                              : loaded 2 times (x 119B)
Class com.google.protobuf.MapField                                                    : loaded 2 times (x 88B)
Class org.jetbrains.kotlin.psi.KtPsiUtil$1                                            : loaded 2 times (x 304B)
Class kotlin.reflect.jvm.internal.KMutableProperty0Impl                               : loaded 2 times (x 134B)
Class org.jetbrains.kotlin.mpp.RegularClassSymbolMarker                               : loaded 2 times (x 69B)
Class org.jetbrains.kotlin.resolve.calls.checkers.DeprecatedCallChecker               : loaded 2 times (x 73B)
Class org.jetbrains.kotlin.psi.KtPsiUtil$2                                            : loaded 2 times (x 304B)
Class org.jetbrains.kotlin.psi.stubs.KotlinCollectionLiteralExpressionStub            : loaded 2 times (x 69B)
Class org.jetbrains.kotlin.types.KotlinType                                           : loaded 2 times (x 82B)
Class com.google.wireless.android.sdk.stats.SetupWizardEvent                          : loaded 2 times (x 211B)
Class com.google.wireless.android.sdk.stats.SuggestedImportEventOrBuilder             : loaded 2 times (x 69B)
Class org.jetbrains.kotlin.types.AbstractTypeMapper                                   : loaded 2 times (x 70B)
Class [Lcom.android.prefs.Global;                                                     : loaded 2 times (x 68B)
Class [Lorg.jetbrains.kotlin.contracts.description.EventOccurrencesRange;             : loaded 2 times (x 68B)
Class [Lorg.jetbrains.kotlin.resolve.calls.checkers.CallChecker;                      : loaded 2 times (x 68B)
Class org.jetbrains.kotlin.resolve.checkers.ActualClassifierMustHasTheSameMembersAsNonFinalExpectClassifierChecker: loaded 2 times (x 73B)
Class [Lorg.jetbrains.kotlin.serialization.deserialization.descriptors.DeserializedContainerAbiStability;: loaded 2 times (x 68B)
Class kotlin.sequences.TransformingSequence$iterator$1                                : loaded 2 times (x 78B)
Class com.google.common.collect.Lists$ReverseList$1                                   : loaded 2 times (x 98B)
Class org.jetbrains.kotlin.diagnostics.PositioningStrategies$DeclarationHeader        : loaded 2 times (x 73B)
Class org.jetbrains.kotlin.psi.KtDelegatedSuperTypeEntry                              : loaded 2 times (x 448B)
Class org.jetbrains.kotlin.psi.stubs.KotlinPropertyStub                               : loaded 2 times (x 69B)
Class com.google.protobuf.AbstractMessage$Builder                                     : loaded 2 times (x 256B)
Class [Lorg.jetbrains.kotlin.types.model.SimpleTypeMarker;                            : loaded 2 times (x 68B)
Class com.android.tools.lint.model.LintModelSourceProvider                            : loaded 2 times (x 69B)
Class org.jetbrains.kotlin.load.kotlin.PackagePartClassUtils                          : loaded 2 times (x 70B)
Class com.google.common.cache.Weigher                                                 : loaded 2 times (x 69B)
Class com.android.sdklib.SdkVersionInfo                                               : loaded 2 times (x 70B)
Class kotlin.jvm.internal.StringCompanionObject                                       : loaded 2 times (x 70B)
Class com.android.ide.common.resources.configuration.NightModeQualifier               : loaded 2 times (x 89B)
Class org.jetbrains.kotlin.asJava.classes.ImplUtilsKt                                 : loaded 2 times (x 70B)
Class org.jetbrains.kotlin.parsing.AbstractKotlinParsing                              : loaded 2 times (x 100B)
Class com.google.protobuf.AbstractMessageLite$Builder$LimitedInputStream              : loaded 2 times (x 91B)
Class kotlin.coroutines.jvm.internal.SuspendLambda                                    : loaded 2 times (x 90B)
Class org.jetbrains.kotlin.parsing.KotlinParsing                                      : loaded 2 times (x 123B)
Class [Lorg.jetbrains.kotlin.diagnostics.rendering.LanguageFeatureMessageRenderer$Type;: loaded 2 times (x 68B)
Class [Lorg.jetbrains.kotlin.name.Name;                                               : loaded 2 times (x 68B)
Class com.google.wireless.android.sdk.stats.LLDBFrontendDetails                       : loaded 2 times (x 194B)
Class it.unimi.dsi.fastutil.objects.ReferenceSet                                      : loaded 2 times (x 69B)
Class org.gradle.internal.InternalTransformer                                         : loaded 2 times (x 69B)
Class org.jetbrains.kotlin.descriptors.EffectiveVisibility$Public                     : loaded 2 times (x 74B)
Class org.jetbrains.kotlin.psi.stubs.KotlinNameReferenceExpressionStub                : loaded 2 times (x 69B)
Class org.jetbrains.kotlin.cli.jvm.compiler.DummyJavaFileCodeStyleFacadeFactory       : loaded 2 times (x 73B)
Class org.apache.commons.io.output.NullOutputStream                                   : loaded 2 times (x 84B)
Class com.google.wireless.android.sdk.stats.GcPauseEvent                              : loaded 2 times (x 200B)
Class com.google.protobuf.ExtensionRegistry$ExtensionInfo                             : loaded 2 times (x 71B)
Class org.jetbrains.kotlin.resolve.calls.inference.model.LambdaArgumentConstraintPosition: loaded 2 times (x 71B)
Class com.google.protobuf.AbstractMessage$BuilderParent                               : loaded 2 times (x 69B)
Class org.jetbrains.kotlin.psi.KtStringTemplateEntry                                  : loaded 2 times (x 445B)
Class org.jetbrains.kotlin.psi.KtClassLiteralExpression                               : loaded 2 times (x 580B)
Class [Lorg.jetbrains.kotlin.psi.KtConstructor;                                       : loaded 2 times (x 68B)
Class org.jetbrains.kotlin.types.model.TypeSystemContextHelpersKt                     : loaded 2 times (x 70B)
Class com.google.wireless.android.sdk.stats.AdbServerStatusOrBuilder                  : loaded 2 times (x 69B)
Class org.jetbrains.kotlin.psi.stubs.elements.KtValueArgumentListElementType          : loaded 2 times (x 102B)
Class kotlin.reflect.jvm.internal.impl.builtins.StandardNames$FqNames                 : loaded 2 times (x 70B)
Class org.gradle.internal.service.ServiceLocator                                      : loaded 2 times (x 69B)
Class com.google.wireless.android.sdk.stats.StudioRunEvent                            : loaded 2 times (x 233B)
Class com.google.wireless.android.sdk.stats.SdkIndexLibraryDetailsOrBuilder           : loaded 2 times (x 69B)
Class com.google.common.hash.Hashing                                                  : loaded 2 times (x 70B)
Class Settings_gradle$1                                                               : loaded 2 times (x 74B)
Class org.jetbrains.kotlin.resolve.calls.inference.NewConstraintSystem                : loaded 2 times (x 69B)
Class org.jetbrains.kotlin.types.model.TypeSystemBuiltInsContext                      : loaded 2 times (x 69B)
Class it.unimi.dsi.fastutil.Stack                                                     : loaded 2 times (x 69B)
Class org.jetbrains.kotlin.diagnostics.PositioningStrategies$DELEGATOR_SUPER_CALL$1   : loaded 2 times (x 73B)
Class com.google.wireless.android.sdk.stats.BuildOutputDownloadsInfoEventOrBuilder    : loaded 2 times (x 69B)
Class com.google.wireless.android.sdk.stats.DeviceScreenshotEvent                     : loaded 2 times (x 196B)
Class com.google.wireless.android.sdk.stats.GradleJdkConfigurationEventOrBuilder      : loaded 2 times (x 69B)
Class org.jetbrains.kotlin.config.MavenComparableVersion                              : loaded 2 times (x 77B)
Class org.jetbrains.kotlin.load.java.structure.impl.source.JavaSourceFactoryOwner     : loaded 2 times (x 69B)
Class com.google.common.util.concurrent.SettableFuture                                : loaded 2 times (x 96B)
Class com.google.wireless.android.sdk.stats.EditorNotificationOrBuilder               : loaded 2 times (x 69B)
Class org.jetbrains.kotlin.load.java.structure.impl.JavaElementImpl                   : loaded 2 times (x 84B)
Class org.jetbrains.kotlin.load.java.AbstractJavaClassFinder$FilterOutKotlinSourceFilesScope: loaded 2 times (x 107B)
Class org.jetbrains.kotlin.load.kotlin.JvmPackagePartProviderBase$ModuleMappingInfo   : loaded 2 times (x 71B)
Class [Lorg.jetbrains.kotlin.psi.KtBlockStringTemplateEntry;                          : loaded 2 times (x 68B)
Class org.jetbrains.kotlin.load.java.structure.JavaClassObjectAnnotationArgument      : loaded 2 times (x 69B)
Class com.android.ide.common.resources.ResourceMergerItem                             : loaded 2 times (x 135B)
Class org.jetbrains.kotlin.resolve.calls.inference.model.NewConstraintSystemImpl$State: loaded 2 times (x 78B)
Class org.jetbrains.kotlin.cli.jvm.index.JvmDependenciesIndexImpl$WhenMappings        : loaded 2 times (x 70B)
Class com.android.tools.lint.model.DefaultLintModelModuleLibrary                      : loaded 2 times (x 92B)
Class kotlin.sequences.SequencesKt___SequencesKt$flatMap$1                            : loaded 2 times (x 124B)
Class org.jetbrains.kotlin.metadata.ProtoBuf$Annotation$Argument$1                    : loaded 2 times (x 143B)
Class org.jetbrains.kotlin.config.LanguageFeature$Kind                                : loaded 2 times (x 78B)
Class org.jetbrains.kotlin.storage.SimpleLock                                         : loaded 2 times (x 69B)
Class kotlin.sequences.SequencesKt___SequencesKt$flatMap$2                            : loaded 2 times (x 124B)
Class org.jetbrains.kotlin.mpp.TypeAliasSymbolMarker                                  : loaded 2 times (x 69B)
Class com.google.common.collect.Maps$EntryFunction                                    : loaded 2 times (x 90B)
Class com.google.common.reflect.Types$ParameterizedTypeImpl                           : loaded 2 times (x 80B)
Class org.jetbrains.kotlin.load.kotlin.ModuleMappingUtilKt                            : loaded 2 times (x 70B)
Class org.jetbrains.kotlin.psi.KtClassOrObject                                        : loaded 2 times (x 1102B)
Class org.jetbrains.kotlin.resolve.checkers.SealedInheritorInSameModuleChecker        : loaded 2 times (x 73B)
Class kotlin.coroutines.jvm.internal.CoroutineStackFrame                              : loaded 2 times (x 69B)
Class org.jetbrains.kotlin.resolve.calls.checkers.InlineCheckerWrapper                : loaded 2 times (x 74B)
Class org.jetbrains.kotlin.storage.NotNullLazyValue                                   : loaded 2 times (x 69B)
Class [Lkotlin.reflect.jvm.internal.impl.builtins.PrimitiveType;                      : loaded 2 times (x 68B)
Class com.android.tools.lint.model.LintModelAndroidLibrary                            : loaded 2 times (x 69B)
Class com.google.gson.internal.JsonReaderInternalAccess                               : loaded 2 times (x 71B)
Class org.jetbrains.kotlin.resolve.checkers.MissingDependencySupertypeChecker$ForCalls: loaded 2 times (x 73B)
Class org.jetbrains.kotlin.config.AnalysisFlag$Delegates$ApiModeDisabledByDefault     : loaded 2 times (x 70B)
Class kotlin.internal.ProgressionUtilKt                                               : loaded 2 times (x 70B)
Class org.jetbrains.kotlin.descriptors.EffectiveVisibility                            : loaded 2 times (x 74B)
Class org.jetbrains.kotlin.metadata.ProtoBuf$VersionRequirement$VersionKind$1         : loaded 2 times (x 73B)
Class com.google.wireless.android.sdk.stats.IntelliJNewUISwitch                       : loaded 2 times (x 196B)
Class com.google.protobuf.GeneratedMessageV3$Builder                                  : loaded 2 times (x 277B)
Class com.google.common.collect.HashBasedTable                                        : loaded 2 times (x 123B)
Class com.google.common.collect.HashBiMap                                             : loaded 2 times (x 142B)
Class [Lorg.jetbrains.kotlin.psi.KtVariableDeclaration;                               : loaded 2 times (x 68B)
Class org.jetbrains.org.objectweb.asm.tree.LookupSwitchInsnNode                       : loaded 2 times (x 77B)
Class [Lorg.jetbrains.kotlin.load.java.ReportLevel;                                   : loaded 2 times (x 68B)
Class com.android.tools.lint.model.LintModelJavaArtifact                              : loaded 2 times (x 69B)
Class [Lcom.android.tools.lint.model.LintModelArtifactType;                           : loaded 2 times (x 68B)
Class org.jetbrains.org.objectweb.asm.tree.AnnotationNode                             : loaded 2 times (x 78B)
Class kotlin.io.TerminateException                                                    : loaded 2 times (x 81B)
Class com.google.wireless.android.sdk.stats.JourneyEngineErrorEvent                   : loaded 2 times (x 194B)
Class org.jetbrains.kotlin.types.AbstractTypeChecker$WhenMappings                     : loaded 2 times (x 70B)
Class org.jetbrains.kotlin.parsing.KotlinParsing$NameParsingMode                      : loaded 2 times (x 78B)
Class org.jetbrains.kotlin.cli.jvm.modules.JavaModuleGraph$module$1                   : loaded 2 times (x 124B)
Class org.jetbrains.org.objectweb.asm.ModuleVisitor                                   : loaded 2 times (x 79B)
Class org.jetbrains.kotlin.load.java.typeEnhancement.SignatureEnhancementBuilder$ClassEnhancementBuilder$FunctionEnhancementBuilder: loaded 2 times (x 71B)
Class kotlin.reflect.jvm.internal.KDeclarationContainerImpl                           : loaded 2 times (x 83B)
Class org.jetbrains.kotlin.cli.jvm.compiler.KotlinCoreApplicationEnvironment          : loaded 2 times (x 93B)
Class kotlin.collections.AbstractList$IteratorImpl                                    : loaded 2 times (x 81B)
Class com.android.tools.lint.model.LintModelAndroidArtifact                           : loaded 2 times (x 69B)
Class com.google.common.reflect.Types$JavaVersion$1                                   : loaded 2 times (x 82B)
Class com.google.common.collect.ImmutableMultiset                                     : loaded 2 times (x 162B)
Class com.google.wireless.android.sdk.stats.DialogStats                               : loaded 2 times (x 198B)
Class com.google.wireless.android.sdk.stats.ComposeDeployEventOrBuilder               : loaded 2 times (x 69B)
Class [Lorg.jetbrains.kotlin.config.LanguageVersion;                                  : loaded 2 times (x 68B)
Class org.jetbrains.kotlin.util.ModuleVisibilityHelper                                : loaded 2 times (x 69B)
Class com.google.common.reflect.Types$JavaVersion$2                                   : loaded 2 times (x 82B)
Class com.google.wireless.android.sdk.stats.JourneyEngineErrorEventOrBuilder          : loaded 2 times (x 69B)
Class [Lorg.objectweb.asm.Label;                                                      : loaded 2 times (x 68B)
Class org.jetbrains.kotlin.psi.KtFunctionType                                         : loaded 2 times (x 514B)
Class [Lorg.jetbrains.kotlin.psi.KtDeclarationWithInitializer;                        : loaded 2 times (x 68B)
Class com.google.common.reflect.Types$JavaVersion$3                                   : loaded 2 times (x 82B)
Class org.gradle.internal.classpath.DefaultClassPath$ImmutableUniqueList              : loaded 2 times (x 160B)
Class org.jetbrains.kotlin.types.TypeApproximatorConfiguration$IncorporationConfiguration: loaded 2 times (x 87B)
Class com.google.common.reflect.Types$JavaVersion$4                                   : loaded 2 times (x 82B)
Class org.jetbrains.kotlin.kdoc.parser.KDocElementType                                : loaded 2 times (x 75B)
Class com.google.common.reflect.Types$JavaVersion$5                                   : loaded 2 times (x 70B)
Class jdk.internal.jimage.ImageBufferCache                                            : loaded 2 times (x 70B)
Class org.jetbrains.kotlin.container.ContainerKt                                      : loaded 2 times (x 70B)
Class com.google.common.base.CharMatcher$JavaLetter                                   : loaded 2 times (x 110B)
Class org.jetbrains.kotlin.load.java.AnnotationQualifierApplicabilityType             : loaded 2 times (x 78B)
Class com.google.common.collect.ImmutableMultimap$1                                   : loaded 2 times (x 81B)
Class org.jetbrains.kotlin.psi.KtAnnotationUseSiteTarget                              : loaded 2 times (x 444B)
Class com.google.common.collect.ImmutableMultimap$2                                   : loaded 2 times (x 80B)
Class org.jetbrains.kotlin.resolve.calls.inference.model.MutableVariableWithConstraints$WhenMappings: loaded 2 times (x 70B)
Class com.android.tools.lint.model.DefaultLintModelBuildFeatures                      : loaded 2 times (x 76B)
Class com.google.protobuf.PrimitiveNonBoxingCollection                                : loaded 2 times (x 69B)
Class [Lorg.jetbrains.kotlin.resolve.jvm.NotFoundPackagesCachingStrategy$CacheType;   : loaded 2 times (x 68B)
Class org.jetbrains.kotlin.resolve.checkers.RequireKotlinAnnotationValueChecker       : loaded 2 times (x 76B)
Class org.jetbrains.kotlin.psi.KtImportInfo$ImportContent$ExpressionBased             : loaded 2 times (x 71B)
Class com.android.tools.analytics.Environment$EnvironmentVariable                     : loaded 2 times (x 78B)
Class org.gradle.internal.classpath.TransformedClassPath                              : loaded 2 times (x 95B)
Class org.jetbrains.kotlin.resolve.jvm.AsmTypes                                       : loaded 2 times (x 70B)
Class com.google.common.io.Resources                                                  : loaded 2 times (x 70B)
Class com.google.wireless.android.sdk.stats.AndroidViewShowBuildFilesInModuleEvent    : loaded 2 times (x 194B)
Class org.jetbrains.kotlin.types.model.TypeSystemContextKt$WhenMappings               : loaded 2 times (x 70B)
Class org.jetbrains.kotlin.diagnostics.PositioningStrategies$CALL_ELEMENT_WITH_DOT$1  : loaded 2 times (x 73B)
Class org.jetbrains.kotlin.resolve.deprecation.DeprecationLevelValue                  : loaded 2 times (x 78B)
Class org.jetbrains.kotlin.types.model.KotlinTypeMarker                               : loaded 2 times (x 69B)
Class com.google.wireless.android.sdk.stats.UserIdResetEvent                          : loaded 2 times (x 194B)
Class com.google.wireless.android.sdk.stats.SmlCompletionRequestErrorEventOrBuilder   : loaded 2 times (x 69B)
Class [Lorg.jetbrains.kotlin.resolve.calls.inference.model.ConstraintKind;            : loaded 2 times (x 68B)
Class org.jetbrains.kotlin.psi.KtFunctionLiteral                                      : loaded 2 times (x 1199B)
Class org.jetbrains.kotlin.resolve.calls.results.SimpleConstraintSystem               : loaded 2 times (x 69B)
Class com.android.ide.common.resources.configuration.ScreenRoundQualifier             : loaded 2 times (x 90B)
Class it.unimi.dsi.fastutil.longs.LongIterable                                        : loaded 2 times (x 69B)
Class [Lorg.jetbrains.kotlin.name.FqName;                                             : loaded 2 times (x 68B)
Class com.android.ide.common.repository.AgpVersion$Companion$WhenMappings             : loaded 2 times (x 70B)
Class com.google.common.reflect.TypeToken$SimpleTypeToken                             : loaded 2 times (x 72B)
Class org.jetbrains.kotlin.resolve.jvm.KotlinJavaPsiFacade$PackageCache               : loaded 2 times (x 72B)
Class org.jetbrains.kotlin.resolve.calls.checkers.CustomEnumEntriesMigrationCallChecker: loaded 2 times (x 73B)
Class org.jetbrains.kotlin.serialization.DescriptorSerializerPlugin                   : loaded 2 times (x 69B)
Class org.jetbrains.kotlin.psi.KtFunctionTypeReceiver                                 : loaded 2 times (x 445B)
Class org.jetbrains.kotlin.psi.stubs.impl.KotlinTypeBean                              : loaded 2 times (x 69B)
Class androidx.compose.lint.Names$Animation                                           : loaded 2 times (x 70B)
Class org.jetbrains.kotlin.resolve.checkers.DeclarationChecker                        : loaded 2 times (x 69B)
Class kotlin.reflect.jvm.internal.impl.builtins.PrimitiveType$$Lambda$0               : loaded 2 times (x 75B)
Class com.google.common.util.concurrent.AbstractFuture$Trusted                        : loaded 2 times (x 69B)
Class [Landroidx.appcompat.BaseMethodDeprecationDetector$Predicate;                   : loaded 2 times (x 68B)
Class kotlin.reflect.jvm.internal.impl.builtins.PrimitiveType$$Lambda$1               : loaded 2 times (x 75B)
Class org.jetbrains.kotlin.diagnostics.PositioningStrategies$USELESS_ELVIS$1          : loaded 2 times (x 73B)
Class org.jetbrains.kotlin.resolve.calls.checkers.BuilderInferenceAssignmentChecker   : loaded 2 times (x 73B)
Class org.jetbrains.kotlin.resolve.checkers.TailrecFunctionChecker                    : loaded 2 times (x 73B)
Class org.jetbrains.kotlin.storage.DefaultSimpleLock                                  : loaded 2 times (x 77B)
Class org.jetbrains.kotlin.parsing.TokenStreamPattern                                 : loaded 2 times (x 69B)
Class kotlin.LazyThreadSafetyMode                                                     : loaded 2 times (x 78B)
Class org.jetbrains.kotlin.cli.common.messages.CompilerMessageSourceLocation          : loaded 2 times (x 69B)
Class kotlinx.coroutines.scheduling.CoroutineScheduler$Worker                         : loaded 2 times (x 91B)
Class com.android.tools.lint.model.LintModelModule                                    : loaded 2 times (x 69B)
Class kotlin.text.MatcherMatchResult$groups$1                                         : loaded 2 times (x 150B)
Class org.jetbrains.kotlin.build.report.metrics.BuildTime                             : loaded 2 times (x 69B)
Class com.android.tools.analytics.AnalyticsSettings$optedIn$1                         : loaded 2 times (x 77B)
Class com.android.tools.analytics.AnalyticsSettings                                   : loaded 2 times (x 70B)
Class [Lorg.jetbrains.kotlin.load.java.SpecialGenericSignatures$TypeSafeBarrierDescription;: loaded 2 times (x 68B)
Class com.google.wireless.android.sdk.stats.SafeModeStatsEventOrBuilder               : loaded 2 times (x 69B)
Class kotlin.jvm.internal.markers.KMutableMap$Entry                                   : loaded 2 times (x 69B)
Class [Lcom.android.tools.lint.model.LintModelArtifact;                               : loaded 2 times (x 68B)
Class com.google.common.reflect.Types$NativeTypeVariableEquals                        : loaded 2 times (x 70B)
Class Settings_gradle                                                                 : loaded 2 times (x 127B)
Class [Lorg.jetbrains.kotlin.psi.KtPureClassOrObject;                                 : loaded 2 times (x 68B)
Class kotlin.jvm.functions.Function10                                                 : loaded 2 times (x 69B)
Class com.google.protobuf.CodedOutputStream$SafeDirectNioEncoder                      : loaded 2 times (x 109B)
Class it.unimi.dsi.fastutil.objects.Object2IntFunction                                : loaded 2 times (x 69B)
Class kotlin.jvm.functions.Function11                                                 : loaded 2 times (x 69B)
Class kotlin.collections.ArraysKt___ArraysKt$asSequence$$inlined$Sequence$1           : loaded 2 times (x 74B)
Class org.jetbrains.kotlin.load.java.structure.JavaMember                             : loaded 2 times (x 69B)
Class kotlin.jvm.functions.Function12                                                 : loaded 2 times (x 69B)
Class kotlin.coroutines.intrinsics.CoroutineSingletons                                : loaded 2 times (x 78B)
Class com.google.wireless.android.sdk.stats.SoongRunEventOrBuilder                    : loaded 2 times (x 69B)
Class com.google.wireless.android.sdk.stats.StartupPerformanceFrameBecameVisibleEventOrBuilder: loaded 2 times (x 69B)
Class org.jetbrains.kotlin.cli.jvm.modules.CliJavaModuleFinder                        : loaded 2 times (x 74B)
Class kotlin.jvm.functions.Function13                                                 : loaded 2 times (x 69B)
Class kotlin.reflect.jvm.internal.ComputableClassValue                                : loaded 2 times (x 79B)
Class com.android.utils.StringHelper                                                  : loaded 2 times (x 70B)
Class kotlin.jvm.functions.Function14                                                 : loaded 2 times (x 69B)
Class kotlin.jvm.functions.Function15                                                 : loaded 2 times (x 69B)
Class org.jetbrains.kotlin.diagnostics.PositioningStrategies$IMPORT_ALIAS$1           : loaded 2 times (x 73B)
Class com.google.wireless.android.sdk.stats.AdbServerStatus                           : loaded 2 times (x 206B)
Class com.google.wireless.android.sdk.stats.DeclarativeWatchFaceEventOrBuilder        : loaded 2 times (x 69B)
Class org.jetbrains.kotlin.resolve.calls.model.PostponedCallableReferenceMarker       : loaded 2 times (x 69B)
Class org.jetbrains.kotlin.metadata.deserialization.ProtoTypeTableUtilKt              : loaded 2 times (x 70B)
Class kotlin.jvm.functions.Function16                                                 : loaded 2 times (x 69B)
Class org.jetbrains.kotlin.cli.jvm.compiler.JavaLanguageLevelKt                       : loaded 2 times (x 70B)
Class com.android.utils.StdLogger$Level                                               : loaded 2 times (x 78B)
Class com.google.wireless.android.sdk.stats.GradleSyncIssueOrBuilder                  : loaded 2 times (x 69B)
Class org.jetbrains.kotlin.codegen.signature.BothSignatureWriter$1                    : loaded 2 times (x 70B)
Class org.jetbrains.kotlin.resolve.calls.util.UnderscoreUtilKt                        : loaded 2 times (x 70B)
Class org.jetbrains.kotlin.types.TypeApproximatorConfiguration$LocalDeclaration       : loaded 2 times (x 86B)
Class org.jetbrains.kotlin.resolve.calls.checkers.VarargWrongExecutionOrderChecker    : loaded 2 times (x 73B)
Class kotlin.jvm.functions.Function17                                                 : loaded 2 times (x 69B)
Class org.jetbrains.kotlin.descriptors.DelegatedDescriptorVisibility                  : loaded 2 times (x 78B)
Class org.jetbrains.kotlin.resolve.checkers.MissingDependencySupertypeChecker$ForDeclarations: loaded 2 times (x 73B)
Class com.android.resources.UiMode                                                    : loaded 2 times (x 86B)
Class org.jetbrains.kotlin.metadata.ProtoBuf$QualifiedNameTableOrBuilder              : loaded 2 times (x 69B)
Class kotlin.jvm.functions.Function18                                                 : loaded 2 times (x 69B)
Class kotlin.jvm.functions.Function19                                                 : loaded 2 times (x 69B)
Class com.google.wireless.android.sdk.stats.EmulatorPerformanceStats                  : loaded 2 times (x 213B)
Class com.google.wireless.android.sdk.stats.GcPauseEventOrBuilder                     : loaded 2 times (x 69B)
Class com.google.protobuf.Descriptors$FieldDescriptor                                 : loaded 2 times (x 87B)
Class org.jetbrains.kotlin.name.StandardClassIds$Annotations$ParameterNames           : loaded 2 times (x 70B)
Class com.google.wireless.android.sdk.stats.CMakeEditingEventOrBuilder                : loaded 2 times (x 69B)
Class org.jetbrains.kotlin.util.EmptyArrayMap                                         : loaded 2 times (x 82B)
Class org.jetbrains.kotlin.parsing.ParseUtilsKt                                       : loaded 2 times (x 70B)
Class com.google.common.collect.Multimaps                                             : loaded 2 times (x 70B)
Class org.jetbrains.kotlin.load.java.typeEnhancement.PredefinedFunctionEnhancementInfo: loaded 2 times (x 71B)
Class org.jetbrains.kotlin.descriptors.annotations.KotlinTarget                       : loaded 2 times (x 79B)
Class kotlin.jdk7.AutoCloseableKt                                                     : loaded 2 times (x 70B)
Class org.jetbrains.kotlin.metadata.ProtoBuf$PackageFragment                          : loaded 2 times (x 124B)
Class org.jetbrains.kotlin.psi.KtTypeArgumentList                                     : loaded 2 times (x 447B)
Class org.jetbrains.kotlin.psi.KtTypeParameterList                                    : loaded 2 times (x 447B)
Class kotlin.coroutines.intrinsics.IntrinsicsKt                                       : loaded 2 times (x 70B)
Class org.jetbrains.kotlin.lexer._JetLexer$State                                      : loaded 2 times (x 70B)
Class it.unimi.dsi.fastutil.objects.ObjectSet                                         : loaded 2 times (x 69B)
Class com.google.wireless.android.sdk.stats.JavaProcessStats$Builder                  : loaded 2 times (x 306B)
Class com.google.wireless.android.sdk.stats.AdbDelegateUsageEvent                     : loaded 2 times (x 198B)
Class [Lorg.jetbrains.kotlin.psi.KtSuperTypeEntry;                                    : loaded 2 times (x 68B)
Class kotlin.jvm.internal.markers.KMutableListIterator                                : loaded 2 times (x 69B)
Class kotlin.reflect.jvm.internal.impl.builtins.PrimitiveType$Companion               : loaded 2 times (x 70B)
Class [Lcom.android.tools.analytics.JournalingUsageTracker$State;                     : loaded 2 times (x 68B)
Class org.jetbrains.kotlin.types.AbstractNullabilityChecker                           : loaded 2 times (x 70B)
Class org.jetbrains.kotlin.psi.stubs.KotlinAnnotationEntryStub                        : loaded 2 times (x 69B)
Class com.google.protobuf.UnsafeUtil$Android32MemoryAccessor                          : loaded 2 times (x 90B)
Class org.jetbrains.kotlin.fileClasses.JvmFileClassUtilKt                             : loaded 2 times (x 70B)
Class org.jetbrains.kotlin.serialization.deserialization.ProtoBasedClassDataFinder    : loaded 2 times (x 74B)
Class org.jetbrains.kotlin.cli.jvm.compiler.CliJavaModuleUtilsKt                      : loaded 2 times (x 70B)
Class org.jetbrains.kotlin.utils.SmartSet$SingletonIterator                           : loaded 2 times (x 80B)
Class kotlin.collections.AbstractIterator                                             : loaded 2 times (x 82B)
Class it.unimi.dsi.fastutil.ints.IntArrays                                            : loaded 2 times (x 70B)
Class com.google.common.util.concurrent.ExecutionError                                : loaded 2 times (x 81B)
Class org.jetbrains.kotlin.resolve.jvm.annotations.JvmAnnotationUtilKt                : loaded 2 times (x 70B)
Class org.jetbrains.kotlin.mpp.EnumEntrySymbolMarker                                  : loaded 2 times (x 69B)
Class [Lcom.android.resources.KeyboardState;                                          : loaded 2 times (x 68B)
Class org.jetbrains.kotlin.psi.KtOperationReferenceExpression                         : loaded 2 times (x 568B)
Class com.android.utils.PositionXmlParser$DomBuilder                                  : loaded 2 times (x 147B)
Class org.jetbrains.kotlin.psi.KtCodeFragment                                         : loaded 2 times (x 1265B)
Class kotlin.ranges.IntRange                                                          : loaded 2 times (x 92B)
Class org.jetbrains.kotlin.metadata.deserialization.VersionRequirement$Version$Companion: loaded 2 times (x 70B)
Class org.jetbrains.org.objectweb.asm.tree.Util                                       : loaded 2 times (x 70B)
Class org.jetbrains.kotlin.cli.common.messages.CompilerMessageLocationWithRange$Companion: loaded 2 times (x 70B)
Class com.android.tools.analytics.StubbableLazy                                       : loaded 2 times (x 75B)
Class kotlin.jvm.internal.markers.KMutableSet                                         : loaded 2 times (x 69B)
Class org.jetbrains.kotlin.diagnostics.PositioningStrategies$UNUSED_VALUE$1           : loaded 2 times (x 73B)
Class org.jetbrains.kotlin.container.ValueResolveContext                              : loaded 2 times (x 69B)
Class [Lorg.jetbrains.kotlin.psi.KtSimpleNameStringTemplateEntry;                     : loaded 2 times (x 68B)
Class org.jetbrains.kotlin.diagnostics.PositioningStrategies                          : loaded 2 times (x 70B)
Class kotlin.DeprecationLevel                                                         : loaded 2 times (x 78B)
Class org.jetbrains.kotlin.metadata.ProtoBuf$VersionRequirement$1                     : loaded 2 times (x 143B)
Class org.jetbrains.kotlin.resolve.calls.checkers.CallReturnsArrayOfNothingChecker    : loaded 2 times (x 73B)
Class com.android.ide.common.rendering.api.PluralsResourceValueImpl                   : loaded 2 times (x 116B)
Class org.jetbrains.kotlin.psi.stubs.elements.KtEnumEntrySuperClassReferenceExpressionElementType: loaded 2 times (x 99B)
Class org.jetbrains.kotlin.diagnostics.PositioningStrategies$ARRAY_ACCESS$1           : loaded 2 times (x 73B)
Class org.jetbrains.kotlin.psi.KtIsExpression                                         : loaded 2 times (x 502B)
Class com.google.common.cache.LocalCache                                              : loaded 2 times (x 186B)
Class jdk.internal.jimage.ImageReader$Directory                                       : loaded 2 times (x 83B)
Class org.jetbrains.kotlin.load.kotlin.JvmTypeFactory                                 : loaded 2 times (x 69B)
Class org.jetbrains.kotlin.descriptors.EffectiveVisibility$WhenMappings               : loaded 2 times (x 70B)
Class org.jetbrains.kotlin.kdoc.lexer.KDocTokens                                      : loaded 2 times (x 69B)
Class org.jetbrains.kotlin.psi.stubs.KotlinValueArgumentStub                          : loaded 2 times (x 69B)
Class org.jetbrains.kotlin.psi.KtIntersectionType                                     : loaded 2 times (x 506B)
Class kotlin.jvm.internal.PropertyReference                                           : loaded 2 times (x 114B)
Class org.jetbrains.kotlin.resolve.descriptorUtil.AnnotationsForResolveKt             : loaded 2 times (x 70B)
Class org.jetbrains.kotlin.load.java.structure.impl.JavaPackageImpl                   : loaded 2 times (x 103B)
Class com.android.ide.common.resources.configuration.TextInputMethodQualifier         : loaded 2 times (x 89B)
Class [Lorg.jetbrains.kotlin.parsing.KotlinParsing$NameParsingMode;                   : loaded 2 times (x 68B)
Class kotlin.ranges.IntRange$Companion                                                : loaded 2 times (x 70B)
Class com.google.common.hash.HashCode$BytesHashCode                                   : loaded 2 times (x 80B)
Class [Lorg.jetbrains.kotlin.psi.KtPureElement;                                       : loaded 2 times (x 68B)
Class kotlin.jvm.functions.Function20                                                 : loaded 2 times (x 69B)
Class com.google.protobuf.ByteOutput                                                  : loaded 2 times (x 75B)
Class com.google.wireless.android.sdk.stats.UpgradeAssistantProcessorEventOrBuilder   : loaded 2 times (x 69B)
Class com.google.wireless.android.sdk.stats.InstantRunOrBuilder                       : loaded 2 times (x 69B)
Class com.android.resources.ResourceEnum                                              : loaded 2 times (x 69B)
Class [Lorg.jetbrains.kotlin.psi.KtCallableDeclaration;                               : loaded 2 times (x 68B)
Class kotlin.jvm.functions.Function21                                                 : loaded 2 times (x 69B)
Class kotlin.jvm.functions.Function22                                                 : loaded 2 times (x 69B)
Class com.google.common.util.concurrent.AbstractFuture$UnsafeAtomicHelper$1           : loaded 2 times (x 75B)
Class com.google.protobuf.ByteString$BoundedByteString                                : loaded 2 times (x 105B)
Class kotlin.jvm.internal.FloatCompanionObject                                        : loaded 2 times (x 70B)
Class kotlin.sequences.DropSequence$iterator$1                                        : loaded 2 times (x 78B)
Class [Lcom.android.resources.ResourceEnum;                                           : loaded 2 times (x 68B)
Class [Lorg.apache.commons.io.file.DeleteOption;                                      : loaded 2 times (x 68B)
Class org.apache.commons.io.file.PathUtils                                            : loaded 2 times (x 70B)
Class org.jetbrains.kotlin.cli.common.arguments.Freezable                             : loaded 2 times (x 71B)
Class com.android.tools.analytics.UsageTracker$listener$1                             : loaded 2 times (x 77B)
Class org.jetbrains.kotlin.cli.common.arguments.K2JVMCompilerArguments$Companion      : loaded 2 times (x 70B)
Class androidx.compose.runtime.lint.UnrememberedStateDetector$createUastHandler$1     : loaded 2 times (x 126B)
Class org.jetbrains.kotlin.mpp.SimpleFunctionSymbolMarker                             : loaded 2 times (x 69B)
Class org.jetbrains.kotlin.cli.jvm.index.JvmDependenciesIndexImpl$Cache               : loaded 2 times (x 71B)
Class androidx.compose.animation.lint.SharedTransitionScopeDetectorKt                 : loaded 2 times (x 70B)
Class org.jetbrains.kotlin.codegen.signature.BothSignatureWriter$Mode                 : loaded 2 times (x 78B)
Class com.google.wireless.android.sdk.stats.IntellijIndexingStatsOrBuilder            : loaded 2 times (x 69B)
Class org.jetbrains.kotlin.metadata.ProtoBuf$Expression$1                             : loaded 2 times (x 143B)
Class androidx.appcompat.BaseMethodDeprecationDetector$Predicate                      : loaded 2 times (x 69B)
Class com.google.wireless.android.sdk.stats.RenderSecurityManagerEventOrBuilder       : loaded 2 times (x 69B)
Class org.jetbrains.kotlin.utils.NumbersKt                                            : loaded 2 times (x 70B)
Class org.jetbrains.kotlin.serialization.deserialization.ClassDeserializer$Companion  : loaded 2 times (x 70B)
Class com.google.wireless.android.sdk.stats.ComposeAnimationToolingEvent              : loaded 2 times (x 196B)
Class org.jetbrains.kotlin.resolve.calls.model.LambdaWithTypeVariableAsExpectedTypeMarker: loaded 2 times (x 69B)
Class org.jetbrains.kotlin.load.java.structure.JavaElementsKt                         : loaded 2 times (x 70B)
Class org.jetbrains.kotlin.resolve.checkers.SubtypingBetweenContextReceiversChecker   : loaded 2 times (x 73B)
Class com.google.wireless.android.sdk.stats.IntellijIndexingStats                     : loaded 2 times (x 204B)
Class org.jetbrains.kotlin.container.DslKt                                            : loaded 2 times (x 70B)
Class com.google.common.collect.HashBasedTable$Factory                                : loaded 2 times (x 78B)
Class org.jetbrains.kotlin.psi.KtSimpleNameStringTemplateEntry                        : loaded 2 times (x 446B)
Class org.jetbrains.kotlin.descriptors.DescriptorVisibilities$10                      : loaded 2 times (x 75B)
Class org.jetbrains.kotlin.descriptors.DescriptorVisibilities$11                      : loaded 2 times (x 75B)
Class com.google.common.collect.AbstractMultimap$Entries                              : loaded 2 times (x 119B)
Class com.google.wireless.android.sdk.stats.EmulatorUiEventOrBuilder                  : loaded 2 times (x 69B)
Class org.jetbrains.kotlin.descriptors.DescriptorVisibilities$12                      : loaded 2 times (x 75B)
Class com.google.protobuf.ExtensionLite                                               : loaded 2 times (x 76B)
Class [Lorg.jetbrains.kotlin.resolve.jvm.JvmPrimitiveType;                            : loaded 2 times (x 68B)
Class org.jetbrains.kotlin.cli.jvm.compiler.JvmPackagePartProvider                    : loaded 2 times (x 92B)
Class org.jetbrains.kotlin.resolve.calls.checkers.AbstractClassInstantiationChecker   : loaded 2 times (x 73B)
Class org.jetbrains.kotlin.diagnostics.Diagnostic                                     : loaded 2 times (x 69B)
Class org.jetbrains.kotlin.load.kotlin.PackageAndMetadataPartProvider                 : loaded 2 times (x 69B)
Class [Lorg.jetbrains.kotlin.psi.KtConstantExpression;                                : loaded 2 times (x 68B)
Class kotlin.reflect.jvm.internal.KDeclarationContainerImpl$Companion                 : loaded 2 times (x 70B)
Class org.jetbrains.kotlin.cli.jvm.compiler.KotlinCoreApplicationEnvironment$Companion: loaded 2 times (x 70B)
Class com.google.wireless.android.sdk.stats.SafeModeStatsEvent                        : loaded 2 times (x 218B)
Class org.jetbrains.kotlin.load.kotlin.KotlinClassFinder$Result$ClassFileContent      : loaded 2 times (x 71B)
Class org.jetbrains.kotlin.psi.KtBinaryExpression                                     : loaded 2 times (x 503B)
Class kotlin.collections.EmptyMap                                                     : loaded 2 times (x 108B)
Class com.google.wireless.android.sdk.stats.SoongSyncStatsOrBuilder                   : loaded 2 times (x 69B)
Class org.jetbrains.kotlin.resolve.jvm.KotlinSafeClassFinder                          : loaded 2 times (x 69B)
Class com.google.common.reflect.Invokable$ConstructorInvokable                        : loaded 2 times (x 104B)
Class kotlin.collections.builders.MapBuilder$Companion                                : loaded 2 times (x 70B)
Class org.jetbrains.kotlin.types.TypeApproximatorConfiguration$PublicDeclaration$SaveAnonymousTypes: loaded 2 times (x 86B)
Class com.google.common.collect.CollectCollectors$EnumSetAccumulator                  : loaded 2 times (x 71B)
Class [Lorg.jetbrains.kotlin.psi.KtValueArgument;                                     : loaded 2 times (x 68B)
Class kotlin.io.ByteStreamsKt                                                         : loaded 2 times (x 70B)
Class org.jetbrains.kotlin.psi.stubs.KotlinClassLiteralExpressionStub                 : loaded 2 times (x 69B)
Class kotlin.collections.AbstractSet                                                  : loaded 2 times (x 134B)
Class [Lorg.jetbrains.kotlin.psi.KtImportAlias;                                       : loaded 2 times (x 68B)
Class org.jetbrains.kotlin.psi.stubs.KotlinImportDirectiveStub                        : loaded 2 times (x 69B)
Class com.android.prefs.AbstractAndroidLocations                                      : loaded 2 times (x 81B)
Class org.jetbrains.kotlin.resolve.jvm.NotFoundPackagesCachingStrategy                : loaded 2 times (x 69B)
Class kotlin.text.RegexKt                                                             : loaded 2 times (x 70B)
Class com.google.wireless.android.sdk.stats.FileUsageOrBuilder                        : loaded 2 times (x 69B)
Class org.jetbrains.kotlin.metadata.deserialization.VersionRequirement$Companion$WhenMappings: loaded 2 times (x 70B)
Class org.jetbrains.kotlin.psi.KtValueArgumentName                                    : loaded 2 times (x 450B)
Class org.jetbrains.kotlin.psi.KtContractEffectList                                   : loaded 2 times (x 444B)
Class org.jetbrains.kotlin.descriptors.Modality$Companion                             : loaded 2 times (x 70B)
Class org.jetbrains.kotlin.resolve.checkers.ExplicitApiDeclarationChecker             : loaded 2 times (x 73B)
Class org.jetbrains.kotlin.parsing.LastBefore                                         : loaded 2 times (x 83B)
Class org.jetbrains.kotlin.psi.KtConstructor                                          : loaded 2 times (x 1275B)
Class [Lcom.android.resources.ResourceFolderType;                                     : loaded 2 times (x 68B)
Class org.jetbrains.kotlin.psi.KtProjectionKind                                       : loaded 2 times (x 78B)
Class androidx.lifecycle.lint.NonNullableMutableLiveDataDetector$createUastHandler$1  : loaded 2 times (x 126B)
Class kotlin.reflect.jvm.internal.impl.builtins.functions.FunctionTypeKind$SuspendFunction: loaded 2 times (x 71B)
Class com.google.common.hash.HashCode                                                 : loaded 2 times (x 79B)
Class org.jetbrains.kotlin.resolve.calls.inference.ConstraintSystemOperation          : loaded 2 times (x 69B)
Class org.jetbrains.kotlin.serialization.deserialization.ClassDataFinder              : loaded 2 times (x 69B)
Class [Lorg.jetbrains.kotlin.psi.KtDoubleColonExpression;                             : loaded 2 times (x 68B)
Class com.google.common.reflect.TypeCapture                                           : loaded 2 times (x 70B)
Class com.google.protobuf.SingleFieldBuilderV3                                        : loaded 2 times (x 83B)
Class com.google.protobuf.Internal$EnumLiteMap                                        : loaded 2 times (x 69B)
Class org.jetbrains.kotlin.resolve.calls.results.FlatSignature                        : loaded 2 times (x 71B)
Class com.android.ide.common.rendering.api.StyleableResourceValueImpl                 : loaded 2 times (x 110B)
Class org.jetbrains.kotlin.codegen.extensions.ClassBuilderInterceptorExtension        : loaded 2 times (x 69B)
Class org.jetbrains.kotlin.config.MavenComparableVersion$ListItem                     : loaded 2 times (x 179B)
Class org.gradle.internal.installation.GradleInstallation                             : loaded 2 times (x 74B)
Class com.google.wireless.android.sdk.stats.JvmDetails$Builder                        : loaded 2 times (x 314B)
Class org.jetbrains.kotlin.resolve.calls.inference.components.ConstraintIncorporator  : loaded 2 times (x 71B)
Class com.android.utils.XmlUtils                                                      : loaded 2 times (x 70B)
Class org.jetbrains.kotlin.psi.stubs.KotlinFunctionStub                               : loaded 2 times (x 69B)
Class com.android.tools.lint.model.LintModelJavaLibrary                               : loaded 2 times (x 69B)
Class org.jetbrains.kotlin.util.OneElementArrayMap$iterator$1                         : loaded 2 times (x 78B)
Class [Lcom.android.resources.NightMode;                                              : loaded 2 times (x 68B)
Class com.google.wireless.android.sdk.stats.EmulatorUiEvent                           : loaded 2 times (x 202B)
Class org.jetbrains.kotlin.codegen.AsmUtil                                            : loaded 2 times (x 70B)
Class com.android.ide.common.gradle.Part                                              : loaded 2 times (x 76B)
Class com.google.protobuf.GeneratedMessageV3$Builder$BuilderParentImpl                : loaded 2 times (x 77B)
Class com.google.wireless.android.sdk.stats.SmlAiExcludeEventOrBuilder                : loaded 2 times (x 69B)
Class com.google.wireless.android.sdk.stats.AppInspectionEventOrBuilder               : loaded 2 times (x 69B)
Class com.google.wireless.android.sdk.stats.DebuggerEventOrBuilder                    : loaded 2 times (x 69B)
Class org.jetbrains.kotlin.psi.stubs.KotlinClassStub                                  : loaded 2 times (x 69B)
Class com.android.tools.analytics.HostData$memoryBean$2                               : loaded 2 times (x 77B)
Class com.google.wireless.android.sdk.stats.EmulatorPerformanceStatsOrBuilder         : loaded 2 times (x 69B)
Class it.unimi.dsi.fastutil.ints.IntIterator                                          : loaded 2 times (x 69B)
Class kotlin.reflect.jvm.internal.KProperty1Impl$$Lambda$0                            : loaded 2 times (x 75B)
Class com.google.protobuf.CodedInputStream$IterableDirectByteBufferDecoder            : loaded 2 times (x 119B)
Class com.google.wireless.android.sdk.stats.FirebaseErrorDetails                      : loaded 2 times (x 196B)
Class kotlin.reflect.jvm.internal.KProperty1Impl$$Lambda$1                            : loaded 2 times (x 75B)
Class org.objectweb.asm.ModuleVisitor                                                 : loaded 2 times (x 80B)
Class com.google.wireless.android.sdk.stats.BuildAttributionUiEventOrBuilder          : loaded 2 times (x 69B)
Class org.jetbrains.kotlin.resolve.BindingTrace                                       : loaded 2 times (x 69B)
Class org.jetbrains.kotlin.psi.KtTypeCodeFragmentType                                 : loaded 2 times (x 83B)
Class com.google.wireless.android.sdk.stats.DeclarativeWatchFaceEvent                 : loaded 2 times (x 198B)
Class com.google.common.hash.MessageDigestHashFunction$MessageDigestHasher            : loaded 2 times (x 147B)
Class org.jetbrains.kotlin.resolve.calls.inference.model.MutableVariableWithConstraints: loaded 2 times (x 76B)
Class org.jetbrains.kotlin.types.model.AnnotationMarker                               : loaded 2 times (x 69B)
Class org.jetbrains.kotlin.psi.KtCatchClause                                          : loaded 2 times (x 378B)
Class org.jetbrains.kotlin.psi.KtElementImplStub                                      : loaded 2 times (x 444B)
Class it.unimi.dsi.fastutil.ints.IntIterable                                          : loaded 2 times (x 69B)
Class com.google.wireless.android.sdk.stats.DataBindingEventOrBuilder                 : loaded 2 times (x 69B)
Class com.google.common.collect.Maps$IteratorBasedAbstractMap$1                       : loaded 2 times (x 137B)
Class org.jetbrains.kotlin.resolve.checkers.DeclarationCheckerContext                 : loaded 2 times (x 77B)
Class org.jetbrains.kotlin.resolve.checkers.InfixModifierChecker                      : loaded 2 times (x 73B)
Class [Lcom.android.resources.ResourceType$Kind;                                      : loaded 2 times (x 68B)
Class org.jetbrains.kotlin.psi.KtSimpleNameExpressionImpl                             : loaded 2 times (x 568B)
Class org.jetbrains.kotlin.psi.KtIfExpression                                         : loaded 2 times (x 443B)
Class it.unimi.dsi.fastutil.ints.IntArrays$ForkJoinQuickSort                          : loaded 2 times (x 89B)
Class [Lcom.android.resources.GrammaticalGender;                                      : loaded 2 times (x 68B)
Class org.jetbrains.kotlin.load.kotlin.JvmPackagePartProviderBase$Companion           : loaded 2 times (x 70B)
Class com.android.prefs.PathLocator$singlePathOf$values$1                             : loaded 2 times (x 78B)
Class com.google.wireless.android.sdk.stats.GradleBuildDetailsOrBuilder               : loaded 2 times (x 69B)
Class kotlin.internal.PlatformImplementationsKt                                       : loaded 2 times (x 70B)
Class com.android.prefs.PathLocator$singlePathOf$values$2                             : loaded 2 times (x 77B)
Class com.google.wireless.android.sdk.stats.UpgradeAndroidStudioDialogStatsOrBuilder  : loaded 2 times (x 69B)
Class org.jetbrains.kotlin.psi.KtPrimaryConstructor                                   : loaded 2 times (x 1275B)
Class org.jetbrains.kotlin.types.TypeApproximatorConfiguration$PublicDeclaration      : loaded 2 times (x 86B)
Class org.jetbrains.kotlin.mpp.ClassLikeSymbolMarker                                  : loaded 2 times (x 69B)
Class org.jetbrains.kotlin.types.model.TypeConstructorMarker                          : loaded 2 times (x 69B)
Class [Lkotlin.reflect.jvm.internal.impl.resolve.jvm.JvmPrimitiveType;                : loaded 2 times (x 68B)
Class kotlin.reflect.jvm.internal.impl.builtins.StandardNames                         : loaded 2 times (x 70B)
Class com.google.wireless.android.sdk.stats.AndroidStudioEvent$Builder                : loaded 2 times (x 993B)
Class org.jetbrains.kotlin.load.java.structure.JavaTypesKt                            : loaded 2 times (x 70B)
Class org.jetbrains.kotlin.metadata.ProtoBuf$Effect                                   : loaded 2 times (x 112B)
Class org.jetbrains.kotlin.mpp.FunctionSymbolMarker                                   : loaded 2 times (x 69B)
Class com.android.ide.common.resources.configuration.DensityQualifier                 : loaded 2 times (x 88B)
Class [Lorg.jetbrains.kotlin.psi.KtAnnotationUseSiteTarget;                           : loaded 2 times (x 68B)
Class kotlin.coroutines.jvm.internal.SuspendFunction                                  : loaded 2 times (x 69B)
Class com.google.wireless.android.sdk.stats.ImportSampleEventOrBuilder                : loaded 2 times (x 69B)
Class org.jetbrains.kotlin.resolve.jvm.modules.JavaModule$Root                        : loaded 2 times (x 71B)
Class org.jetbrains.kotlin.psi.stubs.KotlinPlaceHolderWithTextStub                    : loaded 2 times (x 69B)
Class org.jetbrains.kotlin.psi.LambdaArgument                                         : loaded 2 times (x 69B)
Class com.google.common.cache.CacheLoader$SupplierToCacheLoader                       : loaded 2 times (x 74B)
Class org.gradle.internal.classpath.ClassPath                                         : loaded 2 times (x 69B)
Class [Lcom.android.resources.Density;                                                : loaded 2 times (x 68B)
Class org.jetbrains.kotlin.cli.jvm.compiler.KotlinCliJavaFileManagerImpl              : loaded 2 times (x 92B)
Class com.google.common.cache.RemovalListener                                         : loaded 2 times (x 69B)
Class org.gradle.api.internal.classpath.DefaultModuleRegistry                         : loaded 2 times (x 85B)
Class com.google.wireless.android.sdk.stats.NonTransitiveRClassMigrationEvent         : loaded 2 times (x 200B)
Class com.google.wireless.android.sdk.stats.IntelliJNewUIStateOrBuilder               : loaded 2 times (x 69B)
Class com.google.wireless.android.sdk.stats.RunFinishDataOrBuilder                    : loaded 2 times (x 69B)
Class org.jetbrains.kotlin.types.TypeSystemCommonBackendContextForTypeMapping         : loaded 2 times (x 69B)
Class com.android.ide.common.rendering.api.ResourceValueImpl                          : loaded 2 times (x 97B)
Class com.google.wireless.android.sdk.stats.WearPairingEvent                          : loaded 2 times (x 194B)
Class com.google.gson.Strictness                                                      : loaded 2 times (x 78B)
Class org.jetbrains.kotlin.resolve.jvm.KotlinFinderMarker                             : loaded 2 times (x 69B)
Class org.jetbrains.kotlin.psi.KtSuperTypeListEntry                                   : loaded 2 times (x 446B)
Class [Lorg.jetbrains.kotlin.psi.KtModifierList;                                      : loaded 2 times (x 68B)
Class org.jetbrains.kotlin.diagnostics.PositioningStrategies$DECLARATION_WITH_BODY$1  : loaded 2 times (x 73B)
Class com.google.wireless.android.sdk.stats.SuggestedImportEvent                      : loaded 2 times (x 196B)
Class com.google.wireless.android.sdk.stats.SetupWizardEventOrBuilder                 : loaded 2 times (x 69B)
Class com.android.resources.Keyboard                                                  : loaded 2 times (x 85B)
Class org.jetbrains.kotlin.config.AnalysisFlag$Delegates$ListOfStrings                : loaded 2 times (x 70B)
Class com.android.ide.common.rendering.api.PluralsResourceValue                       : loaded 2 times (x 69B)
Class org.jetbrains.kotlin.psi.KtDynamicType                                          : loaded 2 times (x 507B)
Class Settings_gradle$1$1                                                             : loaded 2 times (x 74B)
Class org.jetbrains.kotlin.diagnostics.PositioningStrategies$DOT_BY_QUALIFIED$1       : loaded 2 times (x 73B)
Class org.jetbrains.kotlin.metadata.ProtoBuf$PackageFragment$1                        : loaded 2 times (x 143B)
Class com.android.ide.common.repository.AgpVersion                                    : loaded 2 times (x 74B)
Class [Lcom.google.common.collect.MapMaker$Dummy;                                     : loaded 2 times (x 68B)
Class org.jetbrains.kotlin.resolve.jvm.extensions.PackageFragmentProviderExtension$Companion: loaded 2 times (x 71B)
Class com.google.wireless.android.sdk.stats.GradlePluginDslUsageStatsOrBuilder        : loaded 2 times (x 69B)
Class org.jetbrains.kotlin.psi.KtUserType                                             : loaded 2 times (x 513B)
Class org.jetbrains.kotlin.cli.jvm.compiler.KotlinCliJavaFileManagerImpl$Companion    : loaded 2 times (x 70B)
Class org.jetbrains.kotlin.resolve.checkers.ValueParameterUsageInDefaultArgumentChecker: loaded 2 times (x 73B)
Class org.jetbrains.kotlin.psi.KtThrowExpression                                      : loaded 2 times (x 437B)
Class androidx.compose.runtime.lint.ComposableFlowOperatorDetector$createUastHandler$1: loaded 2 times (x 126B)
Class [Lcom.google.common.base.CaseFormat;                                            : loaded 2 times (x 68B)
Class org.jetbrains.kotlin.idea.KotlinFileType                                        : loaded 2 times (x 92B)
Class kotlin.text.DelimitedRangesSequence$iterator$1                                  : loaded 2 times (x 78B)
Class com.google.wireless.android.sdk.stats.MetaMetricsOrBuilder                      : loaded 2 times (x 69B)
Class org.jetbrains.kotlin.resolve.jvm.KotlinJavaPsiFacade$CliFinder                  : loaded 2 times (x 83B)
Class org.jetbrains.kotlin.resolve.calls.checkers.EnumEntriesUnsupportedChecker       : loaded 2 times (x 73B)
Class org.jetbrains.kotlin.metadata.ProtoBuf$Effect$EffectType$1                      : loaded 2 times (x 73B)
Class [Lorg.jetbrains.kotlin.psi.KtInitializerList;                                   : loaded 2 times (x 68B)
Class com.google.common.collect.ForwardingSet                                         : loaded 2 times (x 150B)
Class jdk.internal.jimage.BasicImageReader$1                                          : loaded 2 times (x 76B)
Class org.jetbrains.kotlin.kdoc.lexer.KDocLexer                                       : loaded 2 times (x 86B)
Class kotlin.UnsafeLazyImpl                                                           : loaded 2 times (x 75B)
Class com.google.common.cache.CacheBuilder$OneWeigher                                 : loaded 2 times (x 81B)
Class org.gradle.api.Action                                                           : loaded 2 times (x 69B)
Class com.google.wireless.android.sdk.stats.ThreadingAgentUsageEventOrBuilder         : loaded 2 times (x 69B)
Class [Lorg.jetbrains.kotlin.psi.KtModifierListOwner;                                 : loaded 2 times (x 68B)
Class kotlin.coroutines.intrinsics.IntrinsicsKt__IntrinsicsKt                         : loaded 2 times (x 70B)
Class com.google.common.collect.ImmutableBiMap$Builder                                : loaded 2 times (x 81B)
Class org.jetbrains.kotlin.resolve.calls.checkers.ReferencingToUnderscoreNamedParameterOfCatchBlockChecker: loaded 2 times (x 73B)
Class com.android.ide.common.resources.configuration.LayoutDirectionQualifier         : loaded 2 times (x 90B)
Class org.jetbrains.kotlin.parsing.AbstractTokenStreamPredicate                       : loaded 2 times (x 76B)
Class org.jetbrains.kotlin.cli.jvm.index.SingleJavaFileRootsIndex                     : loaded 2 times (x 71B)
Class org.jetbrains.kotlin.diagnostics.PositioningStrategies$FIELD_KEYWORD$1          : loaded 2 times (x 73B)
Class [Lorg.jetbrains.kotlin.psi.KtTypeParameterListOwner;                            : loaded 2 times (x 68B)
Class com.android.tools.analytics.HostData$runtimeBean$2                              : loaded 2 times (x 77B)
Class com.google.wireless.android.sdk.stats.RunStartData                              : loaded 2 times (x 201B)
Class com.google.wireless.android.sdk.stats.JvmDetails                                : loaded 2 times (x 214B)
Class androidx.compose.animation.core.lint.TransitionDetector$createUastHandler$1     : loaded 2 times (x 126B)
Class com.google.wireless.android.sdk.stats.SmlConfigurationEvent                     : loaded 2 times (x 208B)
Class org.jetbrains.kotlin.psi.stubs.elements.KtSecondaryConstructorElementType       : loaded 2 times (x 106B)
Class [Lorg.jetbrains.kotlin.psi.KtClassOrObject;                                     : loaded 2 times (x 68B)
Class com.android.tools.lint.model.LintModelLibraryResolver                           : loaded 2 times (x 69B)
Class com.google.protobuf.Utf8$SafeProcessor                                          : loaded 2 times (x 76B)
Class com.android.tools.analytics.HostData$osBean$2                                   : loaded 2 times (x 77B)
Class com.google.wireless.android.sdk.stats.DeviceManagerEvent                        : loaded 2 times (x 196B)
Class com.android.resources.ScreenRound                                               : loaded 2 times (x 85B)
Class [Lorg.jetbrains.kotlin.psi.KtValueArgumentName;                                 : loaded 2 times (x 68B)
Class com.android.prefs.Global                                                        : loaded 2 times (x 79B)
Class org.jetbrains.kotlin.resolve.checkers.ResultClassInReturnTypeChecker            : loaded 2 times (x 73B)
Class org.jetbrains.kotlin.psi.KtImportDirective                                      : loaded 2 times (x 460B)
Class kotlin.text.MatchResult                                                         : loaded 2 times (x 69B)
Class [Lorg.jetbrains.kotlin.lexer.KtModifierKeywordToken;                            : loaded 2 times (x 68B)
Class org.jetbrains.kotlin.utils.PathUtil                                             : loaded 2 times (x 70B)
Class org.jetbrains.org.objectweb.asm.MethodTooLargeException                         : loaded 2 times (x 82B)
Class org.jetbrains.kotlin.KtNodeType                                                 : loaded 2 times (x 75B)
Class org.jetbrains.kotlin.metadata.jvm.deserialization.JvmMetadataVersion$Companion  : loaded 2 times (x 70B)
Class kotlin.jvm.internal.PropertyReference0                                          : loaded 2 times (x 126B)
Class org.jetbrains.kotlin.load.java.typeEnhancement.NullabilityQualifier             : loaded 2 times (x 78B)
Class kotlin.jvm.internal.PropertyReference1                                          : loaded 2 times (x 126B)
Class kotlinx.coroutines.scheduling.UnlimitedIoScheduler                              : loaded 2 times (x 101B)
Class org.jetbrains.kotlin.resolve.calls.checkers.CompanionInParenthesesLHSCallChecker: loaded 2 times (x 73B)
Class [Lorg.jetbrains.kotlin.name.State;                                              : loaded 2 times (x 68B)
Class kotlin.jvm.internal.PropertyReference2                                          : loaded 2 times (x 126B)
Class com.google.common.collect.ImmutableMap$SerializedForm                           : loaded 2 times (x 72B)
Class com.google.protobuf.Utf8$UnsafeProcessor                                        : loaded 2 times (x 76B)
Class com.google.protobuf.CodedOutputStream$OutputStreamEncoder                       : loaded 2 times (x 109B)
Class org.jetbrains.kotlin.psi.KtFunctionNotStubbed                                   : loaded 2 times (x 1194B)
Class [Lkotlin.reflect.jvm.internal.impl.name.ClassId;                                : loaded 2 times (x 68B)
Class org.jetbrains.kotlin.cli.jvm.compiler.CompatKt                                  : loaded 2 times (x 70B)
Class com.google.common.base.Throwables                                               : loaded 2 times (x 70B)
Class [Lcom.android.resources.HighDynamicRange;                                       : loaded 2 times (x 68B)
Class org.jetbrains.kotlin.psi.KtTypeReference                                        : loaded 2 times (x 643B)
Class com.google.common.cache.LocalCache$StrongEntry                                  : loaded 2 times (x 107B)
Class com.google.wireless.android.sdk.stats.SmlCompletionEvent                        : loaded 2 times (x 209B)
Class com.google.wireless.android.sdk.stats.ApplyChangesAgentErrorOrBuilder           : loaded 2 times (x 69B)
Class org.jetbrains.kotlin.load.kotlin.MemberSignature$Companion                      : loaded 2 times (x 70B)
Class org.jetbrains.kotlin.descriptors.Modality                                       : loaded 2 times (x 78B)
Class org.jetbrains.kotlin.resolve.checkers.ApiVersionClassifierUsageChecker          : loaded 2 times (x 73B)
Class com.android.resources.TouchScreen                                               : loaded 2 times (x 85B)
Class org.jetbrains.kotlin.psi.KtBlockStringTemplateEntry                             : loaded 2 times (x 446B)
Class org.jetbrains.kotlin.load.java.structure.ListBasedJavaAnnotationOwner           : loaded 2 times (x 69B)
Class org.jetbrains.org.objectweb.asm.tree.FrameNode                                  : loaded 2 times (x 78B)
Class org.objectweb.asm.FieldWriter                                                   : loaded 2 times (x 77B)
Class org.jetbrains.kotlin.protobuf.UnmodifiableLazyStringList                        : loaded 2 times (x 238B)
Class [Lorg.jetbrains.kotlin.psi.KtPrimaryConstructor;                                : loaded 2 times (x 68B)
Class com.google.wireless.android.sdk.stats.UiToolsPreferencesEventOrBuilder          : loaded 2 times (x 69B)
Class com.google.common.collect.MapMakerInternalMap$AbstractWeakKeyEntry              : loaded 2 times (x 86B)
Class org.jetbrains.kotlin.metadata.ProtoBuf$Annotation$Argument$Value                : loaded 2 times (x 126B)
Class org.jetbrains.kotlin.psi.stubs.KotlinParameterStub                              : loaded 2 times (x 69B)
Class org.jetbrains.kotlin.psi.KtTypeAlias                                            : loaded 2 times (x 1072B)
Class org.jetbrains.org.objectweb.asm.tree.InsnNode                                   : loaded 2 times (x 77B)
Class org.jetbrains.org.objectweb.asm.AnnotationWriter                                : loaded 2 times (x 77B)
Class org.jetbrains.kotlin.load.kotlin.KotlinBinaryClassCache$RequestCache            : loaded 2 times (x 72B)
Class org.jetbrains.kotlin.container.DefaultImplementation                            : loaded 2 times (x 69B)
Class org.jetbrains.kotlin.psi.KtLambdaExpression                                     : loaded 2 times (x 549B)
Class [Lorg.jetbrains.kotlin.psi.KtEnumEntrySuperclassReferenceExpression;            : loaded 2 times (x 68B)
Class kotlin.reflect.jvm.internal.KClassImpl$Data                                     : loaded 2 times (x 71B)
Class [Lorg.jetbrains.kotlin.config.JvmTarget;                                        : loaded 2 times (x 68B)
Class org.jetbrains.org.objectweb.asm.tree.MultiANewArrayInsnNode                     : loaded 2 times (x 78B)
Class org.jetbrains.kotlin.load.java.typeEnhancement.AbstractSignatureParts$TypeAndDefaultQualifiers: loaded 2 times (x 71B)
Class com.google.wireless.android.sdk.stats.WearTileAnimationToolingEvent             : loaded 2 times (x 196B)
Class kotlin.sequences.TakeWhileSequence$iterator$1                                   : loaded 2 times (x 78B)
Class org.objectweb.asm.tree.MethodNode                                               : loaded 2 times (x 109B)
Class jdk.internal.jimage.ImageBufferCache$1                                          : loaded 2 times (x 79B)
Class com.google.wireless.android.sdk.stats.LiveEditEventOrBuilder                    : loaded 2 times (x 69B)
Class [Lcom.android.resources.UiMode;                                                 : loaded 2 times (x 68B)
Class org.jetbrains.kotlin.psi.KtClassBody                                            : loaded 2 times (x 447B)
Class jdk.internal.jimage.ImageBufferCache$2                                          : loaded 2 times (x 90B)
Class com.google.wireless.android.sdk.stats.AndroidStudioEvent                        : loaded 2 times (x 893B)
Class kotlin.sequences.SequenceBuilderIterator                                        : loaded 2 times (x 84B)
Class org.jetbrains.kotlin.load.java.structure.impl.JavaMemberImpl                    : loaded 2 times (x 119B)
Class com.android.ide.common.rendering.api.ResourceNamespace$ToolsNamespace           : loaded 2 times (x 79B)
Class org.jetbrains.kotlin.metadata.ProtoBuf$StringTableOrBuilder                     : loaded 2 times (x 69B)
Class kotlin.collections.AbstractList$SubList                                         : loaded 2 times (x 159B)
Class [Lorg.jetbrains.org.objectweb.asm.SymbolTable$Entry;                            : loaded 2 times (x 68B)
Class com.google.wireless.android.sdk.stats.LldbPerformanceStatsOrBuilder             : loaded 2 times (x 69B)
Class org.jetbrains.kotlin.resolve.calls.inference.components.ConstraintIncorporator$WhenMappings: loaded 2 times (x 70B)
Class [Lorg.jetbrains.kotlin.resolve.calls.inference.components.TypeVariableDirectionCalculator$ResolveDirection;: loaded 2 times (x 68B)
Class org.jetbrains.kotlin.utils.SmartSet                                             : loaded 2 times (x 142B)
Class org.jetbrains.kotlin.types.model.TypeSystemContext                              : loaded 2 times (x 69B)
Class org.jetbrains.kotlin.config.MavenComparableVersion$IntegerItem                  : loaded 2 times (x 79B)
Class org.jetbrains.kotlin.load.java.JavaDefaultQualifiersKt                          : loaded 2 times (x 70B)
Class org.jetbrains.kotlin.container.ComponentRegistry                                : loaded 2 times (x 71B)
Class com.google.wireless.android.sdk.stats.LogcatUsageEventOrBuilder                 : loaded 2 times (x 69B)
Class com.android.ide.common.resources.configuration.SmallestScreenWidthQualifier     : loaded 2 times (x 87B)
Class com.google.wireless.android.play.playlog.proto.ClientAnalytics                  : loaded 2 times (x 70B)
Class org.jetbrains.kotlin.resolve.extensions.AssignResolutionAltererExtension        : loaded 2 times (x 69B)
Class com.android.ide.common.gradle.Version                                           : loaded 2 times (x 74B)
Class androidx.compose.lint.Names$UiGraphics                                          : loaded 2 times (x 70B)
Class org.jetbrains.kotlin.resolve.calls.inference.components.ResultTypeResolver$Context: loaded 2 times (x 69B)
Class it.unimi.dsi.fastutil.ints.IntArrays$Segment                                    : loaded 2 times (x 70B)
Class kotlin.jvm.internal.markers.KMutableList                                        : loaded 2 times (x 69B)
Class com.android.resources.NightMode                                                 : loaded 2 times (x 85B)
Class org.jetbrains.kotlin.asJava.finder.JavaElementFinder                            : loaded 2 times (x 88B)
Class [Lorg.jetbrains.kotlin.psi.KtTypeProjection;                                    : loaded 2 times (x 68B)
Class org.jetbrains.kotlin.psi.KtReferenceExpression                                  : loaded 2 times (x 69B)
Class com.google.common.base.CaseFormat                                               : loaded 2 times (x 82B)
Class com.google.protobuf.ExtensionRegistryFactory                                    : loaded 2 times (x 70B)
Class com.android.tools.analytics.JournalingUsageTracker$scheduleJournalTimeout$1     : loaded 2 times (x 74B)
Class org.jetbrains.kotlin.resolve.calls.inference.components.ConstraintSystemCompletionContext: loaded 2 times (x 1122B)
Class org.jetbrains.kotlin.config.LanguageVersionSettings$Companion                   : loaded 2 times (x 70B)
Class [Lcom.google.common.cache.Weigher;                                              : loaded 2 times (x 68B)
Class org.jetbrains.kotlin.resolve.calls.inference.model.NewConstraintSystemImpl$TransactionState: loaded 2 times (x 73B)
Class org.jetbrains.kotlin.load.java.AbstractJavaClassFinder                          : loaded 2 times (x 89B)
Class org.jetbrains.kotlin.resolve.checkers.MissingDependencyClassChecker             : loaded 2 times (x 73B)
Class com.google.wireless.android.sdk.stats.ManifestMergerStatsOrBuilder              : loaded 2 times (x 69B)
Class org.jetbrains.kotlin.resolve.checkers.ReifiedTypeParameterAnnotationChecker     : loaded 2 times (x 73B)
Class org.jetbrains.kotlin.storage.EmptySimpleLock                                    : loaded 2 times (x 74B)
Class [Lkotlin.LazyThreadSafetyMode;                                                  : loaded 2 times (x 68B)
Class com.android.prefs.AndroidPathLocator                                            : loaded 2 times (x 72B)
Class org.jetbrains.org.objectweb.asm.tree.TableSwitchInsnNode                        : loaded 2 times (x 78B)
Class com.google.wireless.android.sdk.stats.JvmDetailsOrBuilder                       : loaded 2 times (x 69B)
Class com.google.wireless.android.sdk.stats.RunStartDataOrBuilder                     : loaded 2 times (x 69B)
Class org.jetbrains.kotlin.resolve.calls.checkers.BuilderFunctionsCallChecker         : loaded 2 times (x 73B)
Class com.google.common.cache.LocalCache$Segment                                      : loaded 2 times (x 153B)
Class org.gradle.api.internal.DefaultClassPathProvider                                : loaded 2 times (x 75B)
Class kotlin.text.MatchGroup                                                          : loaded 2 times (x 71B)
Class org.gradle.internal.installation.GradleInstallation$1                           : loaded 2 times (x 74B)
Class [Lkotlin.DeprecationLevel;                                                      : loaded 2 times (x 68B)
Class org.jetbrains.kotlin.psi.KtDotQualifiedExpression$Companion                     : loaded 2 times (x 70B)
Class org.jetbrains.kotlin.metadata.ProtoBuf$QualifiedNameTable$QualifiedName         : loaded 2 times (x 109B)
Class com.google.common.cache.LocalCache$AbstractReferenceEntry                       : loaded 2 times (x 106B)
Class androidx.compose.ui.lint.ModifierParameterDetector$createUastHandler$1          : loaded 2 times (x 126B)
Class jdk.internal.jrtfs.SystemImage$1                                                : loaded 2 times (x 77B)
Class com.google.wireless.android.sdk.stats.IntelliJNewUISwitchOrBuilder              : loaded 2 times (x 69B)
Class org.jetbrains.kotlin.cli.jvm.compiler.KotlinCliJavaFileManagerImpl$findPackage$3: loaded 2 times (x 790B)
Class org.jetbrains.kotlin.psi.KtProperty                                             : loaded 2 times (x 1325B)
Class com.google.common.util.concurrent.AbstractFuture$Failure                        : loaded 2 times (x 71B)
Class jdk.internal.jrtfs.SystemImage$2                                                : loaded 2 times (x 75B)
Class com.google.wireless.android.sdk.stats.MultiViewEventOrBuilder                   : loaded 2 times (x 69B)
Class org.jetbrains.kotlin.extensions.TypeAttributeTranslatorExtension                : loaded 2 times (x 69B)
Class org.jetbrains.kotlin.resolve.extensions.SyntheticResolveExtension$Companion     : loaded 2 times (x 71B)
Class [Lorg.jetbrains.kotlin.psi.KtSuperTypeList;                                     : loaded 2 times (x 68B)
Class org.jetbrains.kotlin.psi.stubs.elements.KtBackingFieldElementType               : loaded 2 times (x 102B)
Class kotlin.text.MatchNamedGroupCollection                                           : loaded 2 times (x 69B)
Class com.google.wireless.android.sdk.stats.DynamicLayoutInspectorEventOrBuilder      : loaded 2 times (x 69B)
Class com.google.wireless.android.sdk.stats.GradleVersionCatalogDetectorEventOrBuilder: loaded 2 times (x 69B)
Class org.jetbrains.kotlin.builtins.PrimitiveType$Companion                           : loaded 2 times (x 70B)
Class com.google.wireless.android.sdk.stats.WearHealthServicesEvent                   : loaded 2 times (x 194B)
Class com.google.wireless.android.sdk.stats.HypervisorOrBuilder                       : loaded 2 times (x 69B)
Class org.jetbrains.kotlin.descriptors.InlineClassRepresentation                      : loaded 2 times (x 74B)
Class org.jetbrains.kotlin.types.TypeApproximatorConfiguration$InternalTypesApproximation: loaded 2 times (x 87B)
Class kotlin.ranges.IntProgression                                                    : loaded 2 times (x 80B)
Class com.google.common.reflect.Reflection                                            : loaded 2 times (x 70B)
Class org.jetbrains.kotlin.load.java.JavaTypeEnhancementState$Companion               : loaded 2 times (x 70B)
Class org.jetbrains.kotlin.resolve.checkers.UnderscoreChecker                         : loaded 2 times (x 73B)
Class org.jetbrains.kotlin.builtins.functions.FunctionTypeKindExtractor               : loaded 2 times (x 71B)
Class org.jetbrains.kotlin.builtins.StandardNames                                     : loaded 2 times (x 70B)
Class org.jetbrains.kotlin.psi.KtQualifiedExpression                                  : loaded 2 times (x 69B)
Class com.android.ide.common.resources.DataItem                                       : loaded 2 times (x 89B)
Class org.jetbrains.kotlin.util.OneElementArrayMap                                    : loaded 2 times (x 83B)
Class com.google.wireless.android.sdk.stats.DeviceExplorerEvent                       : loaded 2 times (x 200B)
Class kotlin.properties.NotNullVar                                                    : loaded 2 times (x 78B)
Class org.jetbrains.kotlin.resolve.checkers.PropertiesWithBackingFieldsInsideValueClass: loaded 2 times (x 73B)
Class org.jetbrains.kotlin.container.ComponentStorageState                            : loaded 2 times (x 78B)
Class org.jetbrains.kotlin.types.DefaultTypeAttributeTranslator                       : loaded 2 times (x 74B)
Class [Lorg.jetbrains.kotlin.psi.KtTypeArgumentList;                                  : loaded 2 times (x 68B)
Class com.android.utils.EnvironmentProvider                                           : loaded 2 times (x 69B)
Class org.jetbrains.org.objectweb.asm.tree.MethodNode                                 : loaded 2 times (x 108B)
Class com.google.wireless.android.sdk.stats.AppQualityInsightsUsageEventOrBuilder     : loaded 2 times (x 69B)
Class org.jetbrains.kotlin.resolve.calls.inference.model.ConstraintSystemError        : loaded 2 times (x 71B)
Class org.jetbrains.kotlin.config.JVMAssertionsMode$Companion                         : loaded 2 times (x 70B)
Class com.google.wireless.android.sdk.stats.StudioDeprecationNotificationEventOrBuilder: loaded 2 times (x 69B)
Class org.jetbrains.kotlin.diagnostics.PositioningStrategies$VAL_OR_VAR_NODE$1        : loaded 2 times (x 73B)
Class com.google.protobuf.MessageLiteOrBuilder                                        : loaded 2 times (x 69B)
Class [Lorg.jetbrains.kotlin.builtins.functions.FunctionTypeKind;                     : loaded 2 times (x 68B)
Class org.jetbrains.kotlin.diagnostics.PositioningStrategies$CALL_EXPRESSION$1        : loaded 2 times (x 73B)
Class org.jetbrains.kotlin.diagnostics.PositioningStrategies$CONTEXT_KEYWORD$1        : loaded 2 times (x 73B)
Class org.jetbrains.kotlin.load.java.structure.JavaWildcardType                       : loaded 2 times (x 69B)
Class com.google.common.collect.ImmutableMapEntry$NonTerminalImmutableBiMapEntry      : loaded 2 times (x 84B)
Class it.unimi.dsi.fastutil.objects.Object2IntMap$FastEntrySet                        : loaded 2 times (x 69B)
Class kotlin.reflect.jvm.internal.KClassImpl$Data$$Lambda$10                          : loaded 2 times (x 75B)
Class [Lcom.android.prefs.VariableValue;                                              : loaded 2 times (x 68B)
Class org.jetbrains.kotlin.descriptors.DescriptorVisibilities$1                       : loaded 2 times (x 78B)
Class com.google.common.collect.StandardTable$CellIterator                            : loaded 2 times (x 82B)
Class kotlin.reflect.jvm.internal.KClassImpl$Data$$Lambda$11                          : loaded 2 times (x 75B)
Class org.jetbrains.kotlin.descriptors.DescriptorVisibilities$2                       : loaded 2 times (x 78B)
Class com.google.wireless.android.sdk.stats.ComposeMultiPreviewEvent                  : loaded 2 times (x 200B)
Class com.google.wireless.android.sdk.stats.OSMetricsOrBuilder                        : loaded 2 times (x 69B)
Class org.jetbrains.kotlin.codegen.state.TypeMappingUtil                              : loaded 2 times (x 70B)
Class org.jetbrains.kotlin.serialization.deserialization.ClassDeserializer            : loaded 2 times (x 71B)
Class kotlin.reflect.jvm.internal.KClassImpl$Data$$Lambda$12                          : loaded 2 times (x 75B)
Class org.jetbrains.kotlin.descriptors.DescriptorVisibilities$3                       : loaded 2 times (x 78B)
Class org.jetbrains.kotlin.psi.typeRefHelpers.TypeRefHelpersKt                        : loaded 2 times (x 70B)
Class org.jetbrains.kotlin.psi.stubs.KotlinPlaceHolderStub                            : loaded 2 times (x 69B)
Class org.jetbrains.kotlin.psi.stubs.elements.KtStubElementType                       : loaded 2 times (x 99B)
Class kotlin.reflect.jvm.internal.KClassImpl$Data$$Lambda$13                          : loaded 2 times (x 75B)
Class org.jetbrains.kotlin.descriptors.DescriptorVisibilities$4                       : loaded 2 times (x 78B)
Class androidx.compose.material.lint.ScaffoldPaddingDetectorKt                        : loaded 2 times (x 70B)
Class com.google.wireless.android.sdk.stats.AndroidTestRetentionEventOrBuilder        : loaded 2 times (x 69B)
Class com.android.tools.analytics.NullUsageTracker                                    : loaded 2 times (x 80B)
Class org.jetbrains.kotlin.resolve.calls.inference.components.ResultTypeResolver$sinkIntegerLiteralTypes$$inlined$sortedBy$1: loaded 2 times (x 89B)
Class org.jetbrains.kotlin.serialization.deserialization.descriptors.DeserializedContainerSource: loaded 2 times (x 69B)
Class [Lorg.jetbrains.kotlin.psi.KtDotQualifiedExpression;                            : loaded 2 times (x 68B)
Class kotlin.reflect.jvm.internal.KClassImpl$Data$$Lambda$14                          : loaded 2 times (x 75B)
Class org.jetbrains.kotlin.descriptors.DescriptorVisibilities$5                       : loaded 2 times (x 78B)
Class kotlin.reflect.jvm.internal.KClassImpl$Data$$Lambda$15                          : loaded 2 times (x 75B)
Class org.jetbrains.kotlin.descriptors.DescriptorVisibilities$6                       : loaded 2 times (x 78B)
Class org.jetbrains.kotlin.types.model.StubTypeMarker                                 : loaded 2 times (x 69B)
Class org.jetbrains.kotlin.resolve.calls.results.SpecificityComparisonCallbacks       : loaded 2 times (x 69B)
Class org.jetbrains.kotlin.psi.stubs.KotlinPropertyAccessorStub                       : loaded 2 times (x 69B)
Class kotlin.reflect.jvm.internal.KClassImpl$Data$$Lambda$16                          : loaded 2 times (x 75B)
Class org.jetbrains.kotlin.descriptors.DescriptorVisibilities$7                       : loaded 2 times (x 78B)
Class com.android.utils.DateProvider                                                  : loaded 2 times (x 69B)
Class org.jetbrains.kotlin.resolve.calls.inference.components.VariableFixationFinderKt: loaded 2 times (x 70B)
Class org.jetbrains.kotlin.resolve.checkers.InnerClassInsideValueClass                : loaded 2 times (x 73B)
Class kotlin.reflect.jvm.internal.KClassImpl$Data$$Lambda$17                          : loaded 2 times (x 75B)
Class org.jetbrains.kotlin.descriptors.DescriptorVisibilities$8                       : loaded 2 times (x 78B)
Class org.jetbrains.kotlin.diagnostics.PositioningStrategies$PACKAGE_DIRECTIVE_NAME_EXPRESSION$1: loaded 2 times (x 73B)
Class [Lorg.jetbrains.kotlin.load.java.typeEnhancement.MutabilityQualifier;           : loaded 2 times (x 68B)
Class org.jetbrains.kotlin.psi.KtPsiFactoryKt                                         : loaded 2 times (x 70B)
Class org.jetbrains.kotlin.psi.KtStringTemplateEntryWithExpression                    : loaded 2 times (x 446B)
Class org.jetbrains.kotlin.descriptors.DescriptorVisibilities$9                       : loaded 2 times (x 78B)
Class kotlin.io.FileSystemException                                                   : loaded 2 times (x 81B)
Class com.google.protobuf.CodedOutputStream$ArrayEncoder                              : loaded 2 times (x 109B)
Class com.google.wireless.android.sdk.stats.ProductDetails$1                          : loaded 2 times (x 150B)
Class com.google.wireless.android.sdk.stats.WhatsNewAssistantUpdateEventOrBuilder     : loaded 2 times (x 69B)
Class org.jetbrains.kotlin.cli.jvm.index.JvmDependenciesIndex                         : loaded 2 times (x 69B)
Class kotlin.coroutines.jvm.internal.RestrictedSuspendLambda                          : loaded 2 times (x 90B)
Class com.google.wireless.android.sdk.stats.BuildAttributionUiEvent                   : loaded 2 times (x 215B)
Class com.google.common.hash.HashFunction                                             : loaded 2 times (x 69B)
Class com.google.gson.stream.JsonReader$1                                             : loaded 2 times (x 71B)
Class org.jetbrains.kotlin.load.java.JavaTypeQualifiersByElementType                  : loaded 2 times (x 71B)
Class org.jetbrains.kotlin.resolve.calls.checkers.EnumEntryVsCompanionPriorityCallChecker: loaded 2 times (x 73B)
Class org.jetbrains.kotlin.metadata.ProtoBuf$Annotation$ArgumentOrBuilder             : loaded 2 times (x 69B)
Class com.google.common.cache.LocalCache$EntryFactory$1                               : loaded 2 times (x 82B)
Class com.google.common.cache.LocalCache$EntryFactory$2                               : loaded 2 times (x 82B)
Class com.google.wireless.android.sdk.stats.FirebaseErrorDetailsOrBuilder             : loaded 2 times (x 69B)
Class org.jetbrains.kotlin.load.java.JavaNullabilityAnnotationSettingsKt              : loaded 2 times (x 70B)
Class [Lorg.jetbrains.kotlin.psi.KtNamed;                                             : loaded 2 times (x 68B)
Class com.google.common.collect.ImmutableSet$SerializedForm                           : loaded 2 times (x 72B)
Class com.google.common.cache.LocalCache$EntryFactory$3                               : loaded 2 times (x 82B)
Class com.google.wireless.android.sdk.stats.TestScenarioEvent                         : loaded 2 times (x 203B)
Class org.jetbrains.kotlin.resolve.calls.checkers.ResultTypeWithNullableOperatorsChecker: loaded 2 times (x 73B)
Class kotlin.reflect.jvm.internal.KMutableProperty1Impl$$Lambda$0                     : loaded 2 times (x 75B)
Class [Lorg.jetbrains.kotlin.serialization.deserialization.AnnotatedCallableKind;     : loaded 2 times (x 68B)
Class [Lcom.google.common.collect.Maps$EntryFunction;                                 : loaded 2 times (x 68B)
Class com.google.common.cache.LocalCache$EntryFactory$4                               : loaded 2 times (x 82B)
Class org.jetbrains.kotlin.psi.KtCallableReferenceExpression                          : loaded 2 times (x 512B)
Class org.jetbrains.kotlin.serialization.deserialization.ProtoEnumFlagsUtilsKt$WhenMappings: loaded 2 times (x 70B)
Class com.google.common.cache.LocalCache$EntryFactory$5                               : loaded 2 times (x 82B)
Class org.jetbrains.kotlin.psi.KtModifierListOwnerStub                                : loaded 2 times (x 582B)
Class it.unimi.dsi.fastutil.objects.AbstractObjectCollection                          : loaded 2 times (x 142B)
Class com.google.common.cache.LocalCache$EntryFactory$6                               : loaded 2 times (x 82B)
Class com.google.common.reflect.TypeResolver$TypeVariableKey                          : loaded 2 times (x 71B)
Class com.google.common.cache.LocalCache$EntryFactory$7                               : loaded 2 times (x 82B)
Class com.google.wireless.android.sdk.stats.IntellijProjectSizeStatsOrBuilder         : loaded 2 times (x 69B)
Class com.google.common.cache.LocalCache$EntryFactory$8                               : loaded 2 times (x 82B)
Class org.jetbrains.kotlin.name.FqNamesUtilKt$WhenMappings                            : loaded 2 times (x 70B)
Class org.jetbrains.kotlin.extensions.StorageComponentContainerContributor$Companion  : loaded 2 times (x 71B)
Class com.google.protobuf.CodedOutputStream$AbstractBufferedEncoder                   : loaded 2 times (x 109B)
Class org.jetbrains.kotlin.resolve.calls.inference.ConstraintSystemBuilder            : loaded 2 times (x 69B)
Class kotlin.collections.ArrayDeque$Companion                                         : loaded 2 times (x 70B)
Class com.google.wireless.android.sdk.stats.ParallelAndroidTestReportUiEventOrBuilder : loaded 2 times (x 69B)
Class kotlin.collections.builders.MapBuilder$EntryRef                                 : loaded 2 times (x 80B)
Class org.jetbrains.kotlin.mpp.ValueParameterSymbolMarker                             : loaded 2 times (x 69B)
Class [Lorg.jetbrains.kotlin.container.PlatformExtensionsClashResolver;               : loaded 2 times (x 68B)
Class com.google.wireless.android.sdk.stats.WhatsNewAssistantEvent                    : loaded 2 times (x 194B)
Class org.jetbrains.kotlin.resolve.calls.checkers.ReifiedTypeParameterSubstitutionChecker: loaded 2 times (x 74B)
Class org.jetbrains.kotlin.resolve.checkers.AnnotationClassTargetAndRetentionChecker  : loaded 2 times (x 73B)
Class com.google.common.cache.LocalCache$StrongValueReference                         : loaded 2 times (x 89B)
Class com.google.wireless.android.sdk.stats.FastPreviewEvent                          : loaded 2 times (x 198B)
Class com.google.common.collect.RegularImmutableBiMap$Inverse$InverseEntrySet         : loaded 2 times (x 151B)
Class kotlinx.coroutines.ExecutorCoroutineDispatcher$Key$1                            : loaded 2 times (x 77B)
Class org.gradle.internal.classloader.FilteringClassLoader                            : loaded 2 times (x 104B)
Class androidx.compose.runtime.lint.ComposableNamingDetector$createUastHandler$1      : loaded 2 times (x 126B)
Class com.google.protobuf.Extension$ExtensionType                                     : loaded 2 times (x 78B)
Class org.jetbrains.org.objectweb.asm.TypeReference                                   : loaded 2 times (x 79B)
Class org.jetbrains.kotlin.resolve.calls.checkers.IncorrectCapturedApproximationCallChecker: loaded 2 times (x 73B)
Class org.jetbrains.kotlin.cli.jvm.index.JavaRoot$RootTypes                           : loaded 2 times (x 70B)
Class com.android.manifmerger.ManifestMerger2$MergeFailureException                   : loaded 2 times (x 81B)
Class com.google.wireless.android.sdk.stats.AppLinksAssistantEventOrBuilder           : loaded 2 times (x 69B)
Class org.jetbrains.kotlin.psi.KotlinStringLiteralTextEscaper                         : loaded 2 times (x 75B)
Class [Lorg.jetbrains.kotlin.psi.KtValueArgumentList;                                 : loaded 2 times (x 68B)
Class com.google.wireless.android.sdk.stats.SentimentSurveyEvent                      : loaded 2 times (x 198B)
Class com.google.wireless.android.sdk.stats.WearTileAnimationToolingEventOrBuilder    : loaded 2 times (x 69B)
Class org.jetbrains.kotlin.load.java.structure.impl.VirtualFileBoundJavaClass         : loaded 2 times (x 69B)
Class org.jetbrains.kotlin.psi.ValueArgument                                          : loaded 2 times (x 69B)
Class com.google.wireless.android.sdk.stats.SmlGeolocationEventOrBuilder              : loaded 2 times (x 69B)
Class org.jetbrains.kotlin.types.model.MarkerExtensionsKt                             : loaded 2 times (x 70B)
Class [Lorg.jetbrains.kotlin.metadata.ProtoBuf$VersionRequirement$Level;              : loaded 2 times (x 68B)
Class org.jetbrains.kotlin.psi.stubs.KotlinImportAliasStub                            : loaded 2 times (x 69B)
Class org.jetbrains.kotlin.psi.KtClass                                                : loaded 2 times (x 1102B)
Class kotlin.collections.AbstractMutableList                                          : loaded 2 times (x 167B)
Class com.google.common.reflect.TypeResolver$TypeTable                                : loaded 2 times (x 72B)
Class androidx.compose.lint.Names$AnimationCore                                       : loaded 2 times (x 70B)
Class org.jetbrains.kotlin.resolve.calls.inference.model.Constraint                   : loaded 2 times (x 71B)
Class [Lorg.jetbrains.kotlin.psi.KtParameter;                                         : loaded 2 times (x 68B)
Class com.google.common.reflect.Invokable$MethodInvokable                             : loaded 2 times (x 104B)
Class jdk.internal.jimage.ImageReader$Resource                                        : loaded 2 times (x 83B)
Class com.google.wireless.android.sdk.stats.AndroidViewShowBuildFilesInModuleEventOrBuilder: loaded 2 times (x 69B)
Class org.jetbrains.kotlin.container.ValueResolver                                    : loaded 2 times (x 69B)
Class org.jetbrains.kotlin.parsing.Consumer                                           : loaded 2 times (x 69B)
Class it.unimi.dsi.fastutil.ints.IntArrays$ForkJoinQuickSortIndirect                  : loaded 2 times (x 89B)
Class org.jetbrains.kotlin.types.AbstractTypeApproximator$ApproximationResult         : loaded 2 times (x 71B)
Class org.jetbrains.kotlin.types.TypeApproximatorConfiguration$AbstractCapturedTypesAndILTApproximation: loaded 2 times (x 87B)
Class org.jetbrains.kotlin.resolve.calls.checkers.NullableVarargArgumentCallChecker   : loaded 2 times (x 73B)
Class [Lorg.jetbrains.kotlin.psi.KtEscapeStringTemplateEntry;                         : loaded 2 times (x 68B)
Class org.jetbrains.kotlin.load.java.typeEnhancement.TypeComponentPosition            : loaded 2 times (x 78B)
Class org.jetbrains.kotlin.serialization.deserialization.ProtoContainer               : loaded 2 times (x 72B)
Class org.jetbrains.kotlin.diagnostics.PositioningStrategies$TYPE_PARAMETERS_LIST$1   : loaded 2 times (x 73B)
Class org.jetbrains.kotlin.progress.ProgressIndicatorAndCompilationCanceledStatus     : loaded 2 times (x 70B)
Class com.android.utils.Pair                                                          : loaded 2 times (x 71B)
Class jdk.internal.jrtfs.SystemImage                                                  : loaded 2 times (x 73B)
Class com.android.repository.io.FileOpUtils                                           : loaded 2 times (x 70B)
Class com.google.wireless.android.sdk.stats.UpgradeAndroidStudioDialogStats           : loaded 2 times (x 194B)
Class kotlin.coroutines.CombinedContext                                               : loaded 2 times (x 77B)
Class com.android.utils.PositionXmlParser$SaxParserPool                               : loaded 2 times (x 78B)
Class org.jetbrains.kotlin.psi.KtFileAnnotationList                                   : loaded 2 times (x 507B)
Class [Lcom.google.common.cache.LocalCache$Strength;                                  : loaded 2 times (x 68B)
Class org.gradle.internal.classpath.DefaultClassPath$ImmutableUniqueList$Builder      : loaded 2 times (x 74B)
Class org.jetbrains.kotlin.psi.stubs.elements.KtTokenSets                             : loaded 2 times (x 69B)
Class com.google.wireless.android.sdk.stats.WifiPairingEventOrBuilder                 : loaded 2 times (x 69B)
Class org.jetbrains.kotlin.load.java.structure.JavaArrayType                          : loaded 2 times (x 69B)
Class org.jetbrains.kotlin.psi.KtAnnotationEntry                                      : loaded 2 times (x 522B)
Class org.jetbrains.kotlin.platform.jvm.JdkPlatform                                   : loaded 2 times (x 74B)
Class org.jetbrains.kotlin.psi.KtBinaryExpressionWithTypeRHS                          : loaded 2 times (x 501B)
Class com.google.wireless.android.sdk.stats.LintSession                               : loaded 2 times (x 220B)
Class org.jetbrains.kotlin.parsing.KotlinParser                                       : loaded 2 times (x 74B)
Class com.google.gson.JsonSyntaxException                                             : loaded 2 times (x 81B)
Class com.google.protobuf.Descriptors$Descriptor                                      : loaded 2 times (x 75B)
Class org.jetbrains.kotlin.types.AbstractTypeApproximator$referenceApproximateToSuperType$1: loaded 2 times (x 124B)
Class [Lorg.jetbrains.kotlin.psi.KtElementImpl;                                       : loaded 2 times (x 68B)
Class org.jetbrains.kotlin.resolve.calls.inference.components.VariableFixationFinder$Context: loaded 2 times (x 69B)
Class org.jetbrains.kotlin.config.LanguageVersionSettingsKt                           : loaded 2 times (x 70B)
Class com.android.prefs.VariableValue                                                 : loaded 2 times (x 83B)
Class com.google.wireless.android.sdk.stats.DesignEditorHelpPanelEvent                : loaded 2 times (x 198B)
Class com.google.wireless.android.sdk.stats.GradleBuildProfileOrBuilder               : loaded 2 times (x 69B)
Class org.jetbrains.kotlin.types.model.IntersectionTypeConstructorMarker              : loaded 2 times (x 69B)
Class com.android.utils.FileUtils                                                     : loaded 2 times (x 70B)
Class com.google.common.collect.Sets$3$1                                              : loaded 2 times (x 81B)
Class org.jetbrains.kotlin.utils.DFS$VisitedWithSet                                   : loaded 2 times (x 75B)
Class org.jetbrains.kotlin.resolve.calls.tower.CandidateApplicability                 : loaded 2 times (x 78B)
Class org.jetbrains.kotlin.storage.CacheWithNullableValues                            : loaded 2 times (x 69B)
Class kotlin.reflect.jvm.internal.KPropertyImpl$$Lambda$0                             : loaded 2 times (x 75B)
Class [Lcom.google.common.cache.CacheBuilder$NullListener;                            : loaded 2 times (x 68B)
Class com.google.protobuf.Internal$FloatList                                          : loaded 2 times (x 69B)
Class kotlin.reflect.jvm.internal.KPropertyImpl$$Lambda$1                             : loaded 2 times (x 75B)
Class [Lkotlin.annotation.AnnotationRetention;                                        : loaded 2 times (x 68B)
Class [Lorg.jetbrains.kotlin.container.ComponentStorageState;                         : loaded 2 times (x 68B)
Class org.jetbrains.kotlin.psi.stubs.KotlinContextReceiverStub                        : loaded 2 times (x 69B)
Class org.jetbrains.kotlin.psi.stubs.elements.KtImportAliasElementType                : loaded 2 times (x 99B)
Class org.jetbrains.kotlin.psi.stubs.elements.KtStubElementTypes                      : loaded 2 times (x 69B)
Class kotlin.Result$Failure                                                           : loaded 2 times (x 71B)
Class com.google.common.collect.HashMultimap                                          : loaded 2 times (x 173B)
Class [Lorg.jetbrains.kotlin.resolve.calls.inference.model.NewConstraintSystemImpl$State;: loaded 2 times (x 68B)
Class org.jetbrains.kotlin.psi.KtModifierList                                         : loaded 2 times (x 513B)
Class org.jetbrains.kotlin.resolve.calls.NewCommonSuperTypeCalculator                 : loaded 2 times (x 70B)
Class [Lorg.jetbrains.kotlin.resolve.checkers.ClassifierUsageChecker;                 : loaded 2 times (x 68B)
Class kotlin.Result$Companion                                                         : loaded 2 times (x 70B)
Class org.jetbrains.org.objectweb.asm.tree.UnsupportedClassVersionException           : loaded 2 times (x 81B)
Class com.google.common.collect.ImmutableMultimap$EntryCollection                     : loaded 2 times (x 127B)
Class org.jetbrains.kotlin.name.CallableId$Companion                                  : loaded 2 times (x 70B)
Class org.jetbrains.kotlin.psi.KtTypeParameter                                        : loaded 2 times (x 916B)
Class com.google.protobuf.Android                                                     : loaded 2 times (x 70B)
Class com.google.gson.internal.bind.JsonTreeWriter                                    : loaded 2 times (x 97B)
Class kotlin.reflect.jvm.internal.KPackageImpl$$Lambda$0                              : loaded 2 times (x 75B)
Class org.jetbrains.kotlin.diagnostics.rendering.DiagnosticParameterRendererKt$Renderer$1: loaded 2 times (x 79B)
Class org.jetbrains.kotlin.resolve.PlatformConfigurator                               : loaded 2 times (x 69B)
Class [Lorg.jetbrains.kotlin.parsing.KotlinParsing$DeclarationParsingMode;            : loaded 2 times (x 68B)
Class kotlin.jvm.internal.markers.KMutableIterator                                    : loaded 2 times (x 69B)
Class org.jetbrains.org.objectweb.asm.tree.LdcInsnNode                                : loaded 2 times (x 77B)
Class com.android.ide.common.resources.configuration.HighDynamicRangeQualifier        : loaded 2 times (x 90B)
Class kotlin.collections.builders.ListBuilderKt                                       : loaded 2 times (x 70B)
Class com.google.protobuf.WireFormat                                                  : loaded 2 times (x 70B)
Class com.google.wireless.android.sdk.stats.VirtualizationEvent                       : loaded 2 times (x 196B)
Class com.google.wireless.android.sdk.stats.NavSafeArgsEvent                          : loaded 2 times (x 198B)
Class com.google.protobuf.UnknownFieldSet                                             : loaded 2 times (x 86B)
Class kotlin.collections.IntIterator                                                  : loaded 2 times (x 81B)
Class org.jetbrains.kotlin.config.KotlinCompilerVersion                               : loaded 2 times (x 70B)
Class jdk.internal.jrtfs.JrtDirectoryStream$1                                         : loaded 2 times (x 82B)
Class org.jetbrains.kotlin.types.AbstractTypeApproximator$Companion                   : loaded 2 times (x 70B)
Class kotlin.reflect.jvm.internal.impl.name.ClassId                                   : loaded 2 times (x 71B)
Class org.objectweb.asm.AnnotationWriter                                              : loaded 2 times (x 78B)
Class kotlin.jvm.internal.markers.KMutableIterable                                    : loaded 2 times (x 69B)
Class kotlin.coroutines.CoroutineContext$DefaultImpls                                 : loaded 2 times (x 70B)
Class org.apache.commons.io.output.ThresholdingOutputStream                           : loaded 2 times (x 94B)
Class org.jetbrains.kotlin.diagnostics.PositioningStrategies$LABEL$1                  : loaded 2 times (x 73B)
Class org.jetbrains.kotlin.resolve.jvm.JvmPrimitiveType                               : loaded 2 times (x 78B)
Class org.jetbrains.kotlin.load.java.structure.JavaPackage                            : loaded 2 times (x 69B)
Class org.jetbrains.kotlin.psi.KtContainerNodeForControlStructureBody                 : loaded 2 times (x 375B)
Class org.gradle.internal.classloader.ClassLoaderVisitor                              : loaded 2 times (x 75B)
Class org.jetbrains.kotlin.psi.KtBackingField                                         : loaded 2 times (x 791B)
Class org.jetbrains.kotlin.psi.KtExpressionImpl$Companion                             : loaded 2 times (x 70B)
Class org.jetbrains.kotlin.types.TypeAttributeTranslator                              : loaded 2 times (x 69B)
Class org.jetbrains.kotlin.platform.jvm.JvmPlatforms                                  : loaded 2 times (x 70B)
Class org.jetbrains.kotlin.resolve.checkers.CheckerContext                            : loaded 2 times (x 69B)
Class [Lcom.google.common.collect.HashBiMap$BiEntry;                                  : loaded 2 times (x 68B)
Class org.jetbrains.kotlin.load.java.AbstractAnnotationTypeQualifierResolver$Companion: loaded 2 times (x 70B)
Class org.jetbrains.kotlin.storage.NullableLazyValue                                  : loaded 2 times (x 69B)
Class [Lorg.jetbrains.kotlin.psi.KtFunctionType;                                      : loaded 2 times (x 68B)
Class org.jetbrains.kotlin.resolve.calls.model.PostponedAtomWithRevisableExpectedType : loaded 2 times (x 69B)
Class [Lorg.jetbrains.kotlin.resolve.calls.tower.CandidateApplicability;              : loaded 2 times (x 68B)
Class org.jetbrains.kotlin.utils.WrappedValues                                        : loaded 2 times (x 70B)
Class org.jetbrains.kotlin.resolve.IdentifierChecker                                  : loaded 2 times (x 69B)
Class org.jetbrains.kotlin.metadata.deserialization.NameResolverImpl$WhenMappings     : loaded 2 times (x 70B)
Class org.jetbrains.kotlin.utils.SmartList                                            : loaded 2 times (x 162B)
Class org.jetbrains.kotlin.protobuf.ProtocolStringList                                : loaded 2 times (x 69B)
Class kotlin.jvm.internal.TypeIntrinsics                                              : loaded 2 times (x 70B)
Class com.google.common.cache.CacheBuilder$NullListener                               : loaded 2 times (x 81B)
Class org.jetbrains.kotlin.psi.stubs.KotlinEnumEntrySuperclassReferenceExpressionStub : loaded 2 times (x 69B)
Class androidx.compose.lint.Names$Runtime$Annotation                                  : loaded 2 times (x 70B)
Class org.jetbrains.kotlin.resolve.calls.model.ResolvedCall                           : loaded 2 times (x 69B)
Class org.jetbrains.kotlin.resolve.calls.checkers.ProtectedConstructorCallChecker     : loaded 2 times (x 73B)
Class org.jetbrains.kotlin.resolve.checkers.DeprecatedSinceKotlinAnnotationChecker    : loaded 2 times (x 73B)
Class com.google.common.collect.Queues                                                : loaded 2 times (x 70B)
Class com.android.tools.lint.model.DefaultLintModelDependency                         : loaded 2 times (x 85B)
Class com.google.wireless.android.sdk.stats.SmlCompletionEventOrBuilder               : loaded 2 times (x 69B)
Class org.jetbrains.kotlin.psi.KtModifierListOwner                                    : loaded 2 times (x 69B)
Class kotlin.reflect.jvm.internal.KPropertyImpl$Companion                             : loaded 2 times (x 70B)
Class com.google.wireless.android.sdk.stats.PSDEvent                                  : loaded 2 times (x 209B)
Class com.google.wireless.android.sdk.stats.GradleJdkInvalidEvent                     : loaded 2 times (x 194B)
Class [Lorg.jetbrains.kotlin.psi.KtAnnotationEntry;                                   : loaded 2 times (x 68B)
Class org.jetbrains.kotlin.psi.KtDeclarationContainer                                 : loaded 2 times (x 69B)
Class org.jetbrains.kotlin.psi.KtInitializerList                                      : loaded 2 times (x 445B)
Class com.android.tools.analytics.Anonymizer                                          : loaded 2 times (x 70B)
Class org.jetbrains.kotlin.idea.KotlinLanguage                                        : loaded 2 times (x 106B)
Class org.jetbrains.kotlin.types.AbstractTypeMapper$WhenMappings                      : loaded 2 times (x 70B)
Class org.jetbrains.kotlin.resolve.calls.model.PostponedResolvedAtomMarker            : loaded 2 times (x 69B)
Class org.jetbrains.kotlin.resolve.calls.checkers.ContractNotAllowedCallChecker       : loaded 2 times (x 73B)
Class com.google.common.collect.ImmutableMultimap                                     : loaded 2 times (x 146B)
Class com.google.wireless.android.sdk.stats.DaemonCodeAnalyzerFinishedEvent           : loaded 2 times (x 210B)
Class com.google.gson.TypeAdapter$1                                                   : loaded 2 times (x 73B)
Class org.jetbrains.kotlin.metadata.ProtoBuf$TypeAliasOrBuilder                       : loaded 2 times (x 69B)
Class org.jetbrains.kotlin.diagnostics.DiagnosticSink                                 : loaded 2 times (x 69B)
Class org.jetbrains.kotlin.load.kotlin.KotlinBinaryClassCache$cache$1                 : loaded 2 times (x 79B)
Class com.android.ide.common.repository.AgpVersion$Companion                          : loaded 2 times (x 70B)
Class [Lkotlin.reflect.KProperty;                                                     : loaded 2 times (x 68B)
Class com.android.tools.lint.model.DefaultLintModelArtifact                           : loaded 2 times (x 83B)
Class org.apache.commons.io.filefilter.IOFileFilter                                   : loaded 2 times (x 69B)
Class org.jetbrains.kotlin.load.kotlin.TypeSignatureMappingKt                         : loaded 2 times (x 70B)
Class com.android.ide.common.resources.configuration.ScreenSizeQualifier              : loaded 2 times (x 91B)
Class org.jetbrains.kotlin.metadata.ProtoBuf$QualifiedNameTable$QualifiedNameOrBuilder: loaded 2 times (x 69B)
Class kotlin.reflect.jvm.internal.KTypeParameterOwnerImpl                             : loaded 2 times (x 69B)
Class androidx.compose.foundation.lint.FoundationNames$Layout                         : loaded 2 times (x 70B)
Class org.jetbrains.kotlin.config.AnalysisFlags                                       : loaded 2 times (x 70B)
Class org.jetbrains.kotlin.cli.jvm.compiler.KotlinCoreEnvironment                     : loaded 2 times (x 71B)
Class org.jetbrains.kotlin.resolve.calls.inference.components.PostponedArgumentInputTypesResolver$Companion: loaded 2 times (x 70B)
Class androidx.compose.material3.lint.Material3Names$Material3                        : loaded 2 times (x 70B)
Class com.google.wireless.android.sdk.stats.EditorCompletionStatsOrBuilder            : loaded 2 times (x 69B)
Class kotlin.jvm.internal.Ref$IntRef                                                  : loaded 2 times (x 70B)
Class org.jetbrains.kotlin.util.NullableArrayMapAccessor                              : loaded 2 times (x 73B)
Class org.jetbrains.kotlin.resolve.checkers.PlatformDiagnosticSuppressorClashesResolver: loaded 2 times (x 72B)
Class org.jetbrains.kotlin.kdoc.lexer.KDocTokens$1                                    : loaded 2 times (x 83B)
Class org.jetbrains.kotlin.compiler.plugin.CompilerPluginRegistrar$Companion          : loaded 2 times (x 70B)
Class com.google.common.hash.AbstractHashFunction                                     : loaded 2 times (x 94B)
Class org.jetbrains.kotlin.types.TypeApproximatorConfiguration$FinalApproximationAfterResolutionAndInference: loaded 2 times (x 87B)
Class org.jetbrains.kotlin.resolve.checkers.ActualTypealiasToSpecialAnnotationChecker : loaded 2 times (x 73B)
Class com.android.ide.common.resources.configuration.Configurable                     : loaded 2 times (x 69B)
Class org.jetbrains.kotlin.kdoc.lexer.KDocTokens$2                                    : loaded 2 times (x 83B)
Class org.jetbrains.kotlin.psi.KtParameter                                            : loaded 2 times (x 1158B)
Class org.jetbrains.kotlin.diagnostics.PositioningStrategies$IMPORT_LAST_NAME$1       : loaded 2 times (x 73B)
Class com.google.wireless.android.sdk.stats.AutoSyncSettingChangeEvent                : loaded 2 times (x 196B)
Class com.google.wireless.android.sdk.stats.StopEvent                                 : loaded 2 times (x 206B)
Class com.google.wireless.android.sdk.stats.HeapReportEvent                           : loaded 2 times (x 198B)
Class org.jetbrains.kotlin.types.AbstractTypePreparator                               : loaded 2 times (x 71B)
Class org.jetbrains.kotlin.psi.stubs.elements.KtImportDirectiveElementType            : loaded 2 times (x 102B)
Class org.jetbrains.kotlin.SpecialJvmAnnotations                                      : loaded 2 times (x 70B)
Class org.jetbrains.kotlin.psi.KtAnonymousInitializer                                 : loaded 2 times (x 69B)
Class org.jetbrains.kotlin.config.JvmTarget                                           : loaded 2 times (x 82B)
Class org.jetbrains.kotlin.renderer.DescriptorRenderer                                : loaded 2 times (x 82B)
Class org.jetbrains.kotlin.descriptors.java.JavaVisibilities$ProtectedStaticVisibility: loaded 2 times (x 78B)
Class [Lorg.jetbrains.kotlin.descriptors.ClassKind;                                   : loaded 2 times (x 68B)
Class org.jetbrains.kotlin.psi.KtDeclarationModifierList                              : loaded 2 times (x 513B)
Class org.jetbrains.kotlin.utils.SmartList$SingletonIterator                          : loaded 2 times (x 81B)
Class [Lorg.jetbrains.kotlin.metadata.ProtoBuf$VersionRequirement$VersionKind;        : loaded 2 times (x 68B)
Class org.jetbrains.kotlin.asJava.KtLightClassMarker                                  : loaded 2 times (x 69B)
Class it.unimi.dsi.fastutil.ints.IntBidirectionalIterator                             : loaded 2 times (x 69B)
Class org.jetbrains.org.objectweb.asm.Frame                                           : loaded 2 times (x 72B)
Class org.gradle.internal.service.DefaultServiceLocator                               : loaded 2 times (x 82B)
Class org.jetbrains.kotlin.codegen.signature.JvmSignatureWriter                       : loaded 2 times (x 104B)
Class it.unimi.dsi.fastutil.objects.Object2IntOpenHashMap                             : loaded 2 times (x 246B)
Class org.gradle.internal.service.UnknownServiceException                             : loaded 2 times (x 82B)
Class org.jetbrains.kotlin.metadata.deserialization.VersionRequirementTable$Companion : loaded 2 times (x 70B)
Class org.jetbrains.kotlin.utils.WrappedValues$ThrowableWrapper                       : loaded 2 times (x 71B)
Class org.jetbrains.kotlin.parsing.PrecedingCommentsBinder                            : loaded 2 times (x 75B)
Class it.unimi.dsi.fastutil.objects.ReferenceCollection                               : loaded 2 times (x 69B)
Class org.jetbrains.kotlin.resolve.jvm.extensions.AnalysisHandlerExtension$Companion  : loaded 2 times (x 71B)
Class androidx.activity.lint.ActivityResultFragmentVersionDetector$createUastHandler$1: loaded 2 times (x 126B)
Class org.jetbrains.kotlin.diagnostics.rendering.LanguageFeatureMessageRenderer       : loaded 2 times (x 74B)
Class [Lorg.jetbrains.kotlin.resolve.calls.inference.components.VariableFixationFinder$TypeVariableFixationReadiness;: loaded 2 times (x 68B)
Class org.jetbrains.kotlin.types.model.TypeSystemInferenceExtensionContext            : loaded 2 times (x 69B)
Class com.android.utils.PositionXmlParser$ParserPool                                  : loaded 2 times (x 78B)
Class com.android.tools.lint.model.LintModelExternalLibrary                           : loaded 2 times (x 69B)
Class com.android.prefs.QueryResult                                                   : loaded 2 times (x 83B)
Class com.google.common.util.concurrent.AbstractFuture$SynchronizedHelper             : loaded 2 times (x 77B)
Class org.jetbrains.kotlin.serialization.deserialization.ProtoEnumFlags$WhenMappings  : loaded 2 times (x 70B)
Class com.android.ide.common.resources.ResourceItem                                   : loaded 2 times (x 69B)
Class org.jetbrains.kotlin.lexer.KtModifierKeywordToken                               : loaded 2 times (x 77B)
Class com.google.common.collect.Collections2$FilteredCollection                       : loaded 2 times (x 118B)
Class com.android.tools.analytics.UsageTracker                                        : loaded 2 times (x 70B)
Class org.jetbrains.kotlin.psi.KtDeclarationImpl                                      : loaded 2 times (x 644B)
Class kotlin.reflect.jvm.internal.impl.builtins.jvm.JavaToKotlinClassMap$PlatformMutabilityMapping: loaded 2 times (x 71B)
Class org.jetbrains.kotlin.build.report.metrics.DoNothingBuildMetricsReporter         : loaded 2 times (x 85B)
Class [Lcom.android.resources.ScreenRound;                                            : loaded 2 times (x 68B)
Class [Lorg.jetbrains.kotlin.psi.KtStatementExpression;                               : loaded 2 times (x 68B)
Class org.jetbrains.kotlin.diagnostics.PositioningStrategies$ELSE_ENTRY$1             : loaded 2 times (x 73B)
Class com.google.wireless.android.sdk.stats.LiveLiteralsEvent                         : loaded 2 times (x 202B)
Class kotlin.sequences.DropTakeSequence                                               : loaded 2 times (x 69B)
Class com.google.wireless.android.sdk.stats.CreateDiagnosticReportActionOrBuilder     : loaded 2 times (x 69B)
Class org.jetbrains.kotlin.load.java.ReportLevel                                      : loaded 2 times (x 78B)
Class org.jetbrains.kotlin.metadata.ProtoBuf$EffectOrBuilder                          : loaded 2 times (x 69B)
Class org.jetbrains.kotlin.resolve.calls.results.TypeSpecificityComparator$NONE       : loaded 2 times (x 73B)
Class [Lcom.android.ide.common.resources.configuration.ResourceQualifier;             : loaded 2 times (x 68B)
Class org.jetbrains.kotlin.config.LanguageVersionSettingsImpl                         : loaded 2 times (x 82B)
Class [Lcom.android.utils.StdLogger$Level;                                            : loaded 2 times (x 68B)
Class [Lorg.jetbrains.kotlin.codegen.signature.BothSignatureWriter$Mode;              : loaded 2 times (x 68B)
Class org.jetbrains.kotlin.parsing.TrailingCommentsBinder                             : loaded 2 times (x 75B)
Class org.jetbrains.kotlin.resolve.calls.inference.components.VariableFixationFinder$WhenMappings: loaded 2 times (x 70B)
Class org.jetbrains.org.objectweb.asm.signature.SignatureVisitor                      : loaded 2 times (x 86B)
Class org.jetbrains.kotlin.types.model.TypeParameterMarker                            : loaded 2 times (x 69B)
Class org.jetbrains.kotlin.types.model.FlexibleTypeMarker                             : loaded 2 times (x 69B)
Class [Lorg.jetbrains.kotlin.parsing.KotlinParsing$AnnotationParsingMode;             : loaded 2 times (x 68B)
Class kotlin.collections.AbstractMutableSet                                           : loaded 2 times (x 141B)
Class androidx.compose.runtime.lint.ComposableCoroutineCreationDetectorKt             : loaded 2 times (x 70B)
Class org.jetbrains.kotlin.diagnostics.rendering.DiagnosticParameterRendererKt$ContextDependentRenderer$1: loaded 2 times (x 74B)
Class com.google.wireless.android.sdk.stats.MachineDetails                            : loaded 2 times (x 204B)
Class org.jetbrains.kotlin.lexer._JetLexer                                            : loaded 2 times (x 82B)
Class kotlinx.coroutines.CoroutineContextKt$hasCopyableElements$1                     : loaded 2 times (x 77B)
Class com.google.common.collect.HashMultimapGwtSerializationDependencies              : loaded 2 times (x 173B)
Class com.google.wireless.android.sdk.stats.K2ModeEvent                               : loaded 2 times (x 194B)
Class org.jetbrains.kotlin.resolve.calls.inference.model.ConstraintPosition           : loaded 2 times (x 70B)
Class [Lorg.jetbrains.kotlin.lexer.KtKeywordToken;                                    : loaded 2 times (x 68B)
Class org.jetbrains.kotlin.psi.KtClassInitializer                                     : loaded 2 times (x 785B)
Class kotlin.reflect.jvm.internal.impl.name.Name                                      : loaded 2 times (x 74B)
Class org.jetbrains.kotlin.diagnostics.PositioningStrategies$REDUNDANT_NULLABLE$1     : loaded 2 times (x 73B)
Class org.jetbrains.kotlin.diagnostics.PositioningStrategies$FOR_UNRESOLVED_REFERENCE$1: loaded 2 times (x 73B)
Class org.jetbrains.kotlin.resolve.checkers.SealedInterfaceAllowedChecker             : loaded 2 times (x 73B)
Class kotlin.collections.CollectionsKt___CollectionsKt$asSequence$$inlined$Sequence$1 : loaded 2 times (x 74B)
Class com.google.common.cache.LocalCache$Values                                       : loaded 2 times (x 117B)
Class com.google.common.cache.CacheLoader$InvalidCacheLoadException                   : loaded 2 times (x 81B)
Class org.jetbrains.kotlin.utils.DFS                                                  : loaded 2 times (x 70B)
Class org.jetbrains.kotlin.storage.LockBasedStorageManager$1                          : loaded 2 times (x 107B)
Class org.gradle.internal.classloader.DefaultClassLoaderFactory                       : loaded 2 times (x 81B)
Class com.google.wireless.android.sdk.stats.BuildOutputWindowStats                    : loaded 2 times (x 198B)
Class com.google.wireless.android.sdk.stats.DeviceMirroringAbnormalAgentTermination   : loaded 2 times (x 196B)
Class com.google.common.hash.AbstractByteHasher                                       : loaded 2 times (x 146B)
Class jdk.internal.jimage.ImageReader$SharedImageReader                               : loaded 2 times (x 94B)
Class com.google.wireless.android.sdk.stats.ComposeDeployEvent                        : loaded 2 times (x 194B)
Class com.google.wireless.android.sdk.stats.PromptLibraryEventOrBuilder               : loaded 2 times (x 69B)
Class com.android.tools.analytics.AnalyticsSettingsKt                                 : loaded 2 times (x 70B)
Class org.jetbrains.kotlin.descriptors.ValueDescriptor                                : loaded 2 times (x 69B)
Class kotlin.reflect.KClass                                                           : loaded 2 times (x 69B)
Class com.google.common.base.Stopwatch                                                : loaded 2 times (x 71B)
Class org.jetbrains.kotlin.load.java.JavaNullabilityAnnotationsStatus$Companion       : loaded 2 times (x 70B)
Class androidx.compose.ui.lint.ConfigurationScreenWidthHeightDetector$createUastHandler$1: loaded 2 times (x 126B)
Class org.jetbrains.kotlin.load.kotlin.FileBasedKotlinClass$4$1                       : loaded 2 times (x 76B)
Class com.google.common.collect.AbstractTable                                         : loaded 2 times (x 119B)
Class [Lcom.android.resources.ResourceType;                                           : loaded 2 times (x 68B)
Class kotlin.reflect.jvm.internal.impl.name.FqNamesUtilKt                             : loaded 2 times (x 70B)
Class com.google.common.reflect.Types                                                 : loaded 2 times (x 70B)
Class com.google.wireless.android.sdk.stats.LldbSessionStartDetails                   : loaded 2 times (x 210B)
Class org.jetbrains.kotlin.load.kotlin.FileBasedKotlinClass$4$2                       : loaded 2 times (x 105B)
Class kotlin.coroutines.ContinuationInterceptor$DefaultImpls                          : loaded 2 times (x 70B)
Class com.google.common.collect.Interners$InternerImpl                                : loaded 2 times (x 74B)
Class [Lorg.jetbrains.kotlin.config.LanguageFeature$Kind;                             : loaded 2 times (x 68B)
Class com.google.wireless.android.sdk.stats.StartupPerformanceFirstUiShownEvent       : loaded 2 times (x 196B)
Class com.google.protobuf.GeneratedMessageV3                                          : loaded 2 times (x 177B)
Class org.jetbrains.kotlin.descriptors.Substitutable                                  : loaded 2 times (x 69B)
Class com.google.common.cache.LocalCache$LoadingValueReference                        : loaded 2 times (x 95B)
Class org.jetbrains.kotlin.psi.KtStubbedPsiUtil                                       : loaded 2 times (x 70B)
Class org.jetbrains.kotlin.builtins.StandardNames$FqNames                             : loaded 2 times (x 70B)
Class org.jetbrains.kotlin.psi.stubs.elements.KtParameterElementType                  : loaded 2 times (x 103B)
Class org.apache.commons.io.output.ByteArrayOutputStream                              : loaded 2 times (x 101B)
Class kotlin.sequences.SequencesKt___SequencesKt$asIterable$$inlined$Iterable$1       : loaded 2 times (x 78B)
Class com.google.wireless.android.sdk.stats.ResizeComposePreviewEventOrBuilder        : loaded 2 times (x 69B)
Class [Lorg.jetbrains.kotlin.types.model.KotlinTypeMarker;                            : loaded 2 times (x 68B)
Class [Lorg.jetbrains.kotlin.build.report.metrics.GradleBuildTime;                    : loaded 2 times (x 68B)
Class kotlin.ResultKt                                                                 : loaded 2 times (x 70B)
Class com.google.wireless.android.sdk.stats.NavEditorEvent                            : loaded 2 times (x 214B)
Class org.jetbrains.kotlin.resolve.calls.inference.model.VariableWithConstraints      : loaded 2 times (x 69B)
Class org.jetbrains.kotlin.container.PlatformExtensionsClashResolver                  : loaded 2 times (x 72B)
Class org.jetbrains.kotlin.psi.KtConstructorCalleeExpression                          : loaded 2 times (x 508B)
Class org.jetbrains.kotlin.descriptors.DescriptorVisibilities                         : loaded 2 times (x 70B)
Class com.google.protobuf.CodedInputStream$UnsafeDirectNioDecoder                     : loaded 2 times (x 119B)
Class kotlin.jvm.internal.markers.KMutableMap                                         : loaded 2 times (x 69B)
Class org.jetbrains.kotlin.cli.common.messages.CompilerMessageSeverity$Companion      : loaded 2 times (x 70B)
Class [Lorg.jetbrains.kotlin.descriptors.Modality;                                    : loaded 2 times (x 68B)
Class org.jetbrains.kotlin.load.java.AbstractAnnotationTypeQualifierResolver          : loaded 2 times (x 76B)
Class org.jetbrains.kotlin.psi.KtConstantExpression                                   : loaded 2 times (x 505B)
Class com.google.common.collect.MapMakerInternalMap$AbstractStrongKeyEntry            : loaded 2 times (x 79B)
Class org.objectweb.asm.Context                                                       : loaded 2 times (x 71B)
Class org.jetbrains.kotlin.metadata.jvm.JvmModuleProtoBuf$Module                      : loaded 2 times (x 123B)
Class kotlin.reflect.jvm.internal.KotlinReflectionInternalError                       : loaded 2 times (x 81B)
Class com.google.wireless.android.sdk.stats.TSdkUAEventOrBuilder                      : loaded 2 times (x 69B)
Class org.jetbrains.kotlin.resolve.calls.results.TypeSpecificityComparator            : loaded 2 times (x 69B)
Class [Lorg.jetbrains.kotlin.psi.KtProperty;                                          : loaded 2 times (x 68B)
Class org.jetbrains.kotlin.diagnostics.PositioningStrategies$SAFE_ACCESS$1            : loaded 2 times (x 73B)
Class [Lcom.google.common.reflect.Types$ClassOwnership;                               : loaded 2 times (x 68B)
Class androidx.compose.runtime.saveable.lint.RememberSaveableDetectorKt               : loaded 2 times (x 70B)
Class com.google.wireless.android.sdk.stats.KotlinGradlePerformance                   : loaded 2 times (x 226B)
Class org.jetbrains.kotlin.utils.exceptions.KotlinExceptionWithAttachments            : loaded 2 times (x 69B)
Class org.jetbrains.kotlin.psi.KtDeclarationWithInitializer                           : loaded 2 times (x 69B)
Class com.android.ide.common.repository.AgpVersion$PreviewKind$Companion              : loaded 2 times (x 70B)
Class com.google.wireless.android.sdk.stats.CommitMetricsEventOrBuilder               : loaded 2 times (x 69B)
Class org.jetbrains.kotlin.container.InvalidCardinalityException                      : loaded 2 times (x 81B)
Class com.android.prefs.VariableType                                                  : loaded 2 times (x 78B)
Class com.android.utils.NullLogger                                                    : loaded 2 times (x 84B)
Class androidx.compose.ui.lint.ModifierDeclarationDetector$createUastHandler$1        : loaded 2 times (x 126B)
Class com.google.wireless.android.sdk.stats.Hypervisor                                : loaded 2 times (x 194B)
Class com.google.protobuf.GeneratedMessage$GeneratedExtension                         : loaded 2 times (x 86B)
Class jdk.internal.jimage.decompressor.ZipDecompressorFactory                         : loaded 2 times (x 73B)
Class com.google.gson.internal.bind.JsonTreeReader                                    : loaded 2 times (x 97B)
Class com.android.utils.PositionXmlParser                                             : loaded 2 times (x 70B)
Class kotlin.internal.jdk8.JDK8PlatformImplementations                                : loaded 2 times (x 75B)
Class com.android.tools.lint.model.LintModelLintOptions                               : loaded 2 times (x 69B)
Class [Lcom.google.common.cache.RemovalCause;                                         : loaded 2 times (x 68B)
Class org.jetbrains.kotlin.cli.jvm.modules.CoreJrtVirtualFile                         : loaded 2 times (x 153B)
Class com.google.wireless.android.sdk.stats.GeminiAdvertiserEventOrBuilder            : loaded 2 times (x 69B)
Class org.jetbrains.kotlin.resolve.calls.inference.components.ConstraintSystemCompletionMode: loaded 2 times (x 78B)
Class org.jetbrains.kotlin.psi.KtPureElement                                          : loaded 2 times (x 69B)
Class org.jetbrains.org.objectweb.asm.ClassTooLargeException                          : loaded 2 times (x 82B)
Class com.android.tools.analytics.JournalingUsageTracker                              : loaded 2 times (x 81B)
Class org.jetbrains.kotlin.resolve.calls.inference.components.TypeVariableDirectionCalculator$ResolveDirection: loaded 2 times (x 78B)
Class com.android.ide.common.rendering.api.AttrResourceValue                          : loaded 2 times (x 69B)
Class org.objectweb.asm.RecordComponentWriter                                         : loaded 2 times (x 77B)
Class [Lorg.jetbrains.kotlin.psi.KtExpressionImplStub;                                : loaded 2 times (x 68B)
Class kotlin.sequences.SequenceScope                                                  : loaded 2 times (x 72B)
Class org.jetbrains.kotlin.config.JVMConfigurationKeys                                : loaded 2 times (x 70B)
Class org.jetbrains.kotlin.contracts.description.EventOccurrencesRange                : loaded 2 times (x 78B)
Class org.jetbrains.kotlin.utils.DFS$AbstractNodeHandler                              : loaded 2 times (x 78B)
Class org.jetbrains.kotlin.resolve.checkers.EnumCompanionInEnumConstructorCallChecker : loaded 2 times (x 73B)
Class org.jetbrains.kotlin.serialization.deserialization.descriptors.DeserializedContainerAbiStability: loaded 2 times (x 78B)
Class com.google.common.cache.LocalCache$1                                            : loaded 2 times (x 88B)
Class androidx.compose.lint.Names$Ui$Node                                             : loaded 2 times (x 70B)
Class com.google.wireless.android.sdk.stats.EditorCompletionStats                     : loaded 2 times (x 198B)
Class com.google.protobuf.UnknownFieldSet$Parser                                      : loaded 2 times (x 149B)
Class org.jetbrains.kotlin.load.java.structure.impl.source.JavaElementSourceFactory$Companion: loaded 2 times (x 70B)
Class com.google.common.cache.LocalCache$2                                            : loaded 2 times (x 141B)
Class org.jetbrains.kotlin.load.kotlin.VirtualFileFinderFactory                       : loaded 2 times (x 69B)
Class com.google.wireless.android.sdk.stats.ProductDetails$ActiveExperimentOrBuilder  : loaded 2 times (x 69B)
Class org.jetbrains.kotlin.diagnostics.PositioningStrategies$QUESTION_MARK_BY_TYPE$1  : loaded 2 times (x 73B)
Class com.google.wireless.android.sdk.stats.DebuggerEvent                             : loaded 2 times (x 204B)
Class com.google.wireless.android.sdk.stats.AppInspectionEvent                        : loaded 2 times (x 213B)
Class org.jetbrains.kotlin.lexer.KotlinLexerException                                 : loaded 2 times (x 81B)
Class org.jetbrains.kotlin.psi.KtPostfixExpression                                    : loaded 2 times (x 501B)
Class org.jetbrains.kotlin.types.extensions.TypeAttributeTranslators                  : loaded 2 times (x 71B)
Class org.jetbrains.kotlin.diagnostics.PositioningStrategies$WHEN_CONDITION_IN_RANGE$1: loaded 2 times (x 73B)
Class com.android.io.CancellableFileIo                                                : loaded 2 times (x 70B)
Class com.google.wireless.android.sdk.stats.MachineDetailsOrBuilder                   : loaded 2 times (x 69B)
Class org.jetbrains.kotlin.metadata.jvm.deserialization.JvmMemberSignature$Field      : loaded 2 times (x 74B)
Class kotlin.jvm.internal.PropertyReference2Impl                                      : loaded 2 times (x 126B)
Class kotlinx.coroutines.JobCancellingNode                                            : loaded 2 times (x 89B)
Class com.google.wireless.android.sdk.stats.ProductDetails$Builder                    : loaded 2 times (x 322B)
Class com.google.wireless.android.sdk.stats.StudioLabsEvent                           : loaded 2 times (x 194B)
Class kotlin.collections.AbstractMap                                                  : loaded 2 times (x 121B)
Class org.jetbrains.kotlin.cli.common.CLIConfigurationKeys                            : loaded 2 times (x 70B)
Class androidx.lifecycle.runtime.compose.lint.ComposableLifecycleCurrentStateDetector$createUastHandler$1: loaded 2 times (x 126B)
Class com.google.wireless.android.sdk.stats.StudioUpdateFlowEventOrBuilder            : loaded 2 times (x 69B)
Class org.jetbrains.kotlin.descriptors.DeclarationDescriptorWithSource                : loaded 2 times (x 69B)
Class org.jetbrains.kotlin.psi.KtEnumEntry                                            : loaded 2 times (x 1104B)
Class org.gradle.internal.classloader.VisitableURLClassLoader$Spec                    : loaded 2 times (x 73B)
Class com.google.wireless.android.sdk.stats.ComposePreviewCanvasEventOrBuilder        : loaded 2 times (x 69B)
Class com.android.tools.analytics.JournalingUsageTracker$State                        : loaded 2 times (x 78B)
Class org.jetbrains.kotlin.load.java.FakePureImplementationsProvider                  : loaded 2 times (x 70B)
Class org.jetbrains.kotlin.mpp.CallableSymbolMarker                                   : loaded 2 times (x 69B)
Class org.jetbrains.kotlin.psi.KtPropertyDelegate                                     : loaded 2 times (x 377B)
Class org.jetbrains.kotlin.resolve.diagnostics.DiagnosticSuppressor$Companion         : loaded 2 times (x 71B)
Class com.google.wireless.android.sdk.stats.LayoutInspectorEvent                      : loaded 2 times (x 200B)
Class org.jetbrains.kotlin.serialization.deserialization.builtins.BuiltInSerializerProtocol: loaded 2 times (x 71B)
Class org.gradle.api.GradleException                                                  : loaded 2 times (x 81B)
Class com.google.wireless.android.sdk.stats.FileTypeOrBuilder                         : loaded 2 times (x 69B)
Class org.jetbrains.kotlin.resolve.checkers.ClassifierUsageChecker                    : loaded 2 times (x 69B)
Class org.jetbrains.kotlin.load.java.JavaDefaultQualifiers                            : loaded 2 times (x 71B)
Class org.jetbrains.kotlin.resolve.calls.checkers.NewSchemeOfIntegerOperatorResolutionChecker: loaded 2 times (x 73B)
Class org.jetbrains.kotlin.cli.common.arguments.CommonToolArguments$Companion         : loaded 2 times (x 70B)
Class org.jetbrains.kotlin.diagnostics.PositioningStrategies$WHOLE_ELEMENT$1          : loaded 2 times (x 73B)
Class com.google.wireless.android.sdk.stats.KotlinGradlePerformanceOrBuilder          : loaded 2 times (x 69B)
Class com.google.protobuf.MessageLite                                                 : loaded 2 times (x 69B)
Class org.jetbrains.kotlin.parsing.AbstractKotlinParsing$OptionalMarker               : loaded 2 times (x 74B)
Class org.jetbrains.kotlin.psi.stubs.elements.KtFunctionElementType                   : loaded 2 times (x 103B)
Class org.gradle.api.internal.classpath.ModuleRegistry                                : loaded 2 times (x 69B)
Class com.google.common.hash.HashCode$LongHashCode                                    : loaded 2 times (x 79B)
Class org.jetbrains.kotlin.cli.jvm.compiler.JvmPackagePartProviderKt                  : loaded 2 times (x 70B)
Class com.android.tools.lint.model.LintModelSerialization                             : loaded 2 times (x 75B)
Class com.google.common.collect.ForwardingObject                                      : loaded 2 times (x 71B)
Class com.google.wireless.android.sdk.stats.JavaProcessStats                          : loaded 2 times (x 206B)
Class org.jetbrains.kotlin.backend.jvm.extensions.ClassGeneratorExtension             : loaded 2 times (x 69B)
Class org.jetbrains.kotlin.diagnostics.PositioningStrategies$OBJECT_KEYWORD$1         : loaded 2 times (x 73B)
Class com.google.wireless.android.sdk.stats.SmlCompletionRequestErrorEvent            : loaded 2 times (x 198B)
Class org.jetbrains.kotlin.resolve.calls.inference.ConstraintSystemBuilderKt          : loaded 2 times (x 70B)
Class kotlin.KotlinNothingValueException                                              : loaded 2 times (x 81B)
Class com.google.wireless.android.sdk.stats.TSdkUAEvent                               : loaded 2 times (x 203B)
Class org.jetbrains.kotlin.load.java.PropertiesConventionUtilKt                       : loaded 2 times (x 70B)
Class org.jetbrains.kotlin.metadata.deserialization.VersionRequirement                : loaded 2 times (x 71B)
Class org.jetbrains.kotlin.lexer.KotlinLexer                                          : loaded 2 times (x 85B)
Class org.jetbrains.kotlin.storage.MemoizedFunctionToNotNull                          : loaded 2 times (x 69B)


---------------  S Y S T E M  ---------------

OS:
uname: Darwin 25.1.0 Darwin Kernel Version 25.1.0: Mon Oct 20 19:33:36 PDT 2025; root:xnu-12377.41.6~2/RELEASE_ARM64_T6030 arm64
OS uptime: 15 days 0:46 hours
rlimit (soft/hard): STACK 8176k/65520k , CORE 0k/infinity , NPROC 2666/4000 , NOFILE 10240/infinity , AS infinity/infinity , CPU infinity/infinity , DATA infinity/infinity , FSIZE infinity/infinity , MEMLOCK infinity/infinity , RSS infinity/infinity
load average: 2.28 1.75 1.83

CPU: total 11 (initial active 11) 0x61:0x0:0x5f4dea93:0, fp, simd, crc, lse
machdep.cpu.brand_string:Apple M3 Pro
hw.cachelinesize:128
hw.l1icachesize:131072
hw.l1dcachesize:65536
hw.l2cachesize:4194304

Memory: 16k page, physical 18874368k(112192k free), swap 10485760k(1188992k free)

vm_info: OpenJDK 64-Bit Server VM (17.0.9+8-b1166.2) for bsd-aarch64 JRE (17.0.9+8-b1166.2), built on 2024-01-13 by "builduser" with clang Apple LLVM 12.0.0 (clang-1200.0.32.27)

END.
